[    1959ms] [ERROR] %c%s%c Error generating category metadata: background: #e6e6e6;background: light-dark(rgba(0,0,0,0.1), rgba(255,255,255,0.25));color: #000000;color: light-dark(#000000, #ffffff);border-radius: 2px  Server   Error: Unknown column 'description' in 'field list'
    at Module.generateMetadata (about://React/Server/webpack-internal:///(rsc)/./src/app/category/%5Bcategory_url%5D/layout.tsx?14:11:78)
    at resolveErrorDev (webpack-internal:///(app-pages-browser)/./node_modules/next/dist/compiled/react-server-dom-webpack/cjs/react-server-dom-webpack-client.browser.development.js:2335:46)
    at getOutlinedModel (webpack-internal:///(app-pages-browser)/./node_modules/next/dist/compiled/react-server-dom-webpack/cjs/react-server-dom-webpack-client.browser.development.js:1697:22)
    at parseModelString (webpack-internal:///(app-pages-browser)/./node_modules/next/dist/compiled/react-server-dom-webpack/cjs/react-server-dom-webpack-client.browser.development.js:1898:15)
    at Object.eval (webpack-internal:///(app-pages-browser)/./node_modules/next/dist/compiled/react-server-dom-webpack/cjs/react-server-dom-webpack-client.browser.development.js:2994:18)
    at JSON.parse (<anonymous>)
    at initializeModelChunk (webpack-internal:///(app-pages-browser)/./node_modules/next/dist/compiled/react-server-dom-webpack/cjs/react-server-dom-webpack-client.browser.development.js:1244:26)
    at getOutlinedModel (webpack-internal:///(app-pages-browser)/./node_modules/next/dist/compiled/react-server-dom-webpack/cjs/react-server-dom-webpack-client.browser.development.js:1632:11)
    at parseModelString (webpack-internal:///(app-pages-browser)/./node_modules/next/dist/compiled/react-server-dom-webpack/cjs/react-server-dom-webpack-client.browser.development.js:1991:15)
    at Array.eval (webpack-internal:///(app-pages-browser)/./node_modules/next/dist/compiled/react-server-dom-webpack/cjs/react-server-dom-webpack-client.browser.development.js:2994:18)
    at JSON.parse (<anonymous>)
    at initializeModelChunk (webpack-internal:///(app-pages-browser)/./node_modules/next/dist/compiled/react-server-dom-webpack/cjs/react-server-dom-webpack-client.browser.development.js:1244:26)
    at resolveConsoleEntry (webpack-internal:///(app-pages-browser)/./node_modules/next/dist/compiled/react-server-dom-webpack/cjs/react-server-dom-webpack-client.browser.development.js:2622:13)
    at processFullStringRow (webpack-internal:///(app-pages-browser)/./node_modules/next/dist/compiled/react-server-dom-webpack/cjs/react-server-dom-webpack-client.browser.development.js:2862:11)
    at processFullBinaryRow (webpack-internal:///(app-pages-browser)/./node_modules/next/dist/compiled/react-server-dom-webpack/cjs/react-server-dom-webpack-client.browser.development.js:2764:7)
    at processBinaryChunk (webpack-internal:///(app-pages-browser)/./node_modules/next/dist/compiled/react-server-dom-webpack/cjs/react-server-dom-webpack-client.browser.development.js:2967:15)
    at progress (webpack-internal:///(app-pages-browser)/./node_modules/next/dist/compiled/react-server-dom-webpack/cjs/react-server-dom-webpack-client.browser.development.js:3231:13) @ webpack-internal:///(app-pages-browser)/./node_modules/next/dist/next-devtools/userspace/app/errors/intercept-console-error.js:56
[    2005ms] [ERROR] %c%s%c Error generating category metadata: background: #e6e6e6;background: light-dark(rgba(0,0,0,0.1), rgba(255,255,255,0.25));color: #000000;color: light-dark(#000000, #ffffff);border-radius: 2px  Server   Error: Unknown column 'description' in 'field list'
    at Module.generateMetadata (about://React/Server/webpack-internal:///(rsc)/./src/app/category/%5Bcategory_url%5D/layout.tsx?14:11:78)
    at resolveErrorDev (webpack-internal:///(app-pages-browser)/./node_modules/next/dist/compiled/react-server-dom-webpack/cjs/react-server-dom-webpack-client.browser.development.js:2335:46)
    at getOutlinedModel (webpack-internal:///(app-pages-browser)/./node_modules/next/dist/compiled/react-server-dom-webpack/cjs/react-server-dom-webpack-client.browser.development.js:1697:22)
    at parseModelString (webpack-internal:///(app-pages-browser)/./node_modules/next/dist/compiled/react-server-dom-webpack/cjs/react-server-dom-webpack-client.browser.development.js:1898:15)
    at Object.eval (webpack-internal:///(app-pages-browser)/./node_modules/next/dist/compiled/react-server-dom-webpack/cjs/react-server-dom-webpack-client.browser.development.js:2994:18)
    at JSON.parse (<anonymous>)
    at initializeModelChunk (webpack-internal:///(app-pages-browser)/./node_modules/next/dist/compiled/react-server-dom-webpack/cjs/react-server-dom-webpack-client.browser.development.js:1244:26)
    at getOutlinedModel (webpack-internal:///(app-pages-browser)/./node_modules/next/dist/compiled/react-server-dom-webpack/cjs/react-server-dom-webpack-client.browser.development.js:1632:11)
    at parseModelString (webpack-internal:///(app-pages-browser)/./node_modules/next/dist/compiled/react-server-dom-webpack/cjs/react-server-dom-webpack-client.browser.development.js:1991:15)
    at Array.eval (webpack-internal:///(app-pages-browser)/./node_modules/next/dist/compiled/react-server-dom-webpack/cjs/react-server-dom-webpack-client.browser.development.js:2994:18)
    at JSON.parse (<anonymous>)
    at initializeModelChunk (webpack-internal:///(app-pages-browser)/./node_modules/next/dist/compiled/react-server-dom-webpack/cjs/react-server-dom-webpack-client.browser.development.js:1244:26)
    at resolveConsoleEntry (webpack-internal:///(app-pages-browser)/./node_modules/next/dist/compiled/react-server-dom-webpack/cjs/react-server-dom-webpack-client.browser.development.js:2622:13)
    at processFullStringRow (webpack-internal:///(app-pages-browser)/./node_modules/next/dist/compiled/react-server-dom-webpack/cjs/react-server-dom-webpack-client.browser.development.js:2862:11)
    at processFullBinaryRow (webpack-internal:///(app-pages-browser)/./node_modules/next/dist/compiled/react-server-dom-webpack/cjs/react-server-dom-webpack-client.browser.development.js:2764:7)
    at processBinaryChunk (webpack-internal:///(app-pages-browser)/./node_modules/next/dist/compiled/react-server-dom-webpack/cjs/react-server-dom-webpack-client.browser.development.js:2967:15)
    at progress (webpack-internal:///(app-pages-browser)/./node_modules/next/dist/compiled/react-server-dom-webpack/cjs/react-server-dom-webpack-client.browser.development.js:3231:13) @ webpack-internal:///(app-pages-browser)/./node_modules/next/dist/next-devtools/userspace/app/errors/intercept-console-error.js:56
[    2016ms] [ERROR] Failed to load resource: the server responded with a status of 404 (Not Found) @ http://localhost:3060/_next/static/css/app/layout.css?v=1772937345986:0
[    2093ms] Event
[    2224ms] [ERROR] SSE connection error: Event @ webpack-internal:///(app-pages-browser)/./node_modules/next/dist/next-devtools/userspace/app/errors/intercept-console-error.js:56
[    2224ms] [ERROR] SSE connection error: Event @ webpack-internal:///(app-pages-browser)/./node_modules/next/dist/next-devtools/userspace/app/errors/intercept-console-error.js:56
[    2226ms] [ERROR] Failed to load resource: the server responded with a status of 500 (Internal Server Error) @ http://localhost:3060/product/buy-online-seed-sunflower-roasted-100g-uae-dubai:0
[    2696ms] Error: Cannot find module './4586.js'
Require stack:
- /Users/ahmed/Desktop/programing_work/Natural/.next/server/webpack-runtime.js
- /Users/ahmed/Desktop/programing_work/Natural/.next/server/app/category/[category_url]/page.js
- /Users/ahmed/Desktop/programing_work/Natural/node_modules/next/dist/server/require.js
- /Users/ahmed/Desktop/programing_work/Natural/node_modules/next/dist/server/load-components.js
- /Users/ahmed/Desktop/programing_work/Natural/node_modules/next/dist/build/utils.js
- /Users/ahmed/Desktop/programing_work/Natural/node_modules/next/dist/build/swc/options.js
- /Users/ahmed/Desktop/programing_work/Natural/node_modules/next/dist/build/swc/index.js
- /Users/ahmed/Desktop/programing_work/Natural/node_modules/next/dist/build/next-config-ts/transpile-config.js
- /Users/ahmed/Desktop/programing_work/Natural/node_modules/next/dist/server/config.js
- /Users/ahmed/Desktop/programing_work/Natural/node_modules/next/dist/server/next.js
- /Users/ahmed/Desktop/programing_work/Natural/node_modules/next/dist/server/lib/start-server.js
    at Function.<anonymous> (node:internal/modules/cjs/loader:1365:15)
    at <unknown> (file:///Users/ahmed/Desktop/programing_work/Natural/node_modules/next/dist/server/require-hook.js:57:36)
    at defaultResolveImpl (node:internal/modules/cjs/loader:1021:19)
    at resolveForCJSWithHooks (node:internal/modules/cjs/loader:1026:22)
    at Function._load (node:internal/modules/cjs/loader:1175:37)
    at TracingChannel.traceSync (node:diagnostics_channel:322:14)
    at wrapModuleLoad (node:internal/modules/cjs/loader:235:24)
    at Module.<anonymous> (node:internal/modules/cjs/loader:1445:12)
    at mod.require (file:///Users/ahmed/Desktop/programing_work/Natural/node_modules/next/dist/server/require-hook.js:68:28)
    at require (node:internal/modules/helpers:135:16)
    at __webpack_require__.f.require (file:///Users/ahmed/Desktop/programing_work/Natural/.next/server/webpack-runtime.js:195:28)
    at <unknown> (file:///Users/ahmed/Desktop/programing_work/Natural/.next/server/webpack-runtime.js:108:40)
    at Array.reduce (<anonymous>)
    at __webpack_require__.e (file:///Users/ahmed/Desktop/programing_work/Natural/.next/server/webpack-runtime.js:107:67)
    at Array.map (<anonymous>)
    at __webpack_require__.X (file:///Users/ahmed/Desktop/programing_work/Natural/.next/server/webpack-runtime.js:159:22)
    at <unknown> (file:///Users/ahmed/Desktop/programing_work/Natural/.next/server/app/product/[product_url]/page.js:2:20017)
    at Object.<anonymous> (file:///Users/ahmed/Desktop/programing_work/Natural/.next/server/app/product/[product_url]/page.js:2:20083)
    at Module._compile (node:internal/modules/cjs/loader:1688:14)
    at Object..js (node:internal/modules/cjs/loader:1820:10)
    at Module.load (node:internal/modules/cjs/loader:1423:32)
    at Function._load (node:internal/modules/cjs/loader:1246:12)
    at TracingChannel.traceSync (node:diagnostics_channel:322:14)
    at wrapModuleLoad (node:internal/modules/cjs/loader:235:24)
    at Module.<anonymous> (node:internal/modules/cjs/loader:1445:12)
    at mod.require (file:///Users/ahmed/Desktop/programing_work/Natural/node_modules/next/dist/server/require-hook.js:68:28)
    at require (node:internal/modules/helpers:135:16)
    at requirePage (file:///Users/ahmed/Desktop/programing_work/Natural/node_modules/next/dist/server/require.js:99:80)
    at loadComponentsImpl (file:///Users/ahmed/Desktop/programing_work/Natural/node_modules/next/dist/server/load-components.js:132:57)
    at async DevServer.findPageComponentsImpl (file:///Users/ahmed/Desktop/programing_work/Natural/node_modules/next/dist/server/next-server.js:899:36)
    at async DevServer.findPageComponents (file:///Users/ahmed/Desktop/programing_work/Natural/node_modules/next/dist/server/dev/next-dev-server.js:705:16)
    at async DevServer.renderPageComponent (file:///Users/ahmed/Desktop/programing_work/Natural/node_modules/next/dist/server/base-server.js:1460:24)
    at async DevServer.renderToResponseImpl (file:///Users/ahmed/Desktop/programing_work/Natural/node_modules/next/dist/server/base-server.js:1514:32)
    at async DevServer.pipeImpl (file:///Users/ahmed/Desktop/programing_work/Natural/node_modules/next/dist/server/base-server.js:1025:25)
    at async NextNodeServer.handleCatchallRenderRequest (file:///Users/ahmed/Desktop/programing_work/Natural/node_modules/next/dist/server/next-server.js:393:17)
    at async DevServer.handleRequestImpl (file:///Users/ahmed/Desktop/programing_work/Natural/node_modules/next/dist/server/base-server.js:916:17)
    at async (file:///Users/ahmed/Desktop/programing_work/Natural/node_modules/next/dist/server/dev/next-dev-server.js:399:20)
    at async Span.traceAsyncFn (file:///Users/ahmed/Desktop/programing_work/Natural/node_modules/next/dist/trace/trace.js:157:20)
    at async DevServer.handleRequest (file:///Users/ahmed/Desktop/programing_work/Natural/node_modules/next/dist/server/dev/next-dev-server.js:395:24)
    at async invokeRender (file:///Users/ahmed/Desktop/programing_work/Natural/node_modules/next/dist/server/lib/router-server.js:240:21)
    at async handleRequest (file:///Users/ahmed/Desktop/programing_work/Natural/node_modules/next/dist/server/lib/router-server.js:437:24)
    at async requestHandlerImpl (file:///Users/ahmed/Desktop/programing_work/Natural/node_modules/next/dist/server/lib/router-server.js:485:13)
    at async Server.requestListener (file:///Users/ahmed/Desktop/programing_work/Natural/node_modules/next/dist/server/lib/start-server.js:226:13)
[    2700ms] [ERROR] Failed to load resource: the server responded with a status of 404 (Not Found) @ http://localhost:3060/favicon.ico:0
[   11252ms] [ERROR] WebSocket connection to 'ws://localhost:3060/_next/webpack-hmr' failed: Error in connection establishment: net::ERR_CONNECTION_REFUSED @ webpack-internal:///(pages-dir-browser)/./node_modules/next/dist/client/dev/hot-reloader/pages/websocket.js:88
[   12254ms] [ERROR] WebSocket connection to 'ws://localhost:3060/_next/webpack-hmr' failed: Error in connection establishment: net::ERR_CONNECTION_REFUSED @ webpack-internal:///(pages-dir-browser)/./node_modules/next/dist/client/dev/hot-reloader/pages/websocket.js:88
[   13257ms] [ERROR] WebSocket connection to 'ws://localhost:3060/_next/webpack-hmr' failed: Error in connection establishment: net::ERR_CONNECTION_REFUSED @ webpack-internal:///(pages-dir-browser)/./node_modules/next/dist/client/dev/hot-reloader/pages/websocket.js:88
[   14810ms] [ERROR] Failed to load resource: the server responded with a status of 404 (Not Found) @ http://localhost:3060/_next/static/webpack/30073bb055dcfbce.webpack.hot-update.json:0
[   14811ms] [WARNING] [Fast Refresh] performing full reload because your application had an unrecoverable error @ webpack-internal:///(pages-dir-browser)/./node_modules/next/dist/client/dev/hot-reloader/pages/hot-reloader-pages.js:347
[   15786ms] [ERROR] Failed to load resource: the server responded with a status of 404 (Not Found) @ http://localhost:3060/_next/static/webpack/30073bb055dcfbce.webpack.hot-update.json:0
[   15786ms] [WARNING] [Fast Refresh] performing full reload because your application had an unrecoverable error @ webpack-internal:///(pages-dir-browser)/./node_modules/next/dist/client/dev/hot-reloader/pages/hot-reloader-pages.js:347
[   17045ms] TypeError: Cannot read properties of null (reading 'addEventListener')
    at <anonymous>:1:36
    at https://www.googletagmanager.com/gtm.js?id=GTM-WQSRD52:882:429
    at hR (https://www.googletagmanager.com/gtm.js?id=GTM-WQSRD52:884:31)
    at Od.gR (https://www.googletagmanager.com/gtm.js?id=GTM-WQSRD52:881:92)
    at Od.<anonymous> (https://www.googletagmanager.com/gtm.js?id=GTM-WQSRD52:308:187)
    at k.apply (https://www.googletagmanager.com/gtm.js?id=GTM-WQSRD52:234:466)
    at kb (https://www.googletagmanager.com/gtm.js?id=GTM-WQSRD52:197:209)
    at jb (https://www.googletagmanager.com/gtm.js?id=GTM-WQSRD52:196:527)
    at Od.<anonymous> (https://www.googletagmanager.com/gtm.js?id=GTM-WQSRD52:258:473)
    at k.apply (https://www.googletagmanager.com/gtm.js?id=GTM-WQSRD52:234:466)
    at kb (https://www.googletagmanager.com/gtm.js?id=GTM-WQSRD52:197:209)
    at k.qq (https://www.googletagmanager.com/gtm.js?id=GTM-WQSRD52:199:117)
    at yf (https://www.googletagmanager.com/gtm.js?id=GTM-WQSRD52:269:960)
    at https://www.googletagmanager.com/gtm.js?id=GTM-WQSRD52:754:315
    at xg (https://www.googletagmanager.com/gtm.js?id=GTM-WQSRD52:289:477)
    at e (https://www.googletagmanager.com/gtm.js?id=GTM-WQSRD52:693:230)
    at https://www.googletagmanager.com/gtm.js?id=GTM-WQSRD52:203:125
    at Array.<anonymous> (https://www.googletagmanager.com/gtm.js?id=GTM-WQSRD52:694:414)
    at Object.execute (https://www.googletagmanager.com/gtm.js?id=GTM-WQSRD52:694:154)
    at $A (https://www.googletagmanager.com/gtm.js?id=GTM-WQSRD52:694:874)
    at dB (https://www.googletagmanager.com/gtm.js?id=GTM-WQSRD52:699:117)
    at wC (https://www.googletagmanager.com/gtm.js?id=GTM-WQSRD52:727:327)
    at yC (https://www.googletagmanager.com/gtm.js?id=GTM-WQSRD52:729:47)
[   16986ms] [WARNING] [Meta pixel] 1138245426635278 is unavailable on this website due to it's traffic permission settings. Go to https://www.facebook.com/business/help/572690630080597 to learn more. @ https://connect.facebook.net/en_US/fbevents.js:175
[   16986ms] [WARNING] [Meta pixel] 1138245426635278 is unavailable on this website due to it's traffic permission settings. Go to https://www.facebook.com/business/help/572690630080597 to learn more. @ https://connect.facebook.net/en_US/fbevents.js:175
[   18795ms] [WARNING] [Meta pixel] 1138245426635278 is unavailable on this website due to it's traffic permission settings. Go to https://www.facebook.com/business/help/572690630080597 to learn more. @ https://connect.facebook.net/en_US/fbevents.js:175
[   19390ms] [ERROR] Attestation check for Attribution Reporting on https://www.google-analytics.com failed. @ http://localhost:3060/product/buy-online-seed-sunflower-roasted-100g-uae-dubai:0
[  492112ms] [ERROR] WebSocket connection to 'ws://localhost:3060/_next/webpack-hmr' failed:  @ webpack-internal:///(app-pages-browser)/./node_modules/next/dist/client/dev/hot-reloader/app/use-websocket.js:41
[  492114ms] [ERROR] SSE connection error: Event @ webpack-internal:///(app-pages-browser)/./node_modules/next/dist/next-devtools/userspace/app/errors/intercept-console-error.js:56
[  492115ms] [ERROR] SSE connection error: Event @ webpack-internal:///(app-pages-browser)/./node_modules/next/dist/next-devtools/userspace/app/errors/intercept-console-error.js:56
[  492176ms] [ERROR] Failed to load resource: net::ERR_CONNECTION_REFUSED @ http://localhost:3060/__nextjs_original-stack-frames:0
[  495118ms] [ERROR] SSE connection error: Event @ webpack-internal:///(app-pages-browser)/./node_modules/next/dist/next-devtools/userspace/app/errors/intercept-console-error.js:56
[  495118ms] [ERROR] Failed to load resource: net::ERR_CONNECTION_REFUSED @ http://localhost:3060/api/products/updates?clientId=mrus2y4gw:0
[  495118ms] [ERROR] SSE connection error: Event @ webpack-internal:///(app-pages-browser)/./node_modules/next/dist/next-devtools/userspace/app/errors/intercept-console-error.js:56
[  495118ms] [ERROR] Failed to load resource: net::ERR_CONNECTION_REFUSED @ http://localhost:3060/api/products/updates?clientId=1l40w8wuc:0
[  498121ms] [ERROR] SSE connection error: Event @ webpack-internal:///(app-pages-browser)/./node_modules/next/dist/next-devtools/userspace/app/errors/intercept-console-error.js:56
[  498121ms] [ERROR] Failed to load resource: net::ERR_CONNECTION_REFUSED @ http://localhost:3060/api/products/updates?clientId=mrus2y4gw:0
[  498121ms] [ERROR] SSE connection error: Event @ webpack-internal:///(app-pages-browser)/./node_modules/next/dist/next-devtools/userspace/app/errors/intercept-console-error.js:56
[  498121ms] [ERROR] Failed to load resource: net::ERR_CONNECTION_REFUSED @ http://localhost:3060/api/products/updates?clientId=1l40w8wuc:0
[  501125ms] [ERROR] SSE connection error: Event @ webpack-internal:///(app-pages-browser)/./node_modules/next/dist/next-devtools/userspace/app/errors/intercept-console-error.js:56
[  501125ms] [ERROR] Failed to load resource: net::ERR_CONNECTION_REFUSED @ http://localhost:3060/api/products/updates?clientId=mrus2y4gw:0
[  501126ms] [ERROR] SSE connection error: Event @ webpack-internal:///(app-pages-browser)/./node_modules/next/dist/next-devtools/userspace/app/errors/intercept-console-error.js:56
[  501126ms] [ERROR] Failed to load resource: net::ERR_CONNECTION_REFUSED @ http://localhost:3060/api/products/updates?clientId=1l40w8wuc:0
[  504128ms] [ERROR] SSE connection error: Event @ webpack-internal:///(app-pages-browser)/./node_modules/next/dist/next-devtools/userspace/app/errors/intercept-console-error.js:56
[  504128ms] [ERROR] Failed to load resource: net::ERR_CONNECTION_REFUSED @ http://localhost:3060/api/products/updates?clientId=mrus2y4gw:0
[  504128ms] [ERROR] SSE connection error: Event @ webpack-internal:///(app-pages-browser)/./node_modules/next/dist/next-devtools/userspace/app/errors/intercept-console-error.js:56
[  504128ms] [ERROR] Failed to load resource: net::ERR_CONNECTION_REFUSED @ http://localhost:3060/api/products/updates?clientId=1l40w8wuc:0
[  507132ms] [ERROR] SSE connection error: Event @ webpack-internal:///(app-pages-browser)/./node_modules/next/dist/next-devtools/userspace/app/errors/intercept-console-error.js:56
[  507132ms] [ERROR] Failed to load resource: net::ERR_CONNECTION_REFUSED @ http://localhost:3060/api/products/updates?clientId=mrus2y4gw:0
[  507132ms] [ERROR] SSE connection error: Event @ webpack-internal:///(app-pages-browser)/./node_modules/next/dist/next-devtools/userspace/app/errors/intercept-console-error.js:56
[  507133ms] [ERROR] Failed to load resource: net::ERR_CONNECTION_REFUSED @ http://localhost:3060/api/products/updates?clientId=1l40w8wuc:0
[  510135ms] [ERROR] SSE connection error: Event @ webpack-internal:///(app-pages-browser)/./node_modules/next/dist/next-devtools/userspace/app/errors/intercept-console-error.js:56
[  510135ms] [ERROR] Failed to load resource: net::ERR_CONNECTION_REFUSED @ http://localhost:3060/api/products/updates?clientId=mrus2y4gw:0
[  510135ms] [ERROR] SSE connection error: Event @ webpack-internal:///(app-pages-browser)/./node_modules/next/dist/next-devtools/userspace/app/errors/intercept-console-error.js:56
[  510135ms] [ERROR] Failed to load resource: net::ERR_CONNECTION_REFUSED @ http://localhost:3060/api/products/updates?clientId=1l40w8wuc:0
[  513139ms] [ERROR] SSE connection error: Event @ webpack-internal:///(app-pages-browser)/./node_modules/next/dist/next-devtools/userspace/app/errors/intercept-console-error.js:56
[  513139ms] [ERROR] Failed to load resource: net::ERR_CONNECTION_REFUSED @ http://localhost:3060/api/products/updates?clientId=mrus2y4gw:0
[  513140ms] [ERROR] SSE connection error: Event @ webpack-internal:///(app-pages-browser)/./node_modules/next/dist/next-devtools/userspace/app/errors/intercept-console-error.js:56
[  513140ms] [ERROR] Failed to load resource: net::ERR_CONNECTION_REFUSED @ http://localhost:3060/api/products/updates?clientId=1l40w8wuc:0
[  516141ms] [ERROR] SSE connection error: Event @ webpack-internal:///(app-pages-browser)/./node_modules/next/dist/next-devtools/userspace/app/errors/intercept-console-error.js:56
[  516141ms] [ERROR] Failed to load resource: net::ERR_CONNECTION_REFUSED @ http://localhost:3060/api/products/updates?clientId=mrus2y4gw:0
[  516142ms] [ERROR] SSE connection error: Event @ webpack-internal:///(app-pages-browser)/./node_modules/next/dist/next-devtools/userspace/app/errors/intercept-console-error.js:56
[  516142ms] [ERROR] Failed to load resource: net::ERR_CONNECTION_REFUSED @ http://localhost:3060/api/products/updates?clientId=1l40w8wuc:0
[  519143ms] [ERROR] SSE connection error: Event @ webpack-internal:///(app-pages-browser)/./node_modules/next/dist/next-devtools/userspace/app/errors/intercept-console-error.js:56
[  519144ms] [ERROR] Failed to load resource: net::ERR_CONNECTION_REFUSED @ http://localhost:3060/api/products/updates?clientId=mrus2y4gw:0
[  519144ms] [ERROR] SSE connection error: Event @ webpack-internal:///(app-pages-browser)/./node_modules/next/dist/next-devtools/userspace/app/errors/intercept-console-error.js:56
[  519144ms] [ERROR] Failed to load resource: net::ERR_CONNECTION_REFUSED @ http://localhost:3060/api/products/updates?clientId=1l40w8wuc:0
[  522147ms] [ERROR] SSE connection error: Event @ webpack-internal:///(app-pages-browser)/./node_modules/next/dist/next-devtools/userspace/app/errors/intercept-console-error.js:56
[  522148ms] [ERROR] Failed to load resource: net::ERR_CONNECTION_REFUSED @ http://localhost:3060/api/products/updates?clientId=mrus2y4gw:0
[  522148ms] [ERROR] SSE connection error: Event @ webpack-internal:///(app-pages-browser)/./node_modules/next/dist/next-devtools/userspace/app/errors/intercept-console-error.js:56
[  522148ms] [ERROR] Failed to load resource: net::ERR_CONNECTION_REFUSED @ http://localhost:3060/api/products/updates?clientId=1l40w8wuc:0
[  525151ms] [ERROR] SSE connection error: Event @ webpack-internal:///(app-pages-browser)/./node_modules/next/dist/next-devtools/userspace/app/errors/intercept-console-error.js:56
[  525151ms] [ERROR] Failed to load resource: net::ERR_CONNECTION_REFUSED @ http://localhost:3060/api/products/updates?clientId=mrus2y4gw:0
[  525151ms] [ERROR] SSE connection error: Event @ webpack-internal:///(app-pages-browser)/./node_modules/next/dist/next-devtools/userspace/app/errors/intercept-console-error.js:56
[  525151ms] [ERROR] Failed to load resource: net::ERR_CONNECTION_REFUSED @ http://localhost:3060/api/products/updates?clientId=1l40w8wuc:0
[  528153ms] [ERROR] SSE connection error: Event @ webpack-internal:///(app-pages-browser)/./node_modules/next/dist/next-devtools/userspace/app/errors/intercept-console-error.js:56
[  528153ms] [ERROR] Failed to load resource: net::ERR_CONNECTION_REFUSED @ http://localhost:3060/api/products/updates?clientId=mrus2y4gw:0
[  528153ms] [ERROR] SSE connection error: Event @ webpack-internal:///(app-pages-browser)/./node_modules/next/dist/next-devtools/userspace/app/errors/intercept-console-error.js:56
[  528153ms] [ERROR] Failed to load resource: net::ERR_CONNECTION_REFUSED @ http://localhost:3060/api/products/updates?clientId=1l40w8wuc:0
[  531155ms] [ERROR] SSE connection error: Event @ webpack-internal:///(app-pages-browser)/./node_modules/next/dist/next-devtools/userspace/app/errors/intercept-console-error.js:56
[  531155ms] [ERROR] Failed to load resource: net::ERR_CONNECTION_REFUSED @ http://localhost:3060/api/products/updates?clientId=mrus2y4gw:0
[  531155ms] [ERROR] SSE connection error: Event @ webpack-internal:///(app-pages-browser)/./node_modules/next/dist/next-devtools/userspace/app/errors/intercept-console-error.js:56
[  531156ms] [ERROR] Failed to load resource: net::ERR_CONNECTION_REFUSED @ http://localhost:3060/api/products/updates?clientId=1l40w8wuc:0
[  534158ms] [ERROR] SSE connection error: Event @ webpack-internal:///(app-pages-browser)/./node_modules/next/dist/next-devtools/userspace/app/errors/intercept-console-error.js:56
[  534159ms] [ERROR] Failed to load resource: net::ERR_CONNECTION_REFUSED @ http://localhost:3060/api/products/updates?clientId=mrus2y4gw:0
[  534159ms] [ERROR] SSE connection error: Event @ webpack-internal:///(app-pages-browser)/./node_modules/next/dist/next-devtools/userspace/app/errors/intercept-console-error.js:56
[  534159ms] [ERROR] Failed to load resource: net::ERR_CONNECTION_REFUSED @ http://localhost:3060/api/products/updates?clientId=1l40w8wuc:0
[  537163ms] [ERROR] SSE connection error: Event @ webpack-internal:///(app-pages-browser)/./node_modules/next/dist/next-devtools/userspace/app/errors/intercept-console-error.js:56
[  537164ms] [ERROR] Failed to load resource: net::ERR_CONNECTION_REFUSED @ http://localhost:3060/api/products/updates?clientId=mrus2y4gw:0
[  537164ms] [ERROR] SSE connection error: Event @ webpack-internal:///(app-pages-browser)/./node_modules/next/dist/next-devtools/userspace/app/errors/intercept-console-error.js:56
[  537165ms] [ERROR] Failed to load resource: net::ERR_CONNECTION_REFUSED @ http://localhost:3060/api/products/updates?clientId=1l40w8wuc:0
[  540166ms] [ERROR] SSE connection error: Event @ webpack-internal:///(app-pages-browser)/./node_modules/next/dist/next-devtools/userspace/app/errors/intercept-console-error.js:56
[  540166ms] [ERROR] Failed to load resource: net::ERR_CONNECTION_REFUSED @ http://localhost:3060/api/products/updates?clientId=mrus2y4gw:0
[  540166ms] [ERROR] SSE connection error: Event @ webpack-internal:///(app-pages-browser)/./node_modules/next/dist/next-devtools/userspace/app/errors/intercept-console-error.js:56
[  540167ms] [ERROR] Failed to load resource: net::ERR_CONNECTION_REFUSED @ http://localhost:3060/api/products/updates?clientId=1l40w8wuc:0
[  543169ms] [ERROR] SSE connection error: Event @ webpack-internal:///(app-pages-browser)/./node_modules/next/dist/next-devtools/userspace/app/errors/intercept-console-error.js:56
[  543170ms] [ERROR] Failed to load resource: net::ERR_CONNECTION_REFUSED @ http://localhost:3060/api/products/updates?clientId=mrus2y4gw:0
[  543170ms] [ERROR] SSE connection error: Event @ webpack-internal:///(app-pages-browser)/./node_modules/next/dist/next-devtools/userspace/app/errors/intercept-console-error.js:56
[  543170ms] [ERROR] Failed to load resource: net::ERR_CONNECTION_REFUSED @ http://localhost:3060/api/products/updates?clientId=1l40w8wuc:0
[  546175ms] [ERROR] SSE connection error: Event @ webpack-internal:///(app-pages-browser)/./node_modules/next/dist/next-devtools/userspace/app/errors/intercept-console-error.js:56
[  546175ms] [ERROR] Failed to load resource: net::ERR_CONNECTION_REFUSED @ http://localhost:3060/api/products/updates?clientId=mrus2y4gw:0
[  546175ms] [ERROR] SSE connection error: Event @ webpack-internal:///(app-pages-browser)/./node_modules/next/dist/next-devtools/userspace/app/errors/intercept-console-error.js:56
[  546175ms] [ERROR] Failed to load resource: net::ERR_CONNECTION_REFUSED @ http://localhost:3060/api/products/updates?clientId=1l40w8wuc:0
[  549180ms] [ERROR] SSE connection error: Event @ webpack-internal:///(app-pages-browser)/./node_modules/next/dist/next-devtools/userspace/app/errors/intercept-console-error.js:56
[  549181ms] [ERROR] Failed to load resource: net::ERR_CONNECTION_REFUSED @ http://localhost:3060/api/products/updates?clientId=mrus2y4gw:0
[  549181ms] [ERROR] SSE connection error: Event @ webpack-internal:///(app-pages-browser)/./node_modules/next/dist/next-devtools/userspace/app/errors/intercept-console-error.js:56
[  549181ms] [ERROR] Failed to load resource: net::ERR_CONNECTION_REFUSED @ http://localhost:3060/api/products/updates?clientId=1l40w8wuc:0
[  552183ms] [ERROR] SSE connection error: Event @ webpack-internal:///(app-pages-browser)/./node_modules/next/dist/next-devtools/userspace/app/errors/intercept-console-error.js:56
[  552183ms] [ERROR] Failed to load resource: net::ERR_CONNECTION_REFUSED @ http://localhost:3060/api/products/updates?clientId=mrus2y4gw:0
[  552183ms] [ERROR] SSE connection error: Event @ webpack-internal:///(app-pages-browser)/./node_modules/next/dist/next-devtools/userspace/app/errors/intercept-console-error.js:56
[  552183ms] [ERROR] Failed to load resource: net::ERR_CONNECTION_REFUSED @ http://localhost:3060/api/products/updates?clientId=1l40w8wuc:0
[  555187ms] [ERROR] SSE connection error: Event @ webpack-internal:///(app-pages-browser)/./node_modules/next/dist/next-devtools/userspace/app/errors/intercept-console-error.js:56
[  555187ms] [ERROR] Failed to load resource: net::ERR_CONNECTION_REFUSED @ http://localhost:3060/api/products/updates?clientId=mrus2y4gw:0
[  555188ms] [ERROR] SSE connection error: Event @ webpack-internal:///(app-pages-browser)/./node_modules/next/dist/next-devtools/userspace/app/errors/intercept-console-error.js:56
[  555188ms] [ERROR] Failed to load resource: net::ERR_CONNECTION_REFUSED @ http://localhost:3060/api/products/updates?clientId=1l40w8wuc:0
[  558189ms] [ERROR] SSE connection error: Event @ webpack-internal:///(app-pages-browser)/./node_modules/next/dist/next-devtools/userspace/app/errors/intercept-console-error.js:56
[  558190ms] [ERROR] Failed to load resource: net::ERR_CONNECTION_REFUSED @ http://localhost:3060/api/products/updates?clientId=mrus2y4gw:0
[  558190ms] [ERROR] SSE connection error: Event @ webpack-internal:///(app-pages-browser)/./node_modules/next/dist/next-devtools/userspace/app/errors/intercept-console-error.js:56
[  558191ms] [ERROR] Failed to load resource: net::ERR_CONNECTION_REFUSED @ http://localhost:3060/api/products/updates?clientId=1l40w8wuc:0
[  561194ms] [ERROR] SSE connection error: Event @ webpack-internal:///(app-pages-browser)/./node_modules/next/dist/next-devtools/userspace/app/errors/intercept-console-error.js:56
[  561194ms] [ERROR] Failed to load resource: net::ERR_CONNECTION_REFUSED @ http://localhost:3060/api/products/updates?clientId=mrus2y4gw:0
[  561194ms] [ERROR] SSE connection error: Event @ webpack-internal:///(app-pages-browser)/./node_modules/next/dist/next-devtools/userspace/app/errors/intercept-console-error.js:56
[  561194ms] [ERROR] Failed to load resource: net::ERR_CONNECTION_REFUSED @ http://localhost:3060/api/products/updates?clientId=1l40w8wuc:0
[  564200ms] [ERROR] SSE connection error: Event @ webpack-internal:///(app-pages-browser)/./node_modules/next/dist/next-devtools/userspace/app/errors/intercept-console-error.js:56
[  564203ms] [ERROR] Failed to load resource: net::ERR_CONNECTION_REFUSED @ http://localhost:3060/api/products/updates?clientId=mrus2y4gw:0
[  564204ms] [ERROR] SSE connection error: Event @ webpack-internal:///(app-pages-browser)/./node_modules/next/dist/next-devtools/userspace/app/errors/intercept-console-error.js:56
[  564204ms] [ERROR] Failed to load resource: net::ERR_CONNECTION_REFUSED @ http://localhost:3060/api/products/updates?clientId=1l40w8wuc:0
[  567207ms] [ERROR] SSE connection error: Event @ webpack-internal:///(app-pages-browser)/./node_modules/next/dist/next-devtools/userspace/app/errors/intercept-console-error.js:56
[  567207ms] [ERROR] Failed to load resource: net::ERR_CONNECTION_REFUSED @ http://localhost:3060/api/products/updates?clientId=mrus2y4gw:0
[  567207ms] [ERROR] SSE connection error: Event @ webpack-internal:///(app-pages-browser)/./node_modules/next/dist/next-devtools/userspace/app/errors/intercept-console-error.js:56
[  567208ms] [ERROR] Failed to load resource: net::ERR_CONNECTION_REFUSED @ http://localhost:3060/api/products/updates?clientId=1l40w8wuc:0
[  570210ms] [ERROR] SSE connection error: Event @ webpack-internal:///(app-pages-browser)/./node_modules/next/dist/next-devtools/userspace/app/errors/intercept-console-error.js:56
[  570210ms] [ERROR] Failed to load resource: net::ERR_CONNECTION_REFUSED @ http://localhost:3060/api/products/updates?clientId=mrus2y4gw:0
[  570210ms] [ERROR] SSE connection error: Event @ webpack-internal:///(app-pages-browser)/./node_modules/next/dist/next-devtools/userspace/app/errors/intercept-console-error.js:56
[  570210ms] [ERROR] Failed to load resource: net::ERR_CONNECTION_REFUSED @ http://localhost:3060/api/products/updates?clientId=1l40w8wuc:0
[  573215ms] [ERROR] SSE connection error: Event @ webpack-internal:///(app-pages-browser)/./node_modules/next/dist/next-devtools/userspace/app/errors/intercept-console-error.js:56
[  573215ms] [ERROR] Failed to load resource: net::ERR_CONNECTION_REFUSED @ http://localhost:3060/api/products/updates?clientId=mrus2y4gw:0
[  573215ms] [ERROR] SSE connection error: Event @ webpack-internal:///(app-pages-browser)/./node_modules/next/dist/next-devtools/userspace/app/errors/intercept-console-error.js:56
[  573216ms] [ERROR] Failed to load resource: net::ERR_CONNECTION_REFUSED @ http://localhost:3060/api/products/updates?clientId=1l40w8wuc:0
[  576219ms] [ERROR] SSE connection error: Event @ webpack-internal:///(app-pages-browser)/./node_modules/next/dist/next-devtools/userspace/app/errors/intercept-console-error.js:56
[  576219ms] [ERROR] Failed to load resource: net::ERR_CONNECTION_REFUSED @ http://localhost:3060/api/products/updates?clientId=mrus2y4gw:0
[  576219ms] [ERROR] SSE connection error: Event @ webpack-internal:///(app-pages-browser)/./node_modules/next/dist/next-devtools/userspace/app/errors/intercept-console-error.js:56
[  576219ms] [ERROR] Failed to load resource: net::ERR_CONNECTION_REFUSED @ http://localhost:3060/api/products/updates?clientId=1l40w8wuc:0
[  579223ms] [ERROR] SSE connection error: Event @ webpack-internal:///(app-pages-browser)/./node_modules/next/dist/next-devtools/userspace/app/errors/intercept-console-error.js:56
[  579223ms] [ERROR] Failed to load resource: net::ERR_CONNECTION_REFUSED @ http://localhost:3060/api/products/updates?clientId=mrus2y4gw:0
[  579223ms] [ERROR] SSE connection error: Event @ webpack-internal:///(app-pages-browser)/./node_modules/next/dist/next-devtools/userspace/app/errors/intercept-console-error.js:56
[  579223ms] [ERROR] Failed to load resource: net::ERR_CONNECTION_REFUSED @ http://localhost:3060/api/products/updates?clientId=1l40w8wuc:0
[  582226ms] [ERROR] SSE connection error: Event @ webpack-internal:///(app-pages-browser)/./node_modules/next/dist/next-devtools/userspace/app/errors/intercept-console-error.js:56
[  582226ms] [ERROR] Failed to load resource: net::ERR_CONNECTION_REFUSED @ http://localhost:3060/api/products/updates?clientId=mrus2y4gw:0
[  582226ms] [ERROR] SSE connection error: Event @ webpack-internal:///(app-pages-browser)/./node_modules/next/dist/next-devtools/userspace/app/errors/intercept-console-error.js:56
[  582226ms] [ERROR] Failed to load resource: net::ERR_CONNECTION_REFUSED @ http://localhost:3060/api/products/updates?clientId=1l40w8wuc:0
[  585230ms] [ERROR] SSE connection error: Event @ webpack-internal:///(app-pages-browser)/./node_modules/next/dist/next-devtools/userspace/app/errors/intercept-console-error.js:56
[  585230ms] [ERROR] Failed to load resource: net::ERR_CONNECTION_REFUSED @ http://localhost:3060/api/products/updates?clientId=mrus2y4gw:0
[  585230ms] [ERROR] SSE connection error: Event @ webpack-internal:///(app-pages-browser)/./node_modules/next/dist/next-devtools/userspace/app/errors/intercept-console-error.js:56
[  585230ms] [ERROR] Failed to load resource: net::ERR_CONNECTION_REFUSED @ http://localhost:3060/api/products/updates?clientId=1l40w8wuc:0
[  588233ms] [ERROR] SSE connection error: Event @ webpack-internal:///(app-pages-browser)/./node_modules/next/dist/next-devtools/userspace/app/errors/intercept-console-error.js:56
[  588233ms] [ERROR] Failed to load resource: net::ERR_CONNECTION_REFUSED @ http://localhost:3060/api/products/updates?clientId=mrus2y4gw:0
[  588234ms] [ERROR] SSE connection error: Event @ webpack-internal:///(app-pages-browser)/./node_modules/next/dist/next-devtools/userspace/app/errors/intercept-console-error.js:56
[  588234ms] [ERROR] Failed to load resource: net::ERR_CONNECTION_REFUSED @ http://localhost:3060/api/products/updates?clientId=1l40w8wuc:0
[  591238ms] [ERROR] SSE connection error: Event @ webpack-internal:///(app-pages-browser)/./node_modules/next/dist/next-devtools/userspace/app/errors/intercept-console-error.js:56
[  591239ms] [ERROR] Failed to load resource: net::ERR_CONNECTION_REFUSED @ http://localhost:3060/api/products/updates?clientId=mrus2y4gw:0
[  591240ms] [ERROR] SSE connection error: Event @ webpack-internal:///(app-pages-browser)/./node_modules/next/dist/next-devtools/userspace/app/errors/intercept-console-error.js:56
[  591240ms] [ERROR] Failed to load resource: net::ERR_CONNECTION_REFUSED @ http://localhost:3060/api/products/updates?clientId=1l40w8wuc:0
[  594242ms] [ERROR] SSE connection error: Event @ webpack-internal:///(app-pages-browser)/./node_modules/next/dist/next-devtools/userspace/app/errors/intercept-console-error.js:56
[  594242ms] [ERROR] Failed to load resource: net::ERR_CONNECTION_REFUSED @ http://localhost:3060/api/products/updates?clientId=mrus2y4gw:0
[  594242ms] [ERROR] SSE connection error: Event @ webpack-internal:///(app-pages-browser)/./node_modules/next/dist/next-devtools/userspace/app/errors/intercept-console-error.js:56
[  594242ms] [ERROR] Failed to load resource: net::ERR_CONNECTION_REFUSED @ http://localhost:3060/api/products/updates?clientId=1l40w8wuc:0
[  597246ms] [ERROR] SSE connection error: Event @ webpack-internal:///(app-pages-browser)/./node_modules/next/dist/next-devtools/userspace/app/errors/intercept-console-error.js:56
[  597247ms] [ERROR] Failed to load resource: net::ERR_CONNECTION_REFUSED @ http://localhost:3060/api/products/updates?clientId=mrus2y4gw:0
[  597247ms] [ERROR] SSE connection error: Event @ webpack-internal:///(app-pages-browser)/./node_modules/next/dist/next-devtools/userspace/app/errors/intercept-console-error.js:56
[  597247ms] [ERROR] Failed to load resource: net::ERR_CONNECTION_REFUSED @ http://localhost:3060/api/products/updates?clientId=1l40w8wuc:0
[  600249ms] [ERROR] SSE connection error: Event @ webpack-internal:///(app-pages-browser)/./node_modules/next/dist/next-devtools/userspace/app/errors/intercept-console-error.js:56
[  600249ms] [ERROR] Failed to load resource: net::ERR_CONNECTION_REFUSED @ http://localhost:3060/api/products/updates?clientId=mrus2y4gw:0
[  600249ms] [ERROR] SSE connection error: Event @ webpack-internal:///(app-pages-browser)/./node_modules/next/dist/next-devtools/userspace/app/errors/intercept-console-error.js:56
[  600249ms] [ERROR] Failed to load resource: net::ERR_CONNECTION_REFUSED @ http://localhost:3060/api/products/updates?clientId=1l40w8wuc:0
[  603253ms] [ERROR] SSE connection error: Event @ webpack-internal:///(app-pages-browser)/./node_modules/next/dist/next-devtools/userspace/app/errors/intercept-console-error.js:56
[  603253ms] [ERROR] Failed to load resource: net::ERR_CONNECTION_REFUSED @ http://localhost:3060/api/products/updates?clientId=mrus2y4gw:0
[  603253ms] [ERROR] SSE connection error: Event @ webpack-internal:///(app-pages-browser)/./node_modules/next/dist/next-devtools/userspace/app/errors/intercept-console-error.js:56
[  603253ms] [ERROR] Failed to load resource: net::ERR_CONNECTION_REFUSED @ http://localhost:3060/api/products/updates?clientId=1l40w8wuc:0
[  606256ms] [ERROR] SSE connection error: Event @ webpack-internal:///(app-pages-browser)/./node_modules/next/dist/next-devtools/userspace/app/errors/intercept-console-error.js:56
[  606256ms] [ERROR] Failed to load resource: net::ERR_CONNECTION_REFUSED @ http://localhost:3060/api/products/updates?clientId=mrus2y4gw:0
[  606256ms] [ERROR] SSE connection error: Event @ webpack-internal:///(app-pages-browser)/./node_modules/next/dist/next-devtools/userspace/app/errors/intercept-console-error.js:56
[  606256ms] [ERROR] Failed to load resource: net::ERR_CONNECTION_REFUSED @ http://localhost:3060/api/products/updates?clientId=1l40w8wuc:0
[  609258ms] [ERROR] SSE connection error: Event @ webpack-internal:///(app-pages-browser)/./node_modules/next/dist/next-devtools/userspace/app/errors/intercept-console-error.js:56
[  609258ms] [ERROR] Failed to load resource: net::ERR_CONNECTION_REFUSED @ http://localhost:3060/api/products/updates?clientId=mrus2y4gw:0
[  609259ms] [ERROR] SSE connection error: Event @ webpack-internal:///(app-pages-browser)/./node_modules/next/dist/next-devtools/userspace/app/errors/intercept-console-error.js:56
[  609259ms] [ERROR] Failed to load resource: net::ERR_CONNECTION_REFUSED @ http://localhost:3060/api/products/updates?clientId=1l40w8wuc:0
[  612262ms] [ERROR] SSE connection error: Event @ webpack-internal:///(app-pages-browser)/./node_modules/next/dist/next-devtools/userspace/app/errors/intercept-console-error.js:56
[  612263ms] [ERROR] Failed to load resource: net::ERR_CONNECTION_REFUSED @ http://localhost:3060/api/products/updates?clientId=mrus2y4gw:0
[  612263ms] [ERROR] SSE connection error: Event @ webpack-internal:///(app-pages-browser)/./node_modules/next/dist/next-devtools/userspace/app/errors/intercept-console-error.js:56
[  612263ms] [ERROR] Failed to load resource: net::ERR_CONNECTION_REFUSED @ http://localhost:3060/api/products/updates?clientId=1l40w8wuc:0
[  615266ms] [ERROR] SSE connection error: Event @ webpack-internal:///(app-pages-browser)/./node_modules/next/dist/next-devtools/userspace/app/errors/intercept-console-error.js:56
[  615266ms] [ERROR] Failed to load resource: net::ERR_CONNECTION_REFUSED @ http://localhost:3060/api/products/updates?clientId=mrus2y4gw:0
[  615266ms] [ERROR] SSE connection error: Event @ webpack-internal:///(app-pages-browser)/./node_modules/next/dist/next-devtools/userspace/app/errors/intercept-console-error.js:56
[  615266ms] [ERROR] Failed to load resource: net::ERR_CONNECTION_REFUSED @ http://localhost:3060/api/products/updates?clientId=1l40w8wuc:0
[  618269ms] [ERROR] SSE connection error: Event @ webpack-internal:///(app-pages-browser)/./node_modules/next/dist/next-devtools/userspace/app/errors/intercept-console-error.js:56
[  618270ms] [ERROR] Failed to load resource: net::ERR_CONNECTION_REFUSED @ http://localhost:3060/api/products/updates?clientId=mrus2y4gw:0
[  618270ms] [ERROR] SSE connection error: Event @ webpack-internal:///(app-pages-browser)/./node_modules/next/dist/next-devtools/userspace/app/errors/intercept-console-error.js:56
[  618270ms] [ERROR] Failed to load resource: net::ERR_CONNECTION_REFUSED @ http://localhost:3060/api/products/updates?clientId=1l40w8wuc:0
[  621272ms] [ERROR] SSE connection error: Event @ webpack-internal:///(app-pages-browser)/./node_modules/next/dist/next-devtools/userspace/app/errors/intercept-console-error.js:56
[  621272ms] [ERROR] Failed to load resource: net::ERR_CONNECTION_REFUSED @ http://localhost:3060/api/products/updates?clientId=mrus2y4gw:0
[  621272ms] [ERROR] SSE connection error: Event @ webpack-internal:///(app-pages-browser)/./node_modules/next/dist/next-devtools/userspace/app/errors/intercept-console-error.js:56
[  621272ms] [ERROR] Failed to load resource: net::ERR_CONNECTION_REFUSED @ http://localhost:3060/api/products/updates?clientId=1l40w8wuc:0
[  624276ms] [ERROR] SSE connection error: Event @ webpack-internal:///(app-pages-browser)/./node_modules/next/dist/next-devtools/userspace/app/errors/intercept-console-error.js:56
[  624277ms] [ERROR] Failed to load resource: net::ERR_CONNECTION_REFUSED @ http://localhost:3060/api/products/updates?clientId=mrus2y4gw:0
[  624277ms] [ERROR] SSE connection error: Event @ webpack-internal:///(app-pages-browser)/./node_modules/next/dist/next-devtools/userspace/app/errors/intercept-console-error.js:56
[  624277ms] [ERROR] Failed to load resource: net::ERR_CONNECTION_REFUSED @ http://localhost:3060/api/products/updates?clientId=1l40w8wuc:0
[  627281ms] [ERROR] SSE connection error: Event @ webpack-internal:///(app-pages-browser)/./node_modules/next/dist/next-devtools/userspace/app/errors/intercept-console-error.js:56
[  627282ms] [ERROR] Failed to load resource: net::ERR_CONNECTION_REFUSED @ http://localhost:3060/api/products/updates?clientId=mrus2y4gw:0
[  627282ms] [ERROR] SSE connection error: Event @ webpack-internal:///(app-pages-browser)/./node_modules/next/dist/next-devtools/userspace/app/errors/intercept-console-error.js:56
[  627282ms] [ERROR] Failed to load resource: net::ERR_CONNECTION_REFUSED @ http://localhost:3060/api/products/updates?clientId=1l40w8wuc:0
[  630283ms] [ERROR] SSE connection error: Event @ webpack-internal:///(app-pages-browser)/./node_modules/next/dist/next-devtools/userspace/app/errors/intercept-console-error.js:56
[  630283ms] [ERROR] Failed to load resource: net::ERR_CONNECTION_REFUSED @ http://localhost:3060/api/products/updates?clientId=mrus2y4gw:0
[  630284ms] [ERROR] SSE connection error: Event @ webpack-internal:///(app-pages-browser)/./node_modules/next/dist/next-devtools/userspace/app/errors/intercept-console-error.js:56
[  630284ms] [ERROR] Failed to load resource: net::ERR_CONNECTION_REFUSED @ http://localhost:3060/api/products/updates?clientId=1l40w8wuc:0
[  633286ms] [ERROR] SSE connection error: Event @ webpack-internal:///(app-pages-browser)/./node_modules/next/dist/next-devtools/userspace/app/errors/intercept-console-error.js:56
[  633287ms] [ERROR] Failed to load resource: net::ERR_CONNECTION_REFUSED @ http://localhost:3060/api/products/updates?clientId=mrus2y4gw:0
[  633287ms] [ERROR] SSE connection error: Event @ webpack-internal:///(app-pages-browser)/./node_modules/next/dist/next-devtools/userspace/app/errors/intercept-console-error.js:56
[  633288ms] [ERROR] Failed to load resource: net::ERR_CONNECTION_REFUSED @ http://localhost:3060/api/products/updates?clientId=1l40w8wuc:0
[  636290ms] [ERROR] SSE connection error: Event @ webpack-internal:///(app-pages-browser)/./node_modules/next/dist/next-devtools/userspace/app/errors/intercept-console-error.js:56
[  636291ms] [ERROR] Failed to load resource: net::ERR_CONNECTION_REFUSED @ http://localhost:3060/api/products/updates?clientId=mrus2y4gw:0
[  636291ms] [ERROR] SSE connection error: Event @ webpack-internal:///(app-pages-browser)/./node_modules/next/dist/next-devtools/userspace/app/errors/intercept-console-error.js:56
[  636291ms] [ERROR] Failed to load resource: net::ERR_CONNECTION_REFUSED @ http://localhost:3060/api/products/updates?clientId=1l40w8wuc:0
[  639293ms] [ERROR] SSE connection error: Event @ webpack-internal:///(app-pages-browser)/./node_modules/next/dist/next-devtools/userspace/app/errors/intercept-console-error.js:56
[  639294ms] [ERROR] Failed to load resource: net::ERR_CONNECTION_REFUSED @ http://localhost:3060/api/products/updates?clientId=mrus2y4gw:0
[  639294ms] [ERROR] SSE connection error: Event @ webpack-internal:///(app-pages-browser)/./node_modules/next/dist/next-devtools/userspace/app/errors/intercept-console-error.js:56
[  639294ms] [ERROR] Failed to load resource: net::ERR_CONNECTION_REFUSED @ http://localhost:3060/api/products/updates?clientId=1l40w8wuc:0
[  642297ms] [ERROR] SSE connection error: Event @ webpack-internal:///(app-pages-browser)/./node_modules/next/dist/next-devtools/userspace/app/errors/intercept-console-error.js:56
[  642297ms] [ERROR] Failed to load resource: net::ERR_CONNECTION_REFUSED @ http://localhost:3060/api/products/updates?clientId=mrus2y4gw:0
[  642298ms] [ERROR] SSE connection error: Event @ webpack-internal:///(app-pages-browser)/./node_modules/next/dist/next-devtools/userspace/app/errors/intercept-console-error.js:56
[  642298ms] [ERROR] Failed to load resource: net::ERR_CONNECTION_REFUSED @ http://localhost:3060/api/products/updates?clientId=1l40w8wuc:0
[  645301ms] [ERROR] SSE connection error: Event @ webpack-internal:///(app-pages-browser)/./node_modules/next/dist/next-devtools/userspace/app/errors/intercept-console-error.js:56
[  645301ms] [ERROR] Failed to load resource: net::ERR_CONNECTION_REFUSED @ http://localhost:3060/api/products/updates?clientId=mrus2y4gw:0
[  645301ms] [ERROR] SSE connection error: Event @ webpack-internal:///(app-pages-browser)/./node_modules/next/dist/next-devtools/userspace/app/errors/intercept-console-error.js:56
[  645301ms] [ERROR] Failed to load resource: net::ERR_CONNECTION_REFUSED @ http://localhost:3060/api/products/updates?clientId=1l40w8wuc:0
[  648306ms] [ERROR] SSE connection error: Event @ webpack-internal:///(app-pages-browser)/./node_modules/next/dist/next-devtools/userspace/app/errors/intercept-console-error.js:56
[  648307ms] [ERROR] Failed to load resource: net::ERR_CONNECTION_REFUSED @ http://localhost:3060/api/products/updates?clientId=mrus2y4gw:0
[  648307ms] [ERROR] SSE connection error: Event @ webpack-internal:///(app-pages-browser)/./node_modules/next/dist/next-devtools/userspace/app/errors/intercept-console-error.js:56
[  648307ms] [ERROR] Failed to load resource: net::ERR_CONNECTION_REFUSED @ http://localhost:3060/api/products/updates?clientId=1l40w8wuc:0
[  651311ms] [ERROR] SSE connection error: Event @ webpack-internal:///(app-pages-browser)/./node_modules/next/dist/next-devtools/userspace/app/errors/intercept-console-error.js:56
[  651311ms] [ERROR] Failed to load resource: net::ERR_CONNECTION_REFUSED @ http://localhost:3060/api/products/updates?clientId=mrus2y4gw:0
[  651311ms] [ERROR] SSE connection error: Event @ webpack-internal:///(app-pages-browser)/./node_modules/next/dist/next-devtools/userspace/app/errors/intercept-console-error.js:56
[  651311ms] [ERROR] Failed to load resource: net::ERR_CONNECTION_REFUSED @ http://localhost:3060/api/products/updates?clientId=1l40w8wuc:0
[  654314ms] [ERROR] SSE connection error: Event @ webpack-internal:///(app-pages-browser)/./node_modules/next/dist/next-devtools/userspace/app/errors/intercept-console-error.js:56
[  654314ms] [ERROR] Failed to load resource: net::ERR_CONNECTION_REFUSED @ http://localhost:3060/api/products/updates?clientId=mrus2y4gw:0
[  654314ms] [ERROR] SSE connection error: Event @ webpack-internal:///(app-pages-browser)/./node_modules/next/dist/next-devtools/userspace/app/errors/intercept-console-error.js:56
[  654314ms] [ERROR] Failed to load resource: net::ERR_CONNECTION_REFUSED @ http://localhost:3060/api/products/updates?clientId=1l40w8wuc:0
[  657318ms] [ERROR] SSE connection error: Event @ webpack-internal:///(app-pages-browser)/./node_modules/next/dist/next-devtools/userspace/app/errors/intercept-console-error.js:56
[  657319ms] [ERROR] Failed to load resource: net::ERR_CONNECTION_REFUSED @ http://localhost:3060/api/products/updates?clientId=mrus2y4gw:0
[  657319ms] [ERROR] SSE connection error: Event @ webpack-internal:///(app-pages-browser)/./node_modules/next/dist/next-devtools/userspace/app/errors/intercept-console-error.js:56
[  657319ms] [ERROR] Failed to load resource: net::ERR_CONNECTION_REFUSED @ http://localhost:3060/api/products/updates?clientId=1l40w8wuc:0
[  660323ms] [ERROR] SSE connection error: Event @ webpack-internal:///(app-pages-browser)/./node_modules/next/dist/next-devtools/userspace/app/errors/intercept-console-error.js:56
[  660323ms] [ERROR] Failed to load resource: net::ERR_CONNECTION_REFUSED @ http://localhost:3060/api/products/updates?clientId=mrus2y4gw:0
[  660324ms] [ERROR] SSE connection error: Event @ webpack-internal:///(app-pages-browser)/./node_modules/next/dist/next-devtools/userspace/app/errors/intercept-console-error.js:56
[  660324ms] [ERROR] Failed to load resource: net::ERR_CONNECTION_REFUSED @ http://localhost:3060/api/products/updates?clientId=1l40w8wuc:0
[  663326ms] [ERROR] SSE connection error: Event @ webpack-internal:///(app-pages-browser)/./node_modules/next/dist/next-devtools/userspace/app/errors/intercept-console-error.js:56
[  663326ms] [ERROR] Failed to load resource: net::ERR_CONNECTION_REFUSED @ http://localhost:3060/api/products/updates?clientId=mrus2y4gw:0
[  663326ms] [ERROR] SSE connection error: Event @ webpack-internal:///(app-pages-browser)/./node_modules/next/dist/next-devtools/userspace/app/errors/intercept-console-error.js:56
[  663327ms] [ERROR] Failed to load resource: net::ERR_CONNECTION_REFUSED @ http://localhost:3060/api/products/updates?clientId=1l40w8wuc:0
[  666330ms] [ERROR] SSE connection error: Event @ webpack-internal:///(app-pages-browser)/./node_modules/next/dist/next-devtools/userspace/app/errors/intercept-console-error.js:56
[  666330ms] [ERROR] Failed to load resource: net::ERR_CONNECTION_REFUSED @ http://localhost:3060/api/products/updates?clientId=mrus2y4gw:0
[  666330ms] [ERROR] SSE connection error: Event @ webpack-internal:///(app-pages-browser)/./node_modules/next/dist/next-devtools/userspace/app/errors/intercept-console-error.js:56
[  666330ms] [ERROR] Failed to load resource: net::ERR_CONNECTION_REFUSED @ http://localhost:3060/api/products/updates?clientId=1l40w8wuc:0
[  669334ms] [ERROR] SSE connection error: Event @ webpack-internal:///(app-pages-browser)/./node_modules/next/dist/next-devtools/userspace/app/errors/intercept-console-error.js:56
[  669335ms] [ERROR] Failed to load resource: net::ERR_CONNECTION_REFUSED @ http://localhost:3060/api/products/updates?clientId=mrus2y4gw:0
[  669335ms] [ERROR] SSE connection error: Event @ webpack-internal:///(app-pages-browser)/./node_modules/next/dist/next-devtools/userspace/app/errors/intercept-console-error.js:56
[  669335ms] [ERROR] Failed to load resource: net::ERR_CONNECTION_REFUSED @ http://localhost:3060/api/products/updates?clientId=1l40w8wuc:0
[  672337ms] [ERROR] SSE connection error: Event @ webpack-internal:///(app-pages-browser)/./node_modules/next/dist/next-devtools/userspace/app/errors/intercept-console-error.js:56
[  672337ms] [ERROR] Failed to load resource: net::ERR_CONNECTION_REFUSED @ http://localhost:3060/api/products/updates?clientId=mrus2y4gw:0
[  672337ms] [ERROR] SSE connection error: Event @ webpack-internal:///(app-pages-browser)/./node_modules/next/dist/next-devtools/userspace/app/errors/intercept-console-error.js:56
[  672337ms] [ERROR] Failed to load resource: net::ERR_CONNECTION_REFUSED @ http://localhost:3060/api/products/updates?clientId=1l40w8wuc:0
[  675340ms] [ERROR] SSE connection error: Event @ webpack-internal:///(app-pages-browser)/./node_modules/next/dist/next-devtools/userspace/app/errors/intercept-console-error.js:56
[  675340ms] [ERROR] Failed to load resource: net::ERR_CONNECTION_REFUSED @ http://localhost:3060/api/products/updates?clientId=mrus2y4gw:0
[  675340ms] [ERROR] SSE connection error: Event @ webpack-internal:///(app-pages-browser)/./node_modules/next/dist/next-devtools/userspace/app/errors/intercept-console-error.js:56
[  675340ms] [ERROR] Failed to load resource: net::ERR_CONNECTION_REFUSED @ http://localhost:3060/api/products/updates?clientId=1l40w8wuc:0
[  678344ms] [ERROR] SSE connection error: Event @ webpack-internal:///(app-pages-browser)/./node_modules/next/dist/next-devtools/userspace/app/errors/intercept-console-error.js:56
[  678345ms] [ERROR] Failed to load resource: net::ERR_CONNECTION_REFUSED @ http://localhost:3060/api/products/updates?clientId=mrus2y4gw:0
[  678345ms] [ERROR] SSE connection error: Event @ webpack-internal:///(app-pages-browser)/./node_modules/next/dist/next-devtools/userspace/app/errors/intercept-console-error.js:56
[  678345ms] [ERROR] Failed to load resource: net::ERR_CONNECTION_REFUSED @ http://localhost:3060/api/products/updates?clientId=1l40w8wuc:0
[  681347ms] [ERROR] SSE connection error: Event @ webpack-internal:///(app-pages-browser)/./node_modules/next/dist/next-devtools/userspace/app/errors/intercept-console-error.js:56
[  681347ms] [ERROR] Failed to load resource: net::ERR_CONNECTION_REFUSED @ http://localhost:3060/api/products/updates?clientId=mrus2y4gw:0
[  681348ms] [ERROR] SSE connection error: Event @ webpack-internal:///(app-pages-browser)/./node_modules/next/dist/next-devtools/userspace/app/errors/intercept-console-error.js:56
[  681348ms] [ERROR] Failed to load resource: net::ERR_CONNECTION_REFUSED @ http://localhost:3060/api/products/updates?clientId=1l40w8wuc:0
[  684350ms] [ERROR] SSE connection error: Event @ webpack-internal:///(app-pages-browser)/./node_modules/next/dist/next-devtools/userspace/app/errors/intercept-console-error.js:56
[  684351ms] [ERROR] Failed to load resource: net::ERR_CONNECTION_REFUSED @ http://localhost:3060/api/products/updates?clientId=mrus2y4gw:0
[  684351ms] [ERROR] SSE connection error: Event @ webpack-internal:///(app-pages-browser)/./node_modules/next/dist/next-devtools/userspace/app/errors/intercept-console-error.js:56
[  684351ms] [ERROR] Failed to load resource: net::ERR_CONNECTION_REFUSED @ http://localhost:3060/api/products/updates?clientId=1l40w8wuc:0
[  687354ms] [ERROR] SSE connection error: Event @ webpack-internal:///(app-pages-browser)/./node_modules/next/dist/next-devtools/userspace/app/errors/intercept-console-error.js:56
[  687355ms] [ERROR] Failed to load resource: net::ERR_CONNECTION_REFUSED @ http://localhost:3060/api/products/updates?clientId=mrus2y4gw:0
[  687355ms] [ERROR] SSE connection error: Event @ webpack-internal:///(app-pages-browser)/./node_modules/next/dist/next-devtools/userspace/app/errors/intercept-console-error.js:56
[  687355ms] [ERROR] Failed to load resource: net::ERR_CONNECTION_REFUSED @ http://localhost:3060/api/products/updates?clientId=1l40w8wuc:0
[  690358ms] [ERROR] SSE connection error: Event @ webpack-internal:///(app-pages-browser)/./node_modules/next/dist/next-devtools/userspace/app/errors/intercept-console-error.js:56
[  690358ms] [ERROR] Failed to load resource: net::ERR_CONNECTION_REFUSED @ http://localhost:3060/api/products/updates?clientId=mrus2y4gw:0
[  690358ms] [ERROR] SSE connection error: Event @ webpack-internal:///(app-pages-browser)/./node_modules/next/dist/next-devtools/userspace/app/errors/intercept-console-error.js:56
[  690359ms] [ERROR] Failed to load resource: net::ERR_CONNECTION_REFUSED @ http://localhost:3060/api/products/updates?clientId=1l40w8wuc:0
[  693363ms] [ERROR] SSE connection error: Event @ webpack-internal:///(app-pages-browser)/./node_modules/next/dist/next-devtools/userspace/app/errors/intercept-console-error.js:56
[  693364ms] [ERROR] Failed to load resource: net::ERR_CONNECTION_REFUSED @ http://localhost:3060/api/products/updates?clientId=mrus2y4gw:0
[  693364ms] [ERROR] SSE connection error: Event @ webpack-internal:///(app-pages-browser)/./node_modules/next/dist/next-devtools/userspace/app/errors/intercept-console-error.js:56
[  693364ms] [ERROR] Failed to load resource: net::ERR_CONNECTION_REFUSED @ http://localhost:3060/api/products/updates?clientId=1l40w8wuc:0
[  696366ms] [ERROR] SSE connection error: Event @ webpack-internal:///(app-pages-browser)/./node_modules/next/dist/next-devtools/userspace/app/errors/intercept-console-error.js:56
[  696366ms] [ERROR] Failed to load resource: net::ERR_CONNECTION_REFUSED @ http://localhost:3060/api/products/updates?clientId=mrus2y4gw:0
[  696366ms] [ERROR] SSE connection error: Event @ webpack-internal:///(app-pages-browser)/./node_modules/next/dist/next-devtools/userspace/app/errors/intercept-console-error.js:56
[  696366ms] [ERROR] Failed to load resource: net::ERR_CONNECTION_REFUSED @ http://localhost:3060/api/products/updates?clientId=1l40w8wuc:0
[  699369ms] [ERROR] SSE connection error: Event @ webpack-internal:///(app-pages-browser)/./node_modules/next/dist/next-devtools/userspace/app/errors/intercept-console-error.js:56
[  699369ms] [ERROR] Failed to load resource: net::ERR_CONNECTION_REFUSED @ http://localhost:3060/api/products/updates?clientId=mrus2y4gw:0
[  699369ms] [ERROR] SSE connection error: Event @ webpack-internal:///(app-pages-browser)/./node_modules/next/dist/next-devtools/userspace/app/errors/intercept-console-error.js:56
[  699369ms] [ERROR] Failed to load resource: net::ERR_CONNECTION_REFUSED @ http://localhost:3060/api/products/updates?clientId=1l40w8wuc:0
[  702372ms] [ERROR] SSE connection error: Event @ webpack-internal:///(app-pages-browser)/./node_modules/next/dist/next-devtools/userspace/app/errors/intercept-console-error.js:56
[  702373ms] [ERROR] Failed to load resource: net::ERR_CONNECTION_REFUSED @ http://localhost:3060/api/products/updates?clientId=mrus2y4gw:0
[  702373ms] [ERROR] SSE connection error: Event @ webpack-internal:///(app-pages-browser)/./node_modules/next/dist/next-devtools/userspace/app/errors/intercept-console-error.js:56
[  702373ms] [ERROR] Failed to load resource: net::ERR_CONNECTION_REFUSED @ http://localhost:3060/api/products/updates?clientId=1l40w8wuc:0
[  705375ms] [ERROR] SSE connection error: Event @ webpack-internal:///(app-pages-browser)/./node_modules/next/dist/next-devtools/userspace/app/errors/intercept-console-error.js:56
[  705376ms] [ERROR] Failed to load resource: net::ERR_CONNECTION_REFUSED @ http://localhost:3060/api/products/updates?clientId=mrus2y4gw:0
[  705376ms] [ERROR] SSE connection error: Event @ webpack-internal:///(app-pages-browser)/./node_modules/next/dist/next-devtools/userspace/app/errors/intercept-console-error.js:56
[  705376ms] [ERROR] Failed to load resource: net::ERR_CONNECTION_REFUSED @ http://localhost:3060/api/products/updates?clientId=1l40w8wuc:0
[  708382ms] [ERROR] SSE connection error: Event @ webpack-internal:///(app-pages-browser)/./node_modules/next/dist/next-devtools/userspace/app/errors/intercept-console-error.js:56
[  708383ms] [ERROR] Failed to load resource: net::ERR_CONNECTION_REFUSED @ http://localhost:3060/api/products/updates?clientId=mrus2y4gw:0
[  708383ms] [ERROR] SSE connection error: Event @ webpack-internal:///(app-pages-browser)/./node_modules/next/dist/next-devtools/userspace/app/errors/intercept-console-error.js:56
[  708384ms] [ERROR] Failed to load resource: net::ERR_CONNECTION_REFUSED @ http://localhost:3060/api/products/updates?clientId=1l40w8wuc:0
[  711392ms] [ERROR] SSE connection error: Event @ webpack-internal:///(app-pages-browser)/./node_modules/next/dist/next-devtools/userspace/app/errors/intercept-console-error.js:56
[  711393ms] [ERROR] Failed to load resource: net::ERR_CONNECTION_REFUSED @ http://localhost:3060/api/products/updates?clientId=mrus2y4gw:0
[  711393ms] [ERROR] SSE connection error: Event @ webpack-internal:///(app-pages-browser)/./node_modules/next/dist/next-devtools/userspace/app/errors/intercept-console-error.js:56
[  711393ms] [ERROR] Failed to load resource: net::ERR_CONNECTION_REFUSED @ http://localhost:3060/api/products/updates?clientId=1l40w8wuc:0
[  714402ms] [ERROR] SSE connection error: Event @ webpack-internal:///(app-pages-browser)/./node_modules/next/dist/next-devtools/userspace/app/errors/intercept-console-error.js:56
[  714404ms] [ERROR] Failed to load resource: net::ERR_CONNECTION_REFUSED @ http://localhost:3060/api/products/updates?clientId=mrus2y4gw:0
[  714404ms] [ERROR] SSE connection error: Event @ webpack-internal:///(app-pages-browser)/./node_modules/next/dist/next-devtools/userspace/app/errors/intercept-console-error.js:56
[  714404ms] [ERROR] Failed to load resource: net::ERR_CONNECTION_REFUSED @ http://localhost:3060/api/products/updates?clientId=1l40w8wuc:0
[  717405ms] [ERROR] SSE connection error: Event @ webpack-internal:///(app-pages-browser)/./node_modules/next/dist/next-devtools/userspace/app/errors/intercept-console-error.js:56
[  717406ms] [ERROR] Failed to load resource: net::ERR_CONNECTION_REFUSED @ http://localhost:3060/api/products/updates?clientId=mrus2y4gw:0
[  717406ms] [ERROR] SSE connection error: Event @ webpack-internal:///(app-pages-browser)/./node_modules/next/dist/next-devtools/userspace/app/errors/intercept-console-error.js:56
[  717406ms] [ERROR] Failed to load resource: net::ERR_CONNECTION_REFUSED @ http://localhost:3060/api/products/updates?clientId=1l40w8wuc:0
[  720408ms] [ERROR] SSE connection error: Event @ webpack-internal:///(app-pages-browser)/./node_modules/next/dist/next-devtools/userspace/app/errors/intercept-console-error.js:56
[  720408ms] [ERROR] Failed to load resource: net::ERR_CONNECTION_REFUSED @ http://localhost:3060/api/products/updates?clientId=mrus2y4gw:0
[  720408ms] [ERROR] SSE connection error: Event @ webpack-internal:///(app-pages-browser)/./node_modules/next/dist/next-devtools/userspace/app/errors/intercept-console-error.js:56
[  720408ms] [ERROR] Failed to load resource: net::ERR_CONNECTION_REFUSED @ http://localhost:3060/api/products/updates?clientId=1l40w8wuc:0
[  723410ms] [ERROR] SSE connection error: Event @ webpack-internal:///(app-pages-browser)/./node_modules/next/dist/next-devtools/userspace/app/errors/intercept-console-error.js:56
[  723410ms] [ERROR] Failed to load resource: net::ERR_CONNECTION_REFUSED @ http://localhost:3060/api/products/updates?clientId=mrus2y4gw:0
[  723410ms] [ERROR] SSE connection error: Event @ webpack-internal:///(app-pages-browser)/./node_modules/next/dist/next-devtools/userspace/app/errors/intercept-console-error.js:56
[  723410ms] [ERROR] Failed to load resource: net::ERR_CONNECTION_REFUSED @ http://localhost:3060/api/products/updates?clientId=1l40w8wuc:0
[  726413ms] [ERROR] SSE connection error: Event @ webpack-internal:///(app-pages-browser)/./node_modules/next/dist/next-devtools/userspace/app/errors/intercept-console-error.js:56
[  726413ms] [ERROR] Failed to load resource: net::ERR_CONNECTION_REFUSED @ http://localhost:3060/api/products/updates?clientId=mrus2y4gw:0
[  726413ms] [ERROR] SSE connection error: Event @ webpack-internal:///(app-pages-browser)/./node_modules/next/dist/next-devtools/userspace/app/errors/intercept-console-error.js:56
[  726414ms] [ERROR] Failed to load resource: net::ERR_CONNECTION_REFUSED @ http://localhost:3060/api/products/updates?clientId=1l40w8wuc:0
[  729417ms] [ERROR] SSE connection error: Event @ webpack-internal:///(app-pages-browser)/./node_modules/next/dist/next-devtools/userspace/app/errors/intercept-console-error.js:56
[  729417ms] [ERROR] Failed to load resource: net::ERR_CONNECTION_REFUSED @ http://localhost:3060/api/products/updates?clientId=mrus2y4gw:0
[  729417ms] [ERROR] SSE connection error: Event @ webpack-internal:///(app-pages-browser)/./node_modules/next/dist/next-devtools/userspace/app/errors/intercept-console-error.js:56
[  729417ms] [ERROR] Failed to load resource: net::ERR_CONNECTION_REFUSED @ http://localhost:3060/api/products/updates?clientId=1l40w8wuc:0
[  732424ms] [ERROR] SSE connection error: Event @ webpack-internal:///(app-pages-browser)/./node_modules/next/dist/next-devtools/userspace/app/errors/intercept-console-error.js:56
[  732425ms] [ERROR] Failed to load resource: net::ERR_CONNECTION_REFUSED @ http://localhost:3060/api/products/updates?clientId=mrus2y4gw:0
[  732425ms] [ERROR] SSE connection error: Event @ webpack-internal:///(app-pages-browser)/./node_modules/next/dist/next-devtools/userspace/app/errors/intercept-console-error.js:56
[  732425ms] [ERROR] Failed to load resource: net::ERR_CONNECTION_REFUSED @ http://localhost:3060/api/products/updates?clientId=1l40w8wuc:0
[  735429ms] [ERROR] SSE connection error: Event @ webpack-internal:///(app-pages-browser)/./node_modules/next/dist/next-devtools/userspace/app/errors/intercept-console-error.js:56
[  735429ms] [ERROR] Failed to load resource: net::ERR_CONNECTION_REFUSED @ http://localhost:3060/api/products/updates?clientId=mrus2y4gw:0
[  735429ms] [ERROR] SSE connection error: Event @ webpack-internal:///(app-pages-browser)/./node_modules/next/dist/next-devtools/userspace/app/errors/intercept-console-error.js:56
[  735429ms] [ERROR] Failed to load resource: net::ERR_CONNECTION_REFUSED @ http://localhost:3060/api/products/updates?clientId=1l40w8wuc:0
[  738430ms] [ERROR] SSE connection error: Event @ webpack-internal:///(app-pages-browser)/./node_modules/next/dist/next-devtools/userspace/app/errors/intercept-console-error.js:56
[  738431ms] [ERROR] Failed to load resource: net::ERR_CONNECTION_REFUSED @ http://localhost:3060/api/products/updates?clientId=mrus2y4gw:0
[  738431ms] [ERROR] SSE connection error: Event @ webpack-internal:///(app-pages-browser)/./node_modules/next/dist/next-devtools/userspace/app/errors/intercept-console-error.js:56
[  738431ms] [ERROR] Failed to load resource: net::ERR_CONNECTION_REFUSED @ http://localhost:3060/api/products/updates?clientId=1l40w8wuc:0
[  741433ms] [ERROR] SSE connection error: Event @ webpack-internal:///(app-pages-browser)/./node_modules/next/dist/next-devtools/userspace/app/errors/intercept-console-error.js:56
[  741433ms] [ERROR] Failed to load resource: net::ERR_CONNECTION_REFUSED @ http://localhost:3060/api/products/updates?clientId=mrus2y4gw:0
[  741433ms] [ERROR] SSE connection error: Event @ webpack-internal:///(app-pages-browser)/./node_modules/next/dist/next-devtools/userspace/app/errors/intercept-console-error.js:56
[  741433ms] [ERROR] Failed to load resource: net::ERR_CONNECTION_REFUSED @ http://localhost:3060/api/products/updates?clientId=1l40w8wuc:0
[  744435ms] [ERROR] SSE connection error: Event @ webpack-internal:///(app-pages-browser)/./node_modules/next/dist/next-devtools/userspace/app/errors/intercept-console-error.js:56
[  744435ms] [ERROR] Failed to load resource: net::ERR_CONNECTION_REFUSED @ http://localhost:3060/api/products/updates?clientId=mrus2y4gw:0
[  744435ms] [ERROR] SSE connection error: Event @ webpack-internal:///(app-pages-browser)/./node_modules/next/dist/next-devtools/userspace/app/errors/intercept-console-error.js:56
[  744435ms] [ERROR] Failed to load resource: net::ERR_CONNECTION_REFUSED @ http://localhost:3060/api/products/updates?clientId=1l40w8wuc:0
[  747448ms] [ERROR] SSE connection error: Event @ webpack-internal:///(app-pages-browser)/./node_modules/next/dist/next-devtools/userspace/app/errors/intercept-console-error.js:56
[  747451ms] [ERROR] Failed to load resource: net::ERR_CONNECTION_REFUSED @ http://localhost:3060/api/products/updates?clientId=mrus2y4gw:0
[  747451ms] [ERROR] SSE connection error: Event @ webpack-internal:///(app-pages-browser)/./node_modules/next/dist/next-devtools/userspace/app/errors/intercept-console-error.js:56
[  747452ms] [ERROR] Failed to load resource: net::ERR_CONNECTION_REFUSED @ http://localhost:3060/api/products/updates?clientId=1l40w8wuc:0
[  750452ms] [ERROR] SSE connection error: Event @ webpack-internal:///(app-pages-browser)/./node_modules/next/dist/next-devtools/userspace/app/errors/intercept-console-error.js:56
[  750453ms] [ERROR] Failed to load resource: net::ERR_CONNECTION_REFUSED @ http://localhost:3060/api/products/updates?clientId=mrus2y4gw:0
[  750454ms] [ERROR] SSE connection error: Event @ webpack-internal:///(app-pages-browser)/./node_modules/next/dist/next-devtools/userspace/app/errors/intercept-console-error.js:56
[  750454ms] [ERROR] Failed to load resource: net::ERR_CONNECTION_REFUSED @ http://localhost:3060/api/products/updates?clientId=1l40w8wuc:0
[  753454ms] [ERROR] SSE connection error: Event @ webpack-internal:///(app-pages-browser)/./node_modules/next/dist/next-devtools/userspace/app/errors/intercept-console-error.js:56
[  753454ms] [ERROR] Failed to load resource: net::ERR_CONNECTION_REFUSED @ http://localhost:3060/api/products/updates?clientId=mrus2y4gw:0
[  753456ms] [ERROR] SSE connection error: Event @ webpack-internal:///(app-pages-browser)/./node_modules/next/dist/next-devtools/userspace/app/errors/intercept-console-error.js:56
[  753456ms] [ERROR] Failed to load resource: net::ERR_CONNECTION_REFUSED @ http://localhost:3060/api/products/updates?clientId=1l40w8wuc:0
[  756457ms] [ERROR] SSE connection error: Event @ webpack-internal:///(app-pages-browser)/./node_modules/next/dist/next-devtools/userspace/app/errors/intercept-console-error.js:56
[  756457ms] [ERROR] Failed to load resource: net::ERR_CONNECTION_REFUSED @ http://localhost:3060/api/products/updates?clientId=mrus2y4gw:0
[  756458ms] [ERROR] SSE connection error: Event @ webpack-internal:///(app-pages-browser)/./node_modules/next/dist/next-devtools/userspace/app/errors/intercept-console-error.js:56
[  756459ms] [ERROR] Failed to load resource: net::ERR_CONNECTION_REFUSED @ http://localhost:3060/api/products/updates?clientId=1l40w8wuc:0
[  759460ms] [ERROR] SSE connection error: Event @ webpack-internal:///(app-pages-browser)/./node_modules/next/dist/next-devtools/userspace/app/errors/intercept-console-error.js:56
[  759461ms] [ERROR] Failed to load resource: net::ERR_CONNECTION_REFUSED @ http://localhost:3060/api/products/updates?clientId=mrus2y4gw:0
[  759461ms] [ERROR] SSE connection error: Event @ webpack-internal:///(app-pages-browser)/./node_modules/next/dist/next-devtools/userspace/app/errors/intercept-console-error.js:56
[  759461ms] [ERROR] Failed to load resource: net::ERR_CONNECTION_REFUSED @ http://localhost:3060/api/products/updates?clientId=1l40w8wuc:0
[  762462ms] [ERROR] SSE connection error: Event @ webpack-internal:///(app-pages-browser)/./node_modules/next/dist/next-devtools/userspace/app/errors/intercept-console-error.js:56
[  762462ms] [ERROR] Failed to load resource: net::ERR_CONNECTION_REFUSED @ http://localhost:3060/api/products/updates?clientId=mrus2y4gw:0
[  762462ms] [ERROR] SSE connection error: Event @ webpack-internal:///(app-pages-browser)/./node_modules/next/dist/next-devtools/userspace/app/errors/intercept-console-error.js:56
[  762462ms] [ERROR] Failed to load resource: net::ERR_CONNECTION_REFUSED @ http://localhost:3060/api/products/updates?clientId=1l40w8wuc:0
[  765464ms] [ERROR] SSE connection error: Event @ webpack-internal:///(app-pages-browser)/./node_modules/next/dist/next-devtools/userspace/app/errors/intercept-console-error.js:56
[  765464ms] [ERROR] Failed to load resource: net::ERR_CONNECTION_REFUSED @ http://localhost:3060/api/products/updates?clientId=mrus2y4gw:0
[  765464ms] [ERROR] SSE connection error: Event @ webpack-internal:///(app-pages-browser)/./node_modules/next/dist/next-devtools/userspace/app/errors/intercept-console-error.js:56
[  765464ms] [ERROR] Failed to load resource: net::ERR_CONNECTION_REFUSED @ http://localhost:3060/api/products/updates?clientId=1l40w8wuc:0
[  768466ms] [ERROR] SSE connection error: Event @ webpack-internal:///(app-pages-browser)/./node_modules/next/dist/next-devtools/userspace/app/errors/intercept-console-error.js:56
[  768467ms] [ERROR] Failed to load resource: net::ERR_CONNECTION_REFUSED @ http://localhost:3060/api/products/updates?clientId=mrus2y4gw:0
[  768467ms] [ERROR] SSE connection error: Event @ webpack-internal:///(app-pages-browser)/./node_modules/next/dist/next-devtools/userspace/app/errors/intercept-console-error.js:56
[  768467ms] [ERROR] Failed to load resource: net::ERR_CONNECTION_REFUSED @ http://localhost:3060/api/products/updates?clientId=1l40w8wuc:0
[  771470ms] [ERROR] SSE connection error: Event @ webpack-internal:///(app-pages-browser)/./node_modules/next/dist/next-devtools/userspace/app/errors/intercept-console-error.js:56
[  771470ms] [ERROR] Failed to load resource: net::ERR_CONNECTION_REFUSED @ http://localhost:3060/api/products/updates?clientId=mrus2y4gw:0
[  771470ms] [ERROR] SSE connection error: Event @ webpack-internal:///(app-pages-browser)/./node_modules/next/dist/next-devtools/userspace/app/errors/intercept-console-error.js:56
[  771471ms] [ERROR] Failed to load resource: net::ERR_CONNECTION_REFUSED @ http://localhost:3060/api/products/updates?clientId=1l40w8wuc:0
[  774472ms] [ERROR] SSE connection error: Event @ webpack-internal:///(app-pages-browser)/./node_modules/next/dist/next-devtools/userspace/app/errors/intercept-console-error.js:56
[  774473ms] [ERROR] Failed to load resource: net::ERR_CONNECTION_REFUSED @ http://localhost:3060/api/products/updates?clientId=mrus2y4gw:0
[  774473ms] [ERROR] SSE connection error: Event @ webpack-internal:///(app-pages-browser)/./node_modules/next/dist/next-devtools/userspace/app/errors/intercept-console-error.js:56
[  774473ms] [ERROR] Failed to load resource: net::ERR_CONNECTION_REFUSED @ http://localhost:3060/api/products/updates?clientId=1l40w8wuc:0
[  777474ms] [ERROR] SSE connection error: Event @ webpack-internal:///(app-pages-browser)/./node_modules/next/dist/next-devtools/userspace/app/errors/intercept-console-error.js:56
[  777475ms] [ERROR] Failed to load resource: net::ERR_CONNECTION_REFUSED @ http://localhost:3060/api/products/updates?clientId=mrus2y4gw:0
[  777475ms] [ERROR] SSE connection error: Event @ webpack-internal:///(app-pages-browser)/./node_modules/next/dist/next-devtools/userspace/app/errors/intercept-console-error.js:56
[  777475ms] [ERROR] Failed to load resource: net::ERR_CONNECTION_REFUSED @ http://localhost:3060/api/products/updates?clientId=1l40w8wuc:0
[  780477ms] [ERROR] SSE connection error: Event @ webpack-internal:///(app-pages-browser)/./node_modules/next/dist/next-devtools/userspace/app/errors/intercept-console-error.js:56
[  780477ms] [ERROR] Failed to load resource: net::ERR_CONNECTION_REFUSED @ http://localhost:3060/api/products/updates?clientId=mrus2y4gw:0
[  780477ms] [ERROR] SSE connection error: Event @ webpack-internal:///(app-pages-browser)/./node_modules/next/dist/next-devtools/userspace/app/errors/intercept-console-error.js:56
[  780477ms] [ERROR] Failed to load resource: net::ERR_CONNECTION_REFUSED @ http://localhost:3060/api/products/updates?clientId=1l40w8wuc:0
[  783479ms] [ERROR] SSE connection error: Event @ webpack-internal:///(app-pages-browser)/./node_modules/next/dist/next-devtools/userspace/app/errors/intercept-console-error.js:56
[  783480ms] [ERROR] Failed to load resource: net::ERR_CONNECTION_REFUSED @ http://localhost:3060/api/products/updates?clientId=mrus2y4gw:0
[  783480ms] [ERROR] SSE connection error: Event @ webpack-internal:///(app-pages-browser)/./node_modules/next/dist/next-devtools/userspace/app/errors/intercept-console-error.js:56
[  783480ms] [ERROR] Failed to load resource: net::ERR_CONNECTION_REFUSED @ http://localhost:3060/api/products/updates?clientId=1l40w8wuc:0
[  786482ms] [ERROR] SSE connection error: Event @ webpack-internal:///(app-pages-browser)/./node_modules/next/dist/next-devtools/userspace/app/errors/intercept-console-error.js:56
[  786482ms] [ERROR] Failed to load resource: net::ERR_CONNECTION_REFUSED @ http://localhost:3060/api/products/updates?clientId=mrus2y4gw:0
[  786483ms] [ERROR] SSE connection error: Event @ webpack-internal:///(app-pages-browser)/./node_modules/next/dist/next-devtools/userspace/app/errors/intercept-console-error.js:56
[  786483ms] [ERROR] Failed to load resource: net::ERR_CONNECTION_REFUSED @ http://localhost:3060/api/products/updates?clientId=1l40w8wuc:0
[  789485ms] [ERROR] SSE connection error: Event @ webpack-internal:///(app-pages-browser)/./node_modules/next/dist/next-devtools/userspace/app/errors/intercept-console-error.js:56
[  789485ms] [ERROR] Failed to load resource: net::ERR_CONNECTION_REFUSED @ http://localhost:3060/api/products/updates?clientId=mrus2y4gw:0
[  789485ms] [ERROR] SSE connection error: Event @ webpack-internal:///(app-pages-browser)/./node_modules/next/dist/next-devtools/userspace/app/errors/intercept-console-error.js:56
[  789485ms] [ERROR] Failed to load resource: net::ERR_CONNECTION_REFUSED @ http://localhost:3060/api/products/updates?clientId=1l40w8wuc:0
[  792489ms] [ERROR] SSE connection error: Event @ webpack-internal:///(app-pages-browser)/./node_modules/next/dist/next-devtools/userspace/app/errors/intercept-console-error.js:56
[  792489ms] [ERROR] Failed to load resource: net::ERR_CONNECTION_REFUSED @ http://localhost:3060/api/products/updates?clientId=mrus2y4gw:0
[  792489ms] [ERROR] SSE connection error: Event @ webpack-internal:///(app-pages-browser)/./node_modules/next/dist/next-devtools/userspace/app/errors/intercept-console-error.js:56
[  792489ms] [ERROR] Failed to load resource: net::ERR_CONNECTION_REFUSED @ http://localhost:3060/api/products/updates?clientId=1l40w8wuc:0
[  795491ms] [ERROR] SSE connection error: Event @ webpack-internal:///(app-pages-browser)/./node_modules/next/dist/next-devtools/userspace/app/errors/intercept-console-error.js:56
[  795491ms] [ERROR] Failed to load resource: net::ERR_CONNECTION_REFUSED @ http://localhost:3060/api/products/updates?clientId=mrus2y4gw:0
[  795491ms] [ERROR] SSE connection error: Event @ webpack-internal:///(app-pages-browser)/./node_modules/next/dist/next-devtools/userspace/app/errors/intercept-console-error.js:56
[  795491ms] [ERROR] Failed to load resource: net::ERR_CONNECTION_REFUSED @ http://localhost:3060/api/products/updates?clientId=1l40w8wuc:0
[  798493ms] [ERROR] SSE connection error: Event @ webpack-internal:///(app-pages-browser)/./node_modules/next/dist/next-devtools/userspace/app/errors/intercept-console-error.js:56
[  798493ms] [ERROR] Failed to load resource: net::ERR_CONNECTION_REFUSED @ http://localhost:3060/api/products/updates?clientId=mrus2y4gw:0
[  798493ms] [ERROR] SSE connection error: Event @ webpack-internal:///(app-pages-browser)/./node_modules/next/dist/next-devtools/userspace/app/errors/intercept-console-error.js:56
[  798493ms] [ERROR] Failed to load resource: net::ERR_CONNECTION_REFUSED @ http://localhost:3060/api/products/updates?clientId=1l40w8wuc:0
[  801495ms] [ERROR] SSE connection error: Event @ webpack-internal:///(app-pages-browser)/./node_modules/next/dist/next-devtools/userspace/app/errors/intercept-console-error.js:56
[  801495ms] [ERROR] Failed to load resource: net::ERR_CONNECTION_REFUSED @ http://localhost:3060/api/products/updates?clientId=mrus2y4gw:0
[  801495ms] [ERROR] SSE connection error: Event @ webpack-internal:///(app-pages-browser)/./node_modules/next/dist/next-devtools/userspace/app/errors/intercept-console-error.js:56
[  801495ms] [ERROR] Failed to load resource: net::ERR_CONNECTION_REFUSED @ http://localhost:3060/api/products/updates?clientId=1l40w8wuc:0
[  804499ms] [ERROR] SSE connection error: Event @ webpack-internal:///(app-pages-browser)/./node_modules/next/dist/next-devtools/userspace/app/errors/intercept-console-error.js:56
[  804499ms] [ERROR] Failed to load resource: net::ERR_CONNECTION_REFUSED @ http://localhost:3060/api/products/updates?clientId=mrus2y4gw:0
[  804500ms] [ERROR] SSE connection error: Event @ webpack-internal:///(app-pages-browser)/./node_modules/next/dist/next-devtools/userspace/app/errors/intercept-console-error.js:56
[  804500ms] [ERROR] Failed to load resource: net::ERR_CONNECTION_REFUSED @ http://localhost:3060/api/products/updates?clientId=1l40w8wuc:0
[  807503ms] [ERROR] SSE connection error: Event @ webpack-internal:///(app-pages-browser)/./node_modules/next/dist/next-devtools/userspace/app/errors/intercept-console-error.js:56
[  807503ms] [ERROR] Failed to load resource: net::ERR_CONNECTION_REFUSED @ http://localhost:3060/api/products/updates?clientId=mrus2y4gw:0
[  807503ms] [ERROR] SSE connection error: Event @ webpack-internal:///(app-pages-browser)/./node_modules/next/dist/next-devtools/userspace/app/errors/intercept-console-error.js:56
[  807504ms] [ERROR] Failed to load resource: net::ERR_CONNECTION_REFUSED @ http://localhost:3060/api/products/updates?clientId=1l40w8wuc:0
[  810508ms] [ERROR] SSE connection error: Event @ webpack-internal:///(app-pages-browser)/./node_modules/next/dist/next-devtools/userspace/app/errors/intercept-console-error.js:56
[  810508ms] [ERROR] Failed to load resource: net::ERR_CONNECTION_REFUSED @ http://localhost:3060/api/products/updates?clientId=mrus2y4gw:0
[  810508ms] [ERROR] SSE connection error: Event @ webpack-internal:///(app-pages-browser)/./node_modules/next/dist/next-devtools/userspace/app/errors/intercept-console-error.js:56
[  810509ms] [ERROR] Failed to load resource: net::ERR_CONNECTION_REFUSED @ http://localhost:3060/api/products/updates?clientId=1l40w8wuc:0
[  813511ms] [ERROR] SSE connection error: Event @ webpack-internal:///(app-pages-browser)/./node_modules/next/dist/next-devtools/userspace/app/errors/intercept-console-error.js:56
[  813511ms] [ERROR] Failed to load resource: net::ERR_CONNECTION_REFUSED @ http://localhost:3060/api/products/updates?clientId=mrus2y4gw:0
[  813512ms] [ERROR] SSE connection error: Event @ webpack-internal:///(app-pages-browser)/./node_modules/next/dist/next-devtools/userspace/app/errors/intercept-console-error.js:56
[  813512ms] [ERROR] Failed to load resource: net::ERR_CONNECTION_REFUSED @ http://localhost:3060/api/products/updates?clientId=1l40w8wuc:0
[  816514ms] [ERROR] SSE connection error: Event @ webpack-internal:///(app-pages-browser)/./node_modules/next/dist/next-devtools/userspace/app/errors/intercept-console-error.js:56
[  816514ms] [ERROR] Failed to load resource: net::ERR_CONNECTION_REFUSED @ http://localhost:3060/api/products/updates?clientId=mrus2y4gw:0
[  816515ms] [ERROR] SSE connection error: Event @ webpack-internal:///(app-pages-browser)/./node_modules/next/dist/next-devtools/userspace/app/errors/intercept-console-error.js:56
[  816515ms] [ERROR] Failed to load resource: net::ERR_CONNECTION_REFUSED @ http://localhost:3060/api/products/updates?clientId=1l40w8wuc:0
[  819518ms] [ERROR] SSE connection error: Event @ webpack-internal:///(app-pages-browser)/./node_modules/next/dist/next-devtools/userspace/app/errors/intercept-console-error.js:56
[  819518ms] [ERROR] Failed to load resource: net::ERR_CONNECTION_REFUSED @ http://localhost:3060/api/products/updates?clientId=mrus2y4gw:0
[  819518ms] [ERROR] SSE connection error: Event @ webpack-internal:///(app-pages-browser)/./node_modules/next/dist/next-devtools/userspace/app/errors/intercept-console-error.js:56
[  819518ms] [ERROR] Failed to load resource: net::ERR_CONNECTION_REFUSED @ http://localhost:3060/api/products/updates?clientId=1l40w8wuc:0
[  822521ms] [ERROR] SSE connection error: Event @ webpack-internal:///(app-pages-browser)/./node_modules/next/dist/next-devtools/userspace/app/errors/intercept-console-error.js:56
[  822521ms] [ERROR] Failed to load resource: net::ERR_CONNECTION_REFUSED @ http://localhost:3060/api/products/updates?clientId=mrus2y4gw:0
[  822522ms] [ERROR] SSE connection error: Event @ webpack-internal:///(app-pages-browser)/./node_modules/next/dist/next-devtools/userspace/app/errors/intercept-console-error.js:56
[  822522ms] [ERROR] Failed to load resource: net::ERR_CONNECTION_REFUSED @ http://localhost:3060/api/products/updates?clientId=1l40w8wuc:0
[  825525ms] [ERROR] SSE connection error: Event @ webpack-internal:///(app-pages-browser)/./node_modules/next/dist/next-devtools/userspace/app/errors/intercept-console-error.js:56
[  825525ms] [ERROR] Failed to load resource: net::ERR_CONNECTION_REFUSED @ http://localhost:3060/api/products/updates?clientId=mrus2y4gw:0
[  825526ms] [ERROR] SSE connection error: Event @ webpack-internal:///(app-pages-browser)/./node_modules/next/dist/next-devtools/userspace/app/errors/intercept-console-error.js:56
[  825526ms] [ERROR] Failed to load resource: net::ERR_CONNECTION_REFUSED @ http://localhost:3060/api/products/updates?clientId=1l40w8wuc:0
[  828528ms] [ERROR] SSE connection error: Event @ webpack-internal:///(app-pages-browser)/./node_modules/next/dist/next-devtools/userspace/app/errors/intercept-console-error.js:56
[  828528ms] [ERROR] Failed to load resource: net::ERR_CONNECTION_REFUSED @ http://localhost:3060/api/products/updates?clientId=mrus2y4gw:0
[  828528ms] [ERROR] SSE connection error: Event @ webpack-internal:///(app-pages-browser)/./node_modules/next/dist/next-devtools/userspace/app/errors/intercept-console-error.js:56
[  828528ms] [ERROR] Failed to load resource: net::ERR_CONNECTION_REFUSED @ http://localhost:3060/api/products/updates?clientId=1l40w8wuc:0
[  831530ms] [ERROR] SSE connection error: Event @ webpack-internal:///(app-pages-browser)/./node_modules/next/dist/next-devtools/userspace/app/errors/intercept-console-error.js:56
[  831530ms] [ERROR] Failed to load resource: net::ERR_CONNECTION_REFUSED @ http://localhost:3060/api/products/updates?clientId=mrus2y4gw:0
[  831532ms] [ERROR] SSE connection error: Event @ webpack-internal:///(app-pages-browser)/./node_modules/next/dist/next-devtools/userspace/app/errors/intercept-console-error.js:56
[  831532ms] [ERROR] Failed to load resource: net::ERR_CONNECTION_REFUSED @ http://localhost:3060/api/products/updates?clientId=1l40w8wuc:0
[  834532ms] [ERROR] SSE connection error: Event @ webpack-internal:///(app-pages-browser)/./node_modules/next/dist/next-devtools/userspace/app/errors/intercept-console-error.js:56
[  834532ms] [ERROR] Failed to load resource: net::ERR_CONNECTION_REFUSED @ http://localhost:3060/api/products/updates?clientId=mrus2y4gw:0
[  834533ms] [ERROR] SSE connection error: Event @ webpack-internal:///(app-pages-browser)/./node_modules/next/dist/next-devtools/userspace/app/errors/intercept-console-error.js:56
[  834533ms] [ERROR] Failed to load resource: net::ERR_CONNECTION_REFUSED @ http://localhost:3060/api/products/updates?clientId=1l40w8wuc:0
[  837534ms] [ERROR] SSE connection error: Event @ webpack-internal:///(app-pages-browser)/./node_modules/next/dist/next-devtools/userspace/app/errors/intercept-console-error.js:56
[  837534ms] [ERROR] Failed to load resource: net::ERR_CONNECTION_REFUSED @ http://localhost:3060/api/products/updates?clientId=mrus2y4gw:0
[  837536ms] [ERROR] SSE connection error: Event @ webpack-internal:///(app-pages-browser)/./node_modules/next/dist/next-devtools/userspace/app/errors/intercept-console-error.js:56
[  837536ms] [ERROR] Failed to load resource: net::ERR_CONNECTION_REFUSED @ http://localhost:3060/api/products/updates?clientId=1l40w8wuc:0
[  840539ms] [ERROR] SSE connection error: Event @ webpack-internal:///(app-pages-browser)/./node_modules/next/dist/next-devtools/userspace/app/errors/intercept-console-error.js:56
[  840539ms] [ERROR] Failed to load resource: net::ERR_CONNECTION_REFUSED @ http://localhost:3060/api/products/updates?clientId=mrus2y4gw:0
[  840539ms] [ERROR] SSE connection error: Event @ webpack-internal:///(app-pages-browser)/./node_modules/next/dist/next-devtools/userspace/app/errors/intercept-console-error.js:56
[  840539ms] [ERROR] Failed to load resource: net::ERR_CONNECTION_REFUSED @ http://localhost:3060/api/products/updates?clientId=1l40w8wuc:0
[  843541ms] [ERROR] SSE connection error: Event @ webpack-internal:///(app-pages-browser)/./node_modules/next/dist/next-devtools/userspace/app/errors/intercept-console-error.js:56
[  843541ms] [ERROR] Failed to load resource: net::ERR_CONNECTION_REFUSED @ http://localhost:3060/api/products/updates?clientId=mrus2y4gw:0
[  843541ms] [ERROR] SSE connection error: Event @ webpack-internal:///(app-pages-browser)/./node_modules/next/dist/next-devtools/userspace/app/errors/intercept-console-error.js:56
[  843541ms] [ERROR] Failed to load resource: net::ERR_CONNECTION_REFUSED @ http://localhost:3060/api/products/updates?clientId=1l40w8wuc:0
[  846544ms] [ERROR] SSE connection error: Event @ webpack-internal:///(app-pages-browser)/./node_modules/next/dist/next-devtools/userspace/app/errors/intercept-console-error.js:56
[  846544ms] [ERROR] Failed to load resource: net::ERR_CONNECTION_REFUSED @ http://localhost:3060/api/products/updates?clientId=mrus2y4gw:0
[  846544ms] [ERROR] SSE connection error: Event @ webpack-internal:///(app-pages-browser)/./node_modules/next/dist/next-devtools/userspace/app/errors/intercept-console-error.js:56
[  846544ms] [ERROR] Failed to load resource: net::ERR_CONNECTION_REFUSED @ http://localhost:3060/api/products/updates?clientId=1l40w8wuc:0
[  849547ms] [ERROR] SSE connection error: Event @ webpack-internal:///(app-pages-browser)/./node_modules/next/dist/next-devtools/userspace/app/errors/intercept-console-error.js:56
[  849547ms] [ERROR] Failed to load resource: net::ERR_CONNECTION_REFUSED @ http://localhost:3060/api/products/updates?clientId=mrus2y4gw:0
[  849547ms] [ERROR] SSE connection error: Event @ webpack-internal:///(app-pages-browser)/./node_modules/next/dist/next-devtools/userspace/app/errors/intercept-console-error.js:56
[  849547ms] [ERROR] Failed to load resource: net::ERR_CONNECTION_REFUSED @ http://localhost:3060/api/products/updates?clientId=1l40w8wuc:0
[  852549ms] [ERROR] SSE connection error: Event @ webpack-internal:///(app-pages-browser)/./node_modules/next/dist/next-devtools/userspace/app/errors/intercept-console-error.js:56
[  852549ms] [ERROR] Failed to load resource: net::ERR_CONNECTION_REFUSED @ http://localhost:3060/api/products/updates?clientId=mrus2y4gw:0
[  852549ms] [ERROR] SSE connection error: Event @ webpack-internal:///(app-pages-browser)/./node_modules/next/dist/next-devtools/userspace/app/errors/intercept-console-error.js:56
[  852549ms] [ERROR] Failed to load resource: net::ERR_CONNECTION_REFUSED @ http://localhost:3060/api/products/updates?clientId=1l40w8wuc:0
[  855555ms] [ERROR] SSE connection error: Event @ webpack-internal:///(app-pages-browser)/./node_modules/next/dist/next-devtools/userspace/app/errors/intercept-console-error.js:56
[  855555ms] [ERROR] Failed to load resource: net::ERR_CONNECTION_REFUSED @ http://localhost:3060/api/products/updates?clientId=mrus2y4gw:0
[  855555ms] [ERROR] SSE connection error: Event @ webpack-internal:///(app-pages-browser)/./node_modules/next/dist/next-devtools/userspace/app/errors/intercept-console-error.js:56
[  855556ms] [ERROR] Failed to load resource: net::ERR_CONNECTION_REFUSED @ http://localhost:3060/api/products/updates?clientId=1l40w8wuc:0
[  858557ms] [ERROR] SSE connection error: Event @ webpack-internal:///(app-pages-browser)/./node_modules/next/dist/next-devtools/userspace/app/errors/intercept-console-error.js:56
[  858558ms] [ERROR] Failed to load resource: net::ERR_CONNECTION_REFUSED @ http://localhost:3060/api/products/updates?clientId=mrus2y4gw:0
[  858558ms] [ERROR] SSE connection error: Event @ webpack-internal:///(app-pages-browser)/./node_modules/next/dist/next-devtools/userspace/app/errors/intercept-console-error.js:56
[  858558ms] [ERROR] Failed to load resource: net::ERR_CONNECTION_REFUSED @ http://localhost:3060/api/products/updates?clientId=1l40w8wuc:0
[  861562ms] [ERROR] SSE connection error: Event @ webpack-internal:///(app-pages-browser)/./node_modules/next/dist/next-devtools/userspace/app/errors/intercept-console-error.js:56
[  861563ms] [ERROR] Failed to load resource: net::ERR_CONNECTION_REFUSED @ http://localhost:3060/api/products/updates?clientId=mrus2y4gw:0
[  861563ms] [ERROR] SSE connection error: Event @ webpack-internal:///(app-pages-browser)/./node_modules/next/dist/next-devtools/userspace/app/errors/intercept-console-error.js:56
[  861563ms] [ERROR] Failed to load resource: net::ERR_CONNECTION_REFUSED @ http://localhost:3060/api/products/updates?clientId=1l40w8wuc:0
[  864567ms] [ERROR] SSE connection error: Event @ webpack-internal:///(app-pages-browser)/./node_modules/next/dist/next-devtools/userspace/app/errors/intercept-console-error.js:56
[  864567ms] [ERROR] Failed to load resource: net::ERR_CONNECTION_REFUSED @ http://localhost:3060/api/products/updates?clientId=mrus2y4gw:0
[  864567ms] [ERROR] SSE connection error: Event @ webpack-internal:///(app-pages-browser)/./node_modules/next/dist/next-devtools/userspace/app/errors/intercept-console-error.js:56
[  864568ms] [ERROR] Failed to load resource: net::ERR_CONNECTION_REFUSED @ http://localhost:3060/api/products/updates?clientId=1l40w8wuc:0
[  867570ms] [ERROR] SSE connection error: Event @ webpack-internal:///(app-pages-browser)/./node_modules/next/dist/next-devtools/userspace/app/errors/intercept-console-error.js:56
[  867570ms] [ERROR] Failed to load resource: net::ERR_CONNECTION_REFUSED @ http://localhost:3060/api/products/updates?clientId=mrus2y4gw:0
[  867570ms] [ERROR] SSE connection error: Event @ webpack-internal:///(app-pages-browser)/./node_modules/next/dist/next-devtools/userspace/app/errors/intercept-console-error.js:56
[  867571ms] [ERROR] Failed to load resource: net::ERR_CONNECTION_REFUSED @ http://localhost:3060/api/products/updates?clientId=1l40w8wuc:0
[  870573ms] [ERROR] SSE connection error: Event @ webpack-internal:///(app-pages-browser)/./node_modules/next/dist/next-devtools/userspace/app/errors/intercept-console-error.js:56
[  870573ms] [ERROR] Failed to load resource: net::ERR_CONNECTION_REFUSED @ http://localhost:3060/api/products/updates?clientId=mrus2y4gw:0
[  870574ms] [ERROR] SSE connection error: Event @ webpack-internal:///(app-pages-browser)/./node_modules/next/dist/next-devtools/userspace/app/errors/intercept-console-error.js:56
[  870574ms] [ERROR] Failed to load resource: net::ERR_CONNECTION_REFUSED @ http://localhost:3060/api/products/updates?clientId=1l40w8wuc:0
[  873578ms] [ERROR] SSE connection error: Event @ webpack-internal:///(app-pages-browser)/./node_modules/next/dist/next-devtools/userspace/app/errors/intercept-console-error.js:56
[  873579ms] [ERROR] Failed to load resource: net::ERR_CONNECTION_REFUSED @ http://localhost:3060/api/products/updates?clientId=mrus2y4gw:0
[  873579ms] [ERROR] SSE connection error: Event @ webpack-internal:///(app-pages-browser)/./node_modules/next/dist/next-devtools/userspace/app/errors/intercept-console-error.js:56
[  873580ms] [ERROR] Failed to load resource: net::ERR_CONNECTION_REFUSED @ http://localhost:3060/api/products/updates?clientId=1l40w8wuc:0
[  876582ms] [ERROR] SSE connection error: Event @ webpack-internal:///(app-pages-browser)/./node_modules/next/dist/next-devtools/userspace/app/errors/intercept-console-error.js:56
[  876582ms] [ERROR] Failed to load resource: net::ERR_CONNECTION_REFUSED @ http://localhost:3060/api/products/updates?clientId=mrus2y4gw:0
[  876582ms] [ERROR] SSE connection error: Event @ webpack-internal:///(app-pages-browser)/./node_modules/next/dist/next-devtools/userspace/app/errors/intercept-console-error.js:56
[  876582ms] [ERROR] Failed to load resource: net::ERR_CONNECTION_REFUSED @ http://localhost:3060/api/products/updates?clientId=1l40w8wuc:0
[  879586ms] [ERROR] SSE connection error: Event @ webpack-internal:///(app-pages-browser)/./node_modules/next/dist/next-devtools/userspace/app/errors/intercept-console-error.js:56
[  879586ms] [ERROR] Failed to load resource: net::ERR_CONNECTION_REFUSED @ http://localhost:3060/api/products/updates?clientId=mrus2y4gw:0
[  879586ms] [ERROR] SSE connection error: Event @ webpack-internal:///(app-pages-browser)/./node_modules/next/dist/next-devtools/userspace/app/errors/intercept-console-error.js:56
[  879587ms] [ERROR] Failed to load resource: net::ERR_CONNECTION_REFUSED @ http://localhost:3060/api/products/updates?clientId=1l40w8wuc:0
[  882589ms] [ERROR] SSE connection error: Event @ webpack-internal:///(app-pages-browser)/./node_modules/next/dist/next-devtools/userspace/app/errors/intercept-console-error.js:56
[  882590ms] [ERROR] Failed to load resource: net::ERR_CONNECTION_REFUSED @ http://localhost:3060/api/products/updates?clientId=mrus2y4gw:0
[  882590ms] [ERROR] SSE connection error: Event @ webpack-internal:///(app-pages-browser)/./node_modules/next/dist/next-devtools/userspace/app/errors/intercept-console-error.js:56
[  882590ms] [ERROR] Failed to load resource: net::ERR_CONNECTION_REFUSED @ http://localhost:3060/api/products/updates?clientId=1l40w8wuc:0
[  885591ms] [ERROR] SSE connection error: Event @ webpack-internal:///(app-pages-browser)/./node_modules/next/dist/next-devtools/userspace/app/errors/intercept-console-error.js:56
[  885591ms] [ERROR] Failed to load resource: net::ERR_CONNECTION_REFUSED @ http://localhost:3060/api/products/updates?clientId=mrus2y4gw:0
[  885591ms] [ERROR] SSE connection error: Event @ webpack-internal:///(app-pages-browser)/./node_modules/next/dist/next-devtools/userspace/app/errors/intercept-console-error.js:56
[  885591ms] [ERROR] Failed to load resource: net::ERR_CONNECTION_REFUSED @ http://localhost:3060/api/products/updates?clientId=1l40w8wuc:0
[  888594ms] [ERROR] SSE connection error: Event @ webpack-internal:///(app-pages-browser)/./node_modules/next/dist/next-devtools/userspace/app/errors/intercept-console-error.js:56
[  888594ms] [ERROR] Failed to load resource: net::ERR_CONNECTION_REFUSED @ http://localhost:3060/api/products/updates?clientId=mrus2y4gw:0
[  888595ms] [ERROR] SSE connection error: Event @ webpack-internal:///(app-pages-browser)/./node_modules/next/dist/next-devtools/userspace/app/errors/intercept-console-error.js:56
[  888595ms] [ERROR] Failed to load resource: net::ERR_CONNECTION_REFUSED @ http://localhost:3060/api/products/updates?clientId=1l40w8wuc:0
[  891599ms] [ERROR] SSE connection error: Event @ webpack-internal:///(app-pages-browser)/./node_modules/next/dist/next-devtools/userspace/app/errors/intercept-console-error.js:56
[  891599ms] [ERROR] Failed to load resource: net::ERR_CONNECTION_REFUSED @ http://localhost:3060/api/products/updates?clientId=mrus2y4gw:0
[  891600ms] [ERROR] SSE connection error: Event @ webpack-internal:///(app-pages-browser)/./node_modules/next/dist/next-devtools/userspace/app/errors/intercept-console-error.js:56
[  891600ms] [ERROR] Failed to load resource: net::ERR_CONNECTION_REFUSED @ http://localhost:3060/api/products/updates?clientId=1l40w8wuc:0
[  894617ms] [ERROR] SSE connection error: Event @ webpack-internal:///(app-pages-browser)/./node_modules/next/dist/next-devtools/userspace/app/errors/intercept-console-error.js:56
[  894621ms] [ERROR] Failed to load resource: net::ERR_CONNECTION_REFUSED @ http://localhost:3060/api/products/updates?clientId=mrus2y4gw:0
[  894621ms] [ERROR] SSE connection error: Event @ webpack-internal:///(app-pages-browser)/./node_modules/next/dist/next-devtools/userspace/app/errors/intercept-console-error.js:56
[  894621ms] [ERROR] Failed to load resource: net::ERR_CONNECTION_REFUSED @ http://localhost:3060/api/products/updates?clientId=1l40w8wuc:0
[  897622ms] [ERROR] SSE connection error: Event @ webpack-internal:///(app-pages-browser)/./node_modules/next/dist/next-devtools/userspace/app/errors/intercept-console-error.js:56
[  897622ms] [ERROR] Failed to load resource: net::ERR_CONNECTION_REFUSED @ http://localhost:3060/api/products/updates?clientId=mrus2y4gw:0
[  897623ms] [ERROR] SSE connection error: Event @ webpack-internal:///(app-pages-browser)/./node_modules/next/dist/next-devtools/userspace/app/errors/intercept-console-error.js:56
[  897624ms] [ERROR] Failed to load resource: net::ERR_CONNECTION_REFUSED @ http://localhost:3060/api/products/updates?clientId=1l40w8wuc:0
[  900634ms] [ERROR] SSE connection error: Event @ webpack-internal:///(app-pages-browser)/./node_modules/next/dist/next-devtools/userspace/app/errors/intercept-console-error.js:56
[  900635ms] [ERROR] Failed to load resource: net::ERR_CONNECTION_REFUSED @ http://localhost:3060/api/products/updates?clientId=mrus2y4gw:0
[  900635ms] [ERROR] SSE connection error: Event @ webpack-internal:///(app-pages-browser)/./node_modules/next/dist/next-devtools/userspace/app/errors/intercept-console-error.js:56
[  900635ms] [ERROR] Failed to load resource: net::ERR_CONNECTION_REFUSED @ http://localhost:3060/api/products/updates?clientId=1l40w8wuc:0
[  903637ms] [ERROR] SSE connection error: Event @ webpack-internal:///(app-pages-browser)/./node_modules/next/dist/next-devtools/userspace/app/errors/intercept-console-error.js:56
[  903637ms] [ERROR] Failed to load resource: net::ERR_CONNECTION_REFUSED @ http://localhost:3060/api/products/updates?clientId=mrus2y4gw:0
[  903637ms] [ERROR] SSE connection error: Event @ webpack-internal:///(app-pages-browser)/./node_modules/next/dist/next-devtools/userspace/app/errors/intercept-console-error.js:56
[  903638ms] [ERROR] Failed to load resource: net::ERR_CONNECTION_REFUSED @ http://localhost:3060/api/products/updates?clientId=1l40w8wuc:0
[  906641ms] [ERROR] SSE connection error: Event @ webpack-internal:///(app-pages-browser)/./node_modules/next/dist/next-devtools/userspace/app/errors/intercept-console-error.js:56
[  906641ms] [ERROR] Failed to load resource: net::ERR_CONNECTION_REFUSED @ http://localhost:3060/api/products/updates?clientId=mrus2y4gw:0
[  906641ms] [ERROR] SSE connection error: Event @ webpack-internal:///(app-pages-browser)/./node_modules/next/dist/next-devtools/userspace/app/errors/intercept-console-error.js:56
[  906641ms] [ERROR] Failed to load resource: net::ERR_CONNECTION_REFUSED @ http://localhost:3060/api/products/updates?clientId=1l40w8wuc:0
[  909644ms] [ERROR] SSE connection error: Event @ webpack-internal:///(app-pages-browser)/./node_modules/next/dist/next-devtools/userspace/app/errors/intercept-console-error.js:56
[  909644ms] [ERROR] Failed to load resource: net::ERR_CONNECTION_REFUSED @ http://localhost:3060/api/products/updates?clientId=mrus2y4gw:0
[  909644ms] [ERROR] SSE connection error: Event @ webpack-internal:///(app-pages-browser)/./node_modules/next/dist/next-devtools/userspace/app/errors/intercept-console-error.js:56
[  909644ms] [ERROR] Failed to load resource: net::ERR_CONNECTION_REFUSED @ http://localhost:3060/api/products/updates?clientId=1l40w8wuc:0
[  912646ms] [ERROR] SSE connection error: Event @ webpack-internal:///(app-pages-browser)/./node_modules/next/dist/next-devtools/userspace/app/errors/intercept-console-error.js:56
[  912646ms] [ERROR] Failed to load resource: net::ERR_CONNECTION_REFUSED @ http://localhost:3060/api/products/updates?clientId=mrus2y4gw:0
[  912646ms] [ERROR] SSE connection error: Event @ webpack-internal:///(app-pages-browser)/./node_modules/next/dist/next-devtools/userspace/app/errors/intercept-console-error.js:56
[  912646ms] [ERROR] Failed to load resource: net::ERR_CONNECTION_REFUSED @ http://localhost:3060/api/products/updates?clientId=1l40w8wuc:0
[  915647ms] [ERROR] SSE connection error: Event @ webpack-internal:///(app-pages-browser)/./node_modules/next/dist/next-devtools/userspace/app/errors/intercept-console-error.js:56
[  915647ms] [ERROR] Failed to load resource: net::ERR_CONNECTION_REFUSED @ http://localhost:3060/api/products/updates?clientId=mrus2y4gw:0
[  915648ms] [ERROR] SSE connection error: Event @ webpack-internal:///(app-pages-browser)/./node_modules/next/dist/next-devtools/userspace/app/errors/intercept-console-error.js:56
[  915648ms] [ERROR] Failed to load resource: net::ERR_CONNECTION_REFUSED @ http://localhost:3060/api/products/updates?clientId=1l40w8wuc:0
[  918650ms] [ERROR] SSE connection error: Event @ webpack-internal:///(app-pages-browser)/./node_modules/next/dist/next-devtools/userspace/app/errors/intercept-console-error.js:56
[  918650ms] [ERROR] Failed to load resource: net::ERR_CONNECTION_REFUSED @ http://localhost:3060/api/products/updates?clientId=mrus2y4gw:0
[  918650ms] [ERROR] SSE connection error: Event @ webpack-internal:///(app-pages-browser)/./node_modules/next/dist/next-devtools/userspace/app/errors/intercept-console-error.js:56
[  918650ms] [ERROR] Failed to load resource: net::ERR_CONNECTION_REFUSED @ http://localhost:3060/api/products/updates?clientId=1l40w8wuc:0
[  921655ms] [ERROR] SSE connection error: Event @ webpack-internal:///(app-pages-browser)/./node_modules/next/dist/next-devtools/userspace/app/errors/intercept-console-error.js:56
[  921656ms] [ERROR] Failed to load resource: net::ERR_CONNECTION_REFUSED @ http://localhost:3060/api/products/updates?clientId=mrus2y4gw:0
[  921656ms] [ERROR] SSE connection error: Event @ webpack-internal:///(app-pages-browser)/./node_modules/next/dist/next-devtools/userspace/app/errors/intercept-console-error.js:56
[  921656ms] [ERROR] Failed to load resource: net::ERR_CONNECTION_REFUSED @ http://localhost:3060/api/products/updates?clientId=1l40w8wuc:0
[  924660ms] [ERROR] SSE connection error: Event @ webpack-internal:///(app-pages-browser)/./node_modules/next/dist/next-devtools/userspace/app/errors/intercept-console-error.js:56
[  924660ms] [ERROR] Failed to load resource: net::ERR_CONNECTION_REFUSED @ http://localhost:3060/api/products/updates?clientId=mrus2y4gw:0
[  924661ms] [ERROR] SSE connection error: Event @ webpack-internal:///(app-pages-browser)/./node_modules/next/dist/next-devtools/userspace/app/errors/intercept-console-error.js:56
[  924661ms] [ERROR] Failed to load resource: net::ERR_CONNECTION_REFUSED @ http://localhost:3060/api/products/updates?clientId=1l40w8wuc:0
[  927662ms] [ERROR] SSE connection error: Event @ webpack-internal:///(app-pages-browser)/./node_modules/next/dist/next-devtools/userspace/app/errors/intercept-console-error.js:56
[  927663ms] [ERROR] Failed to load resource: net::ERR_CONNECTION_REFUSED @ http://localhost:3060/api/products/updates?clientId=mrus2y4gw:0
[  927663ms] [ERROR] SSE connection error: Event @ webpack-internal:///(app-pages-browser)/./node_modules/next/dist/next-devtools/userspace/app/errors/intercept-console-error.js:56
[  927663ms] [ERROR] Failed to load resource: net::ERR_CONNECTION_REFUSED @ http://localhost:3060/api/products/updates?clientId=1l40w8wuc:0
[  930664ms] [ERROR] SSE connection error: Event @ webpack-internal:///(app-pages-browser)/./node_modules/next/dist/next-devtools/userspace/app/errors/intercept-console-error.js:56
[  930665ms] [ERROR] Failed to load resource: net::ERR_CONNECTION_REFUSED @ http://localhost:3060/api/products/updates?clientId=mrus2y4gw:0
[  930665ms] [ERROR] SSE connection error: Event @ webpack-internal:///(app-pages-browser)/./node_modules/next/dist/next-devtools/userspace/app/errors/intercept-console-error.js:56
[  930665ms] [ERROR] Failed to load resource: net::ERR_CONNECTION_REFUSED @ http://localhost:3060/api/products/updates?clientId=1l40w8wuc:0
[  933669ms] [ERROR] SSE connection error: Event @ webpack-internal:///(app-pages-browser)/./node_modules/next/dist/next-devtools/userspace/app/errors/intercept-console-error.js:56
[  933669ms] [ERROR] Failed to load resource: net::ERR_CONNECTION_REFUSED @ http://localhost:3060/api/products/updates?clientId=mrus2y4gw:0
[  933669ms] [ERROR] SSE connection error: Event @ webpack-internal:///(app-pages-browser)/./node_modules/next/dist/next-devtools/userspace/app/errors/intercept-console-error.js:56
[  933669ms] [ERROR] Failed to load resource: net::ERR_CONNECTION_REFUSED @ http://localhost:3060/api/products/updates?clientId=1l40w8wuc:0
[  936674ms] [ERROR] SSE connection error: Event @ webpack-internal:///(app-pages-browser)/./node_modules/next/dist/next-devtools/userspace/app/errors/intercept-console-error.js:56
[  936675ms] [ERROR] Failed to load resource: net::ERR_CONNECTION_REFUSED @ http://localhost:3060/api/products/updates?clientId=1l40w8wuc:0
[  936675ms] [ERROR] SSE connection error: Event @ webpack-internal:///(app-pages-browser)/./node_modules/next/dist/next-devtools/userspace/app/errors/intercept-console-error.js:56
[  936675ms] [ERROR] Failed to load resource: net::ERR_CONNECTION_REFUSED @ http://localhost:3060/api/products/updates?clientId=mrus2y4gw:0
[  939680ms] [ERROR] SSE connection error: Event @ webpack-internal:///(app-pages-browser)/./node_modules/next/dist/next-devtools/userspace/app/errors/intercept-console-error.js:56
[  939681ms] [ERROR] Failed to load resource: net::ERR_CONNECTION_REFUSED @ http://localhost:3060/api/products/updates?clientId=1l40w8wuc:0
[  939681ms] [ERROR] SSE connection error: Event @ webpack-internal:///(app-pages-browser)/./node_modules/next/dist/next-devtools/userspace/app/errors/intercept-console-error.js:56
[  939681ms] [ERROR] Failed to load resource: net::ERR_CONNECTION_REFUSED @ http://localhost:3060/api/products/updates?clientId=mrus2y4gw:0
[  942684ms] [ERROR] SSE connection error: Event @ webpack-internal:///(app-pages-browser)/./node_modules/next/dist/next-devtools/userspace/app/errors/intercept-console-error.js:56
[  942685ms] [ERROR] Failed to load resource: net::ERR_CONNECTION_REFUSED @ http://localhost:3060/api/products/updates?clientId=1l40w8wuc:0
[  942685ms] [ERROR] SSE connection error: Event @ webpack-internal:///(app-pages-browser)/./node_modules/next/dist/next-devtools/userspace/app/errors/intercept-console-error.js:56
[  942685ms] [ERROR] Failed to load resource: net::ERR_CONNECTION_REFUSED @ http://localhost:3060/api/products/updates?clientId=mrus2y4gw:0
[  945686ms] [ERROR] SSE connection error: Event @ webpack-internal:///(app-pages-browser)/./node_modules/next/dist/next-devtools/userspace/app/errors/intercept-console-error.js:56
[  945686ms] [ERROR] Failed to load resource: net::ERR_CONNECTION_REFUSED @ http://localhost:3060/api/products/updates?clientId=1l40w8wuc:0
[  945687ms] [ERROR] SSE connection error: Event @ webpack-internal:///(app-pages-browser)/./node_modules/next/dist/next-devtools/userspace/app/errors/intercept-console-error.js:56
[  945688ms] [ERROR] Failed to load resource: net::ERR_CONNECTION_REFUSED @ http://localhost:3060/api/products/updates?clientId=mrus2y4gw:0
[  948688ms] [ERROR] SSE connection error: Event @ webpack-internal:///(app-pages-browser)/./node_modules/next/dist/next-devtools/userspace/app/errors/intercept-console-error.js:56
[  948688ms] [ERROR] Failed to load resource: net::ERR_CONNECTION_REFUSED @ http://localhost:3060/api/products/updates?clientId=1l40w8wuc:0
[  948688ms] [ERROR] SSE connection error: Event @ webpack-internal:///(app-pages-browser)/./node_modules/next/dist/next-devtools/userspace/app/errors/intercept-console-error.js:56
[  948688ms] [ERROR] Failed to load resource: net::ERR_CONNECTION_REFUSED @ http://localhost:3060/api/products/updates?clientId=mrus2y4gw:0
[  951690ms] [ERROR] SSE connection error: Event @ webpack-internal:///(app-pages-browser)/./node_modules/next/dist/next-devtools/userspace/app/errors/intercept-console-error.js:56
[  951690ms] [ERROR] Failed to load resource: net::ERR_CONNECTION_REFUSED @ http://localhost:3060/api/products/updates?clientId=1l40w8wuc:0
[  951690ms] [ERROR] SSE connection error: Event @ webpack-internal:///(app-pages-browser)/./node_modules/next/dist/next-devtools/userspace/app/errors/intercept-console-error.js:56
[  951690ms] [ERROR] Failed to load resource: net::ERR_CONNECTION_REFUSED @ http://localhost:3060/api/products/updates?clientId=mrus2y4gw:0
[  954691ms] [ERROR] SSE connection error: Event @ webpack-internal:///(app-pages-browser)/./node_modules/next/dist/next-devtools/userspace/app/errors/intercept-console-error.js:56
[  954691ms] [ERROR] Failed to load resource: net::ERR_CONNECTION_REFUSED @ http://localhost:3060/api/products/updates?clientId=1l40w8wuc:0
[  954691ms] [ERROR] SSE connection error: Event @ webpack-internal:///(app-pages-browser)/./node_modules/next/dist/next-devtools/userspace/app/errors/intercept-console-error.js:56
[  954692ms] [ERROR] Failed to load resource: net::ERR_CONNECTION_REFUSED @ http://localhost:3060/api/products/updates?clientId=mrus2y4gw:0
[  957693ms] [ERROR] SSE connection error: Event @ webpack-internal:///(app-pages-browser)/./node_modules/next/dist/next-devtools/userspace/app/errors/intercept-console-error.js:56
[  957694ms] [ERROR] Failed to load resource: net::ERR_CONNECTION_REFUSED @ http://localhost:3060/api/products/updates?clientId=1l40w8wuc:0
[  957694ms] [ERROR] SSE connection error: Event @ webpack-internal:///(app-pages-browser)/./node_modules/next/dist/next-devtools/userspace/app/errors/intercept-console-error.js:56
[  957694ms] [ERROR] Failed to load resource: net::ERR_CONNECTION_REFUSED @ http://localhost:3060/api/products/updates?clientId=mrus2y4gw:0
[  960700ms] [ERROR] SSE connection error: Event @ webpack-internal:///(app-pages-browser)/./node_modules/next/dist/next-devtools/userspace/app/errors/intercept-console-error.js:56
[  960701ms] [ERROR] Failed to load resource: net::ERR_CONNECTION_REFUSED @ http://localhost:3060/api/products/updates?clientId=1l40w8wuc:0
[  960701ms] [ERROR] SSE connection error: Event @ webpack-internal:///(app-pages-browser)/./node_modules/next/dist/next-devtools/userspace/app/errors/intercept-console-error.js:56
[  960701ms] [ERROR] Failed to load resource: net::ERR_CONNECTION_REFUSED @ http://localhost:3060/api/products/updates?clientId=mrus2y4gw:0
[  963704ms] [ERROR] SSE connection error: Event @ webpack-internal:///(app-pages-browser)/./node_modules/next/dist/next-devtools/userspace/app/errors/intercept-console-error.js:56
[  963704ms] [ERROR] Failed to load resource: net::ERR_CONNECTION_REFUSED @ http://localhost:3060/api/products/updates?clientId=1l40w8wuc:0
[  963705ms] [ERROR] SSE connection error: Event @ webpack-internal:///(app-pages-browser)/./node_modules/next/dist/next-devtools/userspace/app/errors/intercept-console-error.js:56
[  963705ms] [ERROR] Failed to load resource: net::ERR_CONNECTION_REFUSED @ http://localhost:3060/api/products/updates?clientId=mrus2y4gw:0
[  966708ms] [ERROR] SSE connection error: Event @ webpack-internal:///(app-pages-browser)/./node_modules/next/dist/next-devtools/userspace/app/errors/intercept-console-error.js:56
[  966708ms] [ERROR] Failed to load resource: net::ERR_CONNECTION_REFUSED @ http://localhost:3060/api/products/updates?clientId=1l40w8wuc:0
[  966708ms] [ERROR] SSE connection error: Event @ webpack-internal:///(app-pages-browser)/./node_modules/next/dist/next-devtools/userspace/app/errors/intercept-console-error.js:56
[  966708ms] [ERROR] Failed to load resource: net::ERR_CONNECTION_REFUSED @ http://localhost:3060/api/products/updates?clientId=mrus2y4gw:0
[  969712ms] [ERROR] SSE connection error: Event @ webpack-internal:///(app-pages-browser)/./node_modules/next/dist/next-devtools/userspace/app/errors/intercept-console-error.js:56
[  969713ms] [ERROR] Failed to load resource: net::ERR_CONNECTION_REFUSED @ http://localhost:3060/api/products/updates?clientId=1l40w8wuc:0
[  969713ms] [ERROR] SSE connection error: Event @ webpack-internal:///(app-pages-browser)/./node_modules/next/dist/next-devtools/userspace/app/errors/intercept-console-error.js:56
[  969713ms] [ERROR] Failed to load resource: net::ERR_CONNECTION_REFUSED @ http://localhost:3060/api/products/updates?clientId=mrus2y4gw:0
[  972714ms] [ERROR] SSE connection error: Event @ webpack-internal:///(app-pages-browser)/./node_modules/next/dist/next-devtools/userspace/app/errors/intercept-console-error.js:56
[  972715ms] [ERROR] Failed to load resource: net::ERR_CONNECTION_REFUSED @ http://localhost:3060/api/products/updates?clientId=1l40w8wuc:0
[  972715ms] [ERROR] SSE connection error: Event @ webpack-internal:///(app-pages-browser)/./node_modules/next/dist/next-devtools/userspace/app/errors/intercept-console-error.js:56
[  972715ms] [ERROR] Failed to load resource: net::ERR_CONNECTION_REFUSED @ http://localhost:3060/api/products/updates?clientId=mrus2y4gw:0
[  975719ms] [ERROR] SSE connection error: Event @ webpack-internal:///(app-pages-browser)/./node_modules/next/dist/next-devtools/userspace/app/errors/intercept-console-error.js:56
[  975719ms] [ERROR] Failed to load resource: net::ERR_CONNECTION_REFUSED @ http://localhost:3060/api/products/updates?clientId=1l40w8wuc:0
[  975720ms] [ERROR] SSE connection error: Event @ webpack-internal:///(app-pages-browser)/./node_modules/next/dist/next-devtools/userspace/app/errors/intercept-console-error.js:56
[  975720ms] [ERROR] Failed to load resource: net::ERR_CONNECTION_REFUSED @ http://localhost:3060/api/products/updates?clientId=mrus2y4gw:0
[  978722ms] [ERROR] SSE connection error: Event @ webpack-internal:///(app-pages-browser)/./node_modules/next/dist/next-devtools/userspace/app/errors/intercept-console-error.js:56
[  978722ms] [ERROR] Failed to load resource: net::ERR_CONNECTION_REFUSED @ http://localhost:3060/api/products/updates?clientId=1l40w8wuc:0
[  978722ms] [ERROR] SSE connection error: Event @ webpack-internal:///(app-pages-browser)/./node_modules/next/dist/next-devtools/userspace/app/errors/intercept-console-error.js:56
[  978722ms] [ERROR] Failed to load resource: net::ERR_CONNECTION_REFUSED @ http://localhost:3060/api/products/updates?clientId=mrus2y4gw:0
[  981725ms] [ERROR] SSE connection error: Event @ webpack-internal:///(app-pages-browser)/./node_modules/next/dist/next-devtools/userspace/app/errors/intercept-console-error.js:56
[  981725ms] [ERROR] Failed to load resource: net::ERR_CONNECTION_REFUSED @ http://localhost:3060/api/products/updates?clientId=1l40w8wuc:0
[  981725ms] [ERROR] SSE connection error: Event @ webpack-internal:///(app-pages-browser)/./node_modules/next/dist/next-devtools/userspace/app/errors/intercept-console-error.js:56
[  981726ms] [ERROR] Failed to load resource: net::ERR_CONNECTION_REFUSED @ http://localhost:3060/api/products/updates?clientId=mrus2y4gw:0
[  984728ms] [ERROR] SSE connection error: Event @ webpack-internal:///(app-pages-browser)/./node_modules/next/dist/next-devtools/userspace/app/errors/intercept-console-error.js:56
[  984728ms] [ERROR] Failed to load resource: net::ERR_CONNECTION_REFUSED @ http://localhost:3060/api/products/updates?clientId=1l40w8wuc:0
[  984728ms] [ERROR] SSE connection error: Event @ webpack-internal:///(app-pages-browser)/./node_modules/next/dist/next-devtools/userspace/app/errors/intercept-console-error.js:56
[  984728ms] [ERROR] Failed to load resource: net::ERR_CONNECTION_REFUSED @ http://localhost:3060/api/products/updates?clientId=mrus2y4gw:0
[  987731ms] [ERROR] SSE connection error: Event @ webpack-internal:///(app-pages-browser)/./node_modules/next/dist/next-devtools/userspace/app/errors/intercept-console-error.js:56
[  987731ms] [ERROR] Failed to load resource: net::ERR_CONNECTION_REFUSED @ http://localhost:3060/api/products/updates?clientId=1l40w8wuc:0
[  987731ms] [ERROR] SSE connection error: Event @ webpack-internal:///(app-pages-browser)/./node_modules/next/dist/next-devtools/userspace/app/errors/intercept-console-error.js:56
[  987731ms] [ERROR] Failed to load resource: net::ERR_CONNECTION_REFUSED @ http://localhost:3060/api/products/updates?clientId=mrus2y4gw:0
[  990734ms] [ERROR] SSE connection error: Event @ webpack-internal:///(app-pages-browser)/./node_modules/next/dist/next-devtools/userspace/app/errors/intercept-console-error.js:56
[  990734ms] [ERROR] Failed to load resource: net::ERR_CONNECTION_REFUSED @ http://localhost:3060/api/products/updates?clientId=1l40w8wuc:0
[  990734ms] [ERROR] SSE connection error: Event @ webpack-internal:///(app-pages-browser)/./node_modules/next/dist/next-devtools/userspace/app/errors/intercept-console-error.js:56
[  990734ms] [ERROR] Failed to load resource: net::ERR_CONNECTION_REFUSED @ http://localhost:3060/api/products/updates?clientId=mrus2y4gw:0
[  993737ms] [ERROR] SSE connection error: Event @ webpack-internal:///(app-pages-browser)/./node_modules/next/dist/next-devtools/userspace/app/errors/intercept-console-error.js:56
[  993737ms] [ERROR] Failed to load resource: net::ERR_CONNECTION_REFUSED @ http://localhost:3060/api/products/updates?clientId=1l40w8wuc:0
[  993737ms] [ERROR] SSE connection error: Event @ webpack-internal:///(app-pages-browser)/./node_modules/next/dist/next-devtools/userspace/app/errors/intercept-console-error.js:56
[  993737ms] [ERROR] Failed to load resource: net::ERR_CONNECTION_REFUSED @ http://localhost:3060/api/products/updates?clientId=mrus2y4gw:0
[  996738ms] [ERROR] SSE connection error: Event @ webpack-internal:///(app-pages-browser)/./node_modules/next/dist/next-devtools/userspace/app/errors/intercept-console-error.js:56
[  996738ms] [ERROR] Failed to load resource: net::ERR_CONNECTION_REFUSED @ http://localhost:3060/api/products/updates?clientId=1l40w8wuc:0
[  996738ms] [ERROR] SSE connection error: Event @ webpack-internal:///(app-pages-browser)/./node_modules/next/dist/next-devtools/userspace/app/errors/intercept-console-error.js:56
[  996738ms] [ERROR] Failed to load resource: net::ERR_CONNECTION_REFUSED @ http://localhost:3060/api/products/updates?clientId=mrus2y4gw:0
[  999742ms] [ERROR] SSE connection error: Event @ webpack-internal:///(app-pages-browser)/./node_modules/next/dist/next-devtools/userspace/app/errors/intercept-console-error.js:56
[  999742ms] [ERROR] Failed to load resource: net::ERR_CONNECTION_REFUSED @ http://localhost:3060/api/products/updates?clientId=1l40w8wuc:0
[  999743ms] [ERROR] SSE connection error: Event @ webpack-internal:///(app-pages-browser)/./node_modules/next/dist/next-devtools/userspace/app/errors/intercept-console-error.js:56
[  999743ms] [ERROR] Failed to load resource: net::ERR_CONNECTION_REFUSED @ http://localhost:3060/api/products/updates?clientId=mrus2y4gw:0
[ 1002746ms] [ERROR] SSE connection error: Event @ webpack-internal:///(app-pages-browser)/./node_modules/next/dist/next-devtools/userspace/app/errors/intercept-console-error.js:56
[ 1002747ms] [ERROR] Failed to load resource: net::ERR_CONNECTION_REFUSED @ http://localhost:3060/api/products/updates?clientId=1l40w8wuc:0
[ 1002747ms] [ERROR] SSE connection error: Event @ webpack-internal:///(app-pages-browser)/./node_modules/next/dist/next-devtools/userspace/app/errors/intercept-console-error.js:56
[ 1002747ms] [ERROR] Failed to load resource: net::ERR_CONNECTION_REFUSED @ http://localhost:3060/api/products/updates?clientId=mrus2y4gw:0
[ 1005749ms] [ERROR] SSE connection error: Event @ webpack-internal:///(app-pages-browser)/./node_modules/next/dist/next-devtools/userspace/app/errors/intercept-console-error.js:56
[ 1005750ms] [ERROR] Failed to load resource: net::ERR_CONNECTION_REFUSED @ http://localhost:3060/api/products/updates?clientId=1l40w8wuc:0
[ 1005750ms] [ERROR] SSE connection error: Event @ webpack-internal:///(app-pages-browser)/./node_modules/next/dist/next-devtools/userspace/app/errors/intercept-console-error.js:56
[ 1005750ms] [ERROR] Failed to load resource: net::ERR_CONNECTION_REFUSED @ http://localhost:3060/api/products/updates?clientId=mrus2y4gw:0
[ 1008753ms] [ERROR] SSE connection error: Event @ webpack-internal:///(app-pages-browser)/./node_modules/next/dist/next-devtools/userspace/app/errors/intercept-console-error.js:56
[ 1008753ms] [ERROR] Failed to load resource: net::ERR_CONNECTION_REFUSED @ http://localhost:3060/api/products/updates?clientId=1l40w8wuc:0
[ 1008753ms] [ERROR] SSE connection error: Event @ webpack-internal:///(app-pages-browser)/./node_modules/next/dist/next-devtools/userspace/app/errors/intercept-console-error.js:56
[ 1008753ms] [ERROR] Failed to load resource: net::ERR_CONNECTION_REFUSED @ http://localhost:3060/api/products/updates?clientId=mrus2y4gw:0
[ 1011755ms] [ERROR] SSE connection error: Event @ webpack-internal:///(app-pages-browser)/./node_modules/next/dist/next-devtools/userspace/app/errors/intercept-console-error.js:56
[ 1011756ms] [ERROR] Failed to load resource: net::ERR_CONNECTION_REFUSED @ http://localhost:3060/api/products/updates?clientId=1l40w8wuc:0
[ 1011756ms] [ERROR] SSE connection error: Event @ webpack-internal:///(app-pages-browser)/./node_modules/next/dist/next-devtools/userspace/app/errors/intercept-console-error.js:56
[ 1011756ms] [ERROR] Failed to load resource: net::ERR_CONNECTION_REFUSED @ http://localhost:3060/api/products/updates?clientId=mrus2y4gw:0
[ 1014758ms] [ERROR] SSE connection error: Event @ webpack-internal:///(app-pages-browser)/./node_modules/next/dist/next-devtools/userspace/app/errors/intercept-console-error.js:56
[ 1014758ms] [ERROR] Failed to load resource: net::ERR_CONNECTION_REFUSED @ http://localhost:3060/api/products/updates?clientId=1l40w8wuc:0
[ 1014758ms] [ERROR] SSE connection error: Event @ webpack-internal:///(app-pages-browser)/./node_modules/next/dist/next-devtools/userspace/app/errors/intercept-console-error.js:56
[ 1014758ms] [ERROR] Failed to load resource: net::ERR_CONNECTION_REFUSED @ http://localhost:3060/api/products/updates?clientId=mrus2y4gw:0
[ 1017761ms] [ERROR] SSE connection error: Event @ webpack-internal:///(app-pages-browser)/./node_modules/next/dist/next-devtools/userspace/app/errors/intercept-console-error.js:56
[ 1017761ms] [ERROR] Failed to load resource: net::ERR_CONNECTION_REFUSED @ http://localhost:3060/api/products/updates?clientId=1l40w8wuc:0
[ 1017761ms] [ERROR] SSE connection error: Event @ webpack-internal:///(app-pages-browser)/./node_modules/next/dist/next-devtools/userspace/app/errors/intercept-console-error.js:56
[ 1017761ms] [ERROR] Failed to load resource: net::ERR_CONNECTION_REFUSED @ http://localhost:3060/api/products/updates?clientId=mrus2y4gw:0
[ 1020763ms] [ERROR] SSE connection error: Event @ webpack-internal:///(app-pages-browser)/./node_modules/next/dist/next-devtools/userspace/app/errors/intercept-console-error.js:56
[ 1020764ms] [ERROR] Failed to load resource: net::ERR_CONNECTION_REFUSED @ http://localhost:3060/api/products/updates?clientId=1l40w8wuc:0
[ 1020764ms] [ERROR] SSE connection error: Event @ webpack-internal:///(app-pages-browser)/./node_modules/next/dist/next-devtools/userspace/app/errors/intercept-console-error.js:56
[ 1020764ms] [ERROR] Failed to load resource: net::ERR_CONNECTION_REFUSED @ http://localhost:3060/api/products/updates?clientId=mrus2y4gw:0
[ 1023765ms] [ERROR] SSE connection error: Event @ webpack-internal:///(app-pages-browser)/./node_modules/next/dist/next-devtools/userspace/app/errors/intercept-console-error.js:56
[ 1023765ms] [ERROR] Failed to load resource: net::ERR_CONNECTION_REFUSED @ http://localhost:3060/api/products/updates?clientId=1l40w8wuc:0
[ 1023765ms] [ERROR] SSE connection error: Event @ webpack-internal:///(app-pages-browser)/./node_modules/next/dist/next-devtools/userspace/app/errors/intercept-console-error.js:56
[ 1023765ms] [ERROR] Failed to load resource: net::ERR_CONNECTION_REFUSED @ http://localhost:3060/api/products/updates?clientId=mrus2y4gw:0
[ 1026769ms] [ERROR] SSE connection error: Event @ webpack-internal:///(app-pages-browser)/./node_modules/next/dist/next-devtools/userspace/app/errors/intercept-console-error.js:56
[ 1026769ms] [ERROR] Failed to load resource: net::ERR_CONNECTION_REFUSED @ http://localhost:3060/api/products/updates?clientId=1l40w8wuc:0
[ 1026770ms] [ERROR] SSE connection error: Event @ webpack-internal:///(app-pages-browser)/./node_modules/next/dist/next-devtools/userspace/app/errors/intercept-console-error.js:56
[ 1026770ms] [ERROR] Failed to load resource: net::ERR_CONNECTION_REFUSED @ http://localhost:3060/api/products/updates?clientId=mrus2y4gw:0
[ 1029771ms] [ERROR] SSE connection error: Event @ webpack-internal:///(app-pages-browser)/./node_modules/next/dist/next-devtools/userspace/app/errors/intercept-console-error.js:56
[ 1029771ms] [ERROR] Failed to load resource: net::ERR_CONNECTION_REFUSED @ http://localhost:3060/api/products/updates?clientId=1l40w8wuc:0
[ 1029772ms] [ERROR] SSE connection error: Event @ webpack-internal:///(app-pages-browser)/./node_modules/next/dist/next-devtools/userspace/app/errors/intercept-console-error.js:56
[ 1029772ms] [ERROR] Failed to load resource: net::ERR_CONNECTION_REFUSED @ http://localhost:3060/api/products/updates?clientId=mrus2y4gw:0
[ 1032775ms] [ERROR] SSE connection error: Event @ webpack-internal:///(app-pages-browser)/./node_modules/next/dist/next-devtools/userspace/app/errors/intercept-console-error.js:56
[ 1032776ms] [ERROR] Failed to load resource: net::ERR_CONNECTION_REFUSED @ http://localhost:3060/api/products/updates?clientId=1l40w8wuc:0
[ 1032776ms] [ERROR] SSE connection error: Event @ webpack-internal:///(app-pages-browser)/./node_modules/next/dist/next-devtools/userspace/app/errors/intercept-console-error.js:56
[ 1032776ms] [ERROR] Failed to load resource: net::ERR_CONNECTION_REFUSED @ http://localhost:3060/api/products/updates?clientId=mrus2y4gw:0
[ 1035778ms] [ERROR] SSE connection error: Event @ webpack-internal:///(app-pages-browser)/./node_modules/next/dist/next-devtools/userspace/app/errors/intercept-console-error.js:56
[ 1035778ms] [ERROR] Failed to load resource: net::ERR_CONNECTION_REFUSED @ http://localhost:3060/api/products/updates?clientId=1l40w8wuc:0
[ 1035779ms] [ERROR] SSE connection error: Event @ webpack-internal:///(app-pages-browser)/./node_modules/next/dist/next-devtools/userspace/app/errors/intercept-console-error.js:56
[ 1035779ms] [ERROR] Failed to load resource: net::ERR_CONNECTION_REFUSED @ http://localhost:3060/api/products/updates?clientId=mrus2y4gw:0
[ 1038781ms] [ERROR] SSE connection error: Event @ webpack-internal:///(app-pages-browser)/./node_modules/next/dist/next-devtools/userspace/app/errors/intercept-console-error.js:56
[ 1038782ms] [ERROR] Failed to load resource: net::ERR_CONNECTION_REFUSED @ http://localhost:3060/api/products/updates?clientId=1l40w8wuc:0
[ 1038782ms] [ERROR] SSE connection error: Event @ webpack-internal:///(app-pages-browser)/./node_modules/next/dist/next-devtools/userspace/app/errors/intercept-console-error.js:56
[ 1038782ms] [ERROR] Failed to load resource: net::ERR_CONNECTION_REFUSED @ http://localhost:3060/api/products/updates?clientId=mrus2y4gw:0
[ 1041784ms] [ERROR] SSE connection error: Event @ webpack-internal:///(app-pages-browser)/./node_modules/next/dist/next-devtools/userspace/app/errors/intercept-console-error.js:56
[ 1041784ms] [ERROR] Failed to load resource: net::ERR_CONNECTION_REFUSED @ http://localhost:3060/api/products/updates?clientId=1l40w8wuc:0
[ 1041784ms] [ERROR] SSE connection error: Event @ webpack-internal:///(app-pages-browser)/./node_modules/next/dist/next-devtools/userspace/app/errors/intercept-console-error.js:56
[ 1041784ms] [ERROR] Failed to load resource: net::ERR_CONNECTION_REFUSED @ http://localhost:3060/api/products/updates?clientId=mrus2y4gw:0
[ 1044786ms] [ERROR] SSE connection error: Event @ webpack-internal:///(app-pages-browser)/./node_modules/next/dist/next-devtools/userspace/app/errors/intercept-console-error.js:56
[ 1044786ms] [ERROR] Failed to load resource: net::ERR_CONNECTION_REFUSED @ http://localhost:3060/api/products/updates?clientId=1l40w8wuc:0
[ 1044786ms] [ERROR] SSE connection error: Event @ webpack-internal:///(app-pages-browser)/./node_modules/next/dist/next-devtools/userspace/app/errors/intercept-console-error.js:56
[ 1044786ms] [ERROR] Failed to load resource: net::ERR_CONNECTION_REFUSED @ http://localhost:3060/api/products/updates?clientId=mrus2y4gw:0
[ 1047788ms] [ERROR] SSE connection error: Event @ webpack-internal:///(app-pages-browser)/./node_modules/next/dist/next-devtools/userspace/app/errors/intercept-console-error.js:56
[ 1047789ms] [ERROR] Failed to load resource: net::ERR_CONNECTION_REFUSED @ http://localhost:3060/api/products/updates?clientId=1l40w8wuc:0
[ 1047789ms] [ERROR] SSE connection error: Event @ webpack-internal:///(app-pages-browser)/./node_modules/next/dist/next-devtools/userspace/app/errors/intercept-console-error.js:56
[ 1047789ms] [ERROR] Failed to load resource: net::ERR_CONNECTION_REFUSED @ http://localhost:3060/api/products/updates?clientId=mrus2y4gw:0
[ 1050792ms] [ERROR] SSE connection error: Event @ webpack-internal:///(app-pages-browser)/./node_modules/next/dist/next-devtools/userspace/app/errors/intercept-console-error.js:56
[ 1050793ms] [ERROR] Failed to load resource: net::ERR_CONNECTION_REFUSED @ http://localhost:3060/api/products/updates?clientId=1l40w8wuc:0
[ 1050793ms] [ERROR] SSE connection error: Event @ webpack-internal:///(app-pages-browser)/./node_modules/next/dist/next-devtools/userspace/app/errors/intercept-console-error.js:56
[ 1050793ms] [ERROR] Failed to load resource: net::ERR_CONNECTION_REFUSED @ http://localhost:3060/api/products/updates?clientId=mrus2y4gw:0
[ 1053795ms] [ERROR] SSE connection error: Event @ webpack-internal:///(app-pages-browser)/./node_modules/next/dist/next-devtools/userspace/app/errors/intercept-console-error.js:56
[ 1053796ms] [ERROR] Failed to load resource: net::ERR_CONNECTION_REFUSED @ http://localhost:3060/api/products/updates?clientId=1l40w8wuc:0
[ 1053796ms] [ERROR] SSE connection error: Event @ webpack-internal:///(app-pages-browser)/./node_modules/next/dist/next-devtools/userspace/app/errors/intercept-console-error.js:56
[ 1053796ms] [ERROR] Failed to load resource: net::ERR_CONNECTION_REFUSED @ http://localhost:3060/api/products/updates?clientId=mrus2y4gw:0
[ 1056799ms] [ERROR] SSE connection error: Event @ webpack-internal:///(app-pages-browser)/./node_modules/next/dist/next-devtools/userspace/app/errors/intercept-console-error.js:56
[ 1056799ms] [ERROR] Failed to load resource: net::ERR_CONNECTION_REFUSED @ http://localhost:3060/api/products/updates?clientId=1l40w8wuc:0
[ 1056799ms] [ERROR] SSE connection error: Event @ webpack-internal:///(app-pages-browser)/./node_modules/next/dist/next-devtools/userspace/app/errors/intercept-console-error.js:56
[ 1056799ms] [ERROR] Failed to load resource: net::ERR_CONNECTION_REFUSED @ http://localhost:3060/api/products/updates?clientId=mrus2y4gw:0
[ 1059801ms] [ERROR] SSE connection error: Event @ webpack-internal:///(app-pages-browser)/./node_modules/next/dist/next-devtools/userspace/app/errors/intercept-console-error.js:56
[ 1059801ms] [ERROR] Failed to load resource: net::ERR_CONNECTION_REFUSED @ http://localhost:3060/api/products/updates?clientId=1l40w8wuc:0
[ 1059801ms] [ERROR] SSE connection error: Event @ webpack-internal:///(app-pages-browser)/./node_modules/next/dist/next-devtools/userspace/app/errors/intercept-console-error.js:56
[ 1059801ms] [ERROR] Failed to load resource: net::ERR_CONNECTION_REFUSED @ http://localhost:3060/api/products/updates?clientId=mrus2y4gw:0
[ 1062803ms] [ERROR] SSE connection error: Event @ webpack-internal:///(app-pages-browser)/./node_modules/next/dist/next-devtools/userspace/app/errors/intercept-console-error.js:56
[ 1062803ms] [ERROR] Failed to load resource: net::ERR_CONNECTION_REFUSED @ http://localhost:3060/api/products/updates?clientId=1l40w8wuc:0
[ 1062803ms] [ERROR] SSE connection error: Event @ webpack-internal:///(app-pages-browser)/./node_modules/next/dist/next-devtools/userspace/app/errors/intercept-console-error.js:56
[ 1062803ms] [ERROR] Failed to load resource: net::ERR_CONNECTION_REFUSED @ http://localhost:3060/api/products/updates?clientId=mrus2y4gw:0
[ 1065805ms] [ERROR] SSE connection error: Event @ webpack-internal:///(app-pages-browser)/./node_modules/next/dist/next-devtools/userspace/app/errors/intercept-console-error.js:56
[ 1065805ms] [ERROR] Failed to load resource: net::ERR_CONNECTION_REFUSED @ http://localhost:3060/api/products/updates?clientId=1l40w8wuc:0
[ 1065805ms] [ERROR] SSE connection error: Event @ webpack-internal:///(app-pages-browser)/./node_modules/next/dist/next-devtools/userspace/app/errors/intercept-console-error.js:56
[ 1065805ms] [ERROR] Failed to load resource: net::ERR_CONNECTION_REFUSED @ http://localhost:3060/api/products/updates?clientId=mrus2y4gw:0
[ 1068810ms] [ERROR] SSE connection error: Event @ webpack-internal:///(app-pages-browser)/./node_modules/next/dist/next-devtools/userspace/app/errors/intercept-console-error.js:56
[ 1068810ms] [ERROR] Failed to load resource: net::ERR_CONNECTION_REFUSED @ http://localhost:3060/api/products/updates?clientId=1l40w8wuc:0
[ 1068810ms] [ERROR] SSE connection error: Event @ webpack-internal:///(app-pages-browser)/./node_modules/next/dist/next-devtools/userspace/app/errors/intercept-console-error.js:56
[ 1068811ms] [ERROR] Failed to load resource: net::ERR_CONNECTION_REFUSED @ http://localhost:3060/api/products/updates?clientId=mrus2y4gw:0
[ 1071813ms] [ERROR] SSE connection error: Event @ webpack-internal:///(app-pages-browser)/./node_modules/next/dist/next-devtools/userspace/app/errors/intercept-console-error.js:56
[ 1071813ms] [ERROR] Failed to load resource: net::ERR_CONNECTION_REFUSED @ http://localhost:3060/api/products/updates?clientId=1l40w8wuc:0
[ 1071813ms] [ERROR] SSE connection error: Event @ webpack-internal:///(app-pages-browser)/./node_modules/next/dist/next-devtools/userspace/app/errors/intercept-console-error.js:56
[ 1071813ms] [ERROR] Failed to load resource: net::ERR_CONNECTION_REFUSED @ http://localhost:3060/api/products/updates?clientId=mrus2y4gw:0
[ 1074815ms] [ERROR] SSE connection error: Event @ webpack-internal:///(app-pages-browser)/./node_modules/next/dist/next-devtools/userspace/app/errors/intercept-console-error.js:56
[ 1074815ms] [ERROR] Failed to load resource: net::ERR_CONNECTION_REFUSED @ http://localhost:3060/api/products/updates?clientId=1l40w8wuc:0
[ 1074815ms] [ERROR] SSE connection error: Event @ webpack-internal:///(app-pages-browser)/./node_modules/next/dist/next-devtools/userspace/app/errors/intercept-console-error.js:56
[ 1074815ms] [ERROR] Failed to load resource: net::ERR_CONNECTION_REFUSED @ http://localhost:3060/api/products/updates?clientId=mrus2y4gw:0
[ 1077819ms] [ERROR] SSE connection error: Event @ webpack-internal:///(app-pages-browser)/./node_modules/next/dist/next-devtools/userspace/app/errors/intercept-console-error.js:56
[ 1077819ms] [ERROR] Failed to load resource: net::ERR_CONNECTION_REFUSED @ http://localhost:3060/api/products/updates?clientId=1l40w8wuc:0
[ 1077820ms] [ERROR] SSE connection error: Event @ webpack-internal:///(app-pages-browser)/./node_modules/next/dist/next-devtools/userspace/app/errors/intercept-console-error.js:56
[ 1077820ms] [ERROR] Failed to load resource: net::ERR_CONNECTION_REFUSED @ http://localhost:3060/api/products/updates?clientId=mrus2y4gw:0
[ 1080822ms] [ERROR] SSE connection error: Event @ webpack-internal:///(app-pages-browser)/./node_modules/next/dist/next-devtools/userspace/app/errors/intercept-console-error.js:56
[ 1080822ms] [ERROR] Failed to load resource: net::ERR_CONNECTION_REFUSED @ http://localhost:3060/api/products/updates?clientId=1l40w8wuc:0
[ 1080822ms] [ERROR] SSE connection error: Event @ webpack-internal:///(app-pages-browser)/./node_modules/next/dist/next-devtools/userspace/app/errors/intercept-console-error.js:56
[ 1080822ms] [ERROR] Failed to load resource: net::ERR_CONNECTION_REFUSED @ http://localhost:3060/api/products/updates?clientId=mrus2y4gw:0
[ 1083825ms] [ERROR] SSE connection error: Event @ webpack-internal:///(app-pages-browser)/./node_modules/next/dist/next-devtools/userspace/app/errors/intercept-console-error.js:56
[ 1083825ms] [ERROR] Failed to load resource: net::ERR_CONNECTION_REFUSED @ http://localhost:3060/api/products/updates?clientId=1l40w8wuc:0
[ 1083825ms] [ERROR] SSE connection error: Event @ webpack-internal:///(app-pages-browser)/./node_modules/next/dist/next-devtools/userspace/app/errors/intercept-console-error.js:56
[ 1083826ms] [ERROR] Failed to load resource: net::ERR_CONNECTION_REFUSED @ http://localhost:3060/api/products/updates?clientId=mrus2y4gw:0
[ 1086828ms] [ERROR] SSE connection error: Event @ webpack-internal:///(app-pages-browser)/./node_modules/next/dist/next-devtools/userspace/app/errors/intercept-console-error.js:56
[ 1086828ms] [ERROR] Failed to load resource: net::ERR_CONNECTION_REFUSED @ http://localhost:3060/api/products/updates?clientId=1l40w8wuc:0
[ 1086828ms] [ERROR] SSE connection error: Event @ webpack-internal:///(app-pages-browser)/./node_modules/next/dist/next-devtools/userspace/app/errors/intercept-console-error.js:56
[ 1086828ms] [ERROR] Failed to load resource: net::ERR_CONNECTION_REFUSED @ http://localhost:3060/api/products/updates?clientId=mrus2y4gw:0
[ 1089830ms] [ERROR] SSE connection error: Event @ webpack-internal:///(app-pages-browser)/./node_modules/next/dist/next-devtools/userspace/app/errors/intercept-console-error.js:56
[ 1089830ms] [ERROR] Failed to load resource: net::ERR_CONNECTION_REFUSED @ http://localhost:3060/api/products/updates?clientId=1l40w8wuc:0
[ 1089830ms] [ERROR] SSE connection error: Event @ webpack-internal:///(app-pages-browser)/./node_modules/next/dist/next-devtools/userspace/app/errors/intercept-console-error.js:56
[ 1089830ms] [ERROR] Failed to load resource: net::ERR_CONNECTION_REFUSED @ http://localhost:3060/api/products/updates?clientId=mrus2y4gw:0
[ 1092834ms] [ERROR] SSE connection error: Event @ webpack-internal:///(app-pages-browser)/./node_modules/next/dist/next-devtools/userspace/app/errors/intercept-console-error.js:56
[ 1092834ms] [ERROR] Failed to load resource: net::ERR_CONNECTION_REFUSED @ http://localhost:3060/api/products/updates?clientId=1l40w8wuc:0
[ 1092834ms] [ERROR] SSE connection error: Event @ webpack-internal:///(app-pages-browser)/./node_modules/next/dist/next-devtools/userspace/app/errors/intercept-console-error.js:56
[ 1092834ms] [ERROR] Failed to load resource: net::ERR_CONNECTION_REFUSED @ http://localhost:3060/api/products/updates?clientId=mrus2y4gw:0
[ 1095836ms] [ERROR] SSE connection error: Event @ webpack-internal:///(app-pages-browser)/./node_modules/next/dist/next-devtools/userspace/app/errors/intercept-console-error.js:56
[ 1095836ms] [ERROR] Failed to load resource: net::ERR_CONNECTION_REFUSED @ http://localhost:3060/api/products/updates?clientId=1l40w8wuc:0
[ 1095836ms] [ERROR] SSE connection error: Event @ webpack-internal:///(app-pages-browser)/./node_modules/next/dist/next-devtools/userspace/app/errors/intercept-console-error.js:56
[ 1095836ms] [ERROR] Failed to load resource: net::ERR_CONNECTION_REFUSED @ http://localhost:3060/api/products/updates?clientId=mrus2y4gw:0
[ 1098839ms] [ERROR] SSE connection error: Event @ webpack-internal:///(app-pages-browser)/./node_modules/next/dist/next-devtools/userspace/app/errors/intercept-console-error.js:56
[ 1098839ms] [ERROR] Failed to load resource: net::ERR_CONNECTION_REFUSED @ http://localhost:3060/api/products/updates?clientId=1l40w8wuc:0
[ 1098839ms] [ERROR] SSE connection error: Event @ webpack-internal:///(app-pages-browser)/./node_modules/next/dist/next-devtools/userspace/app/errors/intercept-console-error.js:56
[ 1098839ms] [ERROR] Failed to load resource: net::ERR_CONNECTION_REFUSED @ http://localhost:3060/api/products/updates?clientId=mrus2y4gw:0
[ 1101842ms] [ERROR] SSE connection error: Event @ webpack-internal:///(app-pages-browser)/./node_modules/next/dist/next-devtools/userspace/app/errors/intercept-console-error.js:56
[ 1101843ms] [ERROR] Failed to load resource: net::ERR_CONNECTION_REFUSED @ http://localhost:3060/api/products/updates?clientId=1l40w8wuc:0
[ 1101843ms] [ERROR] SSE connection error: Event @ webpack-internal:///(app-pages-browser)/./node_modules/next/dist/next-devtools/userspace/app/errors/intercept-console-error.js:56
[ 1101843ms] [ERROR] Failed to load resource: net::ERR_CONNECTION_REFUSED @ http://localhost:3060/api/products/updates?clientId=mrus2y4gw:0
[ 1104845ms] [ERROR] SSE connection error: Event @ webpack-internal:///(app-pages-browser)/./node_modules/next/dist/next-devtools/userspace/app/errors/intercept-console-error.js:56
[ 1104845ms] [ERROR] Failed to load resource: net::ERR_CONNECTION_REFUSED @ http://localhost:3060/api/products/updates?clientId=1l40w8wuc:0
[ 1104845ms] [ERROR] SSE connection error: Event @ webpack-internal:///(app-pages-browser)/./node_modules/next/dist/next-devtools/userspace/app/errors/intercept-console-error.js:56
[ 1104845ms] [ERROR] Failed to load resource: net::ERR_CONNECTION_REFUSED @ http://localhost:3060/api/products/updates?clientId=mrus2y4gw:0
[ 1107849ms] [ERROR] SSE connection error: Event @ webpack-internal:///(app-pages-browser)/./node_modules/next/dist/next-devtools/userspace/app/errors/intercept-console-error.js:56
[ 1107849ms] [ERROR] Failed to load resource: net::ERR_CONNECTION_REFUSED @ http://localhost:3060/api/products/updates?clientId=1l40w8wuc:0
[ 1107849ms] [ERROR] SSE connection error: Event @ webpack-internal:///(app-pages-browser)/./node_modules/next/dist/next-devtools/userspace/app/errors/intercept-console-error.js:56
[ 1107849ms] [ERROR] Failed to load resource: net::ERR_CONNECTION_REFUSED @ http://localhost:3060/api/products/updates?clientId=mrus2y4gw:0
[ 1110853ms] [ERROR] SSE connection error: Event @ webpack-internal:///(app-pages-browser)/./node_modules/next/dist/next-devtools/userspace/app/errors/intercept-console-error.js:56
[ 1110853ms] [ERROR] Failed to load resource: net::ERR_CONNECTION_REFUSED @ http://localhost:3060/api/products/updates?clientId=1l40w8wuc:0
[ 1110853ms] [ERROR] SSE connection error: Event @ webpack-internal:///(app-pages-browser)/./node_modules/next/dist/next-devtools/userspace/app/errors/intercept-console-error.js:56
[ 1110853ms] [ERROR] Failed to load resource: net::ERR_CONNECTION_REFUSED @ http://localhost:3060/api/products/updates?clientId=mrus2y4gw:0
[ 1113856ms] [ERROR] SSE connection error: Event @ webpack-internal:///(app-pages-browser)/./node_modules/next/dist/next-devtools/userspace/app/errors/intercept-console-error.js:56
[ 1113857ms] [ERROR] Failed to load resource: net::ERR_CONNECTION_REFUSED @ http://localhost:3060/api/products/updates?clientId=1l40w8wuc:0
[ 1113857ms] [ERROR] SSE connection error: Event @ webpack-internal:///(app-pages-browser)/./node_modules/next/dist/next-devtools/userspace/app/errors/intercept-console-error.js:56
[ 1113857ms] [ERROR] Failed to load resource: net::ERR_CONNECTION_REFUSED @ http://localhost:3060/api/products/updates?clientId=mrus2y4gw:0
[ 1116858ms] [ERROR] SSE connection error: Event @ webpack-internal:///(app-pages-browser)/./node_modules/next/dist/next-devtools/userspace/app/errors/intercept-console-error.js:56
[ 1116859ms] [ERROR] Failed to load resource: net::ERR_CONNECTION_REFUSED @ http://localhost:3060/api/products/updates?clientId=1l40w8wuc:0
[ 1116859ms] [ERROR] SSE connection error: Event @ webpack-internal:///(app-pages-browser)/./node_modules/next/dist/next-devtools/userspace/app/errors/intercept-console-error.js:56
[ 1116859ms] [ERROR] Failed to load resource: net::ERR_CONNECTION_REFUSED @ http://localhost:3060/api/products/updates?clientId=mrus2y4gw:0
[ 1119861ms] [ERROR] SSE connection error: Event @ webpack-internal:///(app-pages-browser)/./node_modules/next/dist/next-devtools/userspace/app/errors/intercept-console-error.js:56
[ 1119862ms] [ERROR] Failed to load resource: net::ERR_CONNECTION_REFUSED @ http://localhost:3060/api/products/updates?clientId=1l40w8wuc:0
[ 1119862ms] [ERROR] SSE connection error: Event @ webpack-internal:///(app-pages-browser)/./node_modules/next/dist/next-devtools/userspace/app/errors/intercept-console-error.js:56
[ 1119862ms] [ERROR] Failed to load resource: net::ERR_CONNECTION_REFUSED @ http://localhost:3060/api/products/updates?clientId=mrus2y4gw:0
[ 1122864ms] [ERROR] SSE connection error: Event @ webpack-internal:///(app-pages-browser)/./node_modules/next/dist/next-devtools/userspace/app/errors/intercept-console-error.js:56
[ 1122864ms] [ERROR] Failed to load resource: net::ERR_CONNECTION_REFUSED @ http://localhost:3060/api/products/updates?clientId=1l40w8wuc:0
[ 1122864ms] [ERROR] SSE connection error: Event @ webpack-internal:///(app-pages-browser)/./node_modules/next/dist/next-devtools/userspace/app/errors/intercept-console-error.js:56
[ 1122864ms] [ERROR] Failed to load resource: net::ERR_CONNECTION_REFUSED @ http://localhost:3060/api/products/updates?clientId=mrus2y4gw:0
[ 1125870ms] [ERROR] SSE connection error: Event @ webpack-internal:///(app-pages-browser)/./node_modules/next/dist/next-devtools/userspace/app/errors/intercept-console-error.js:56
[ 1125871ms] [ERROR] Failed to load resource: net::ERR_CONNECTION_REFUSED @ http://localhost:3060/api/products/updates?clientId=1l40w8wuc:0
[ 1125871ms] [ERROR] SSE connection error: Event @ webpack-internal:///(app-pages-browser)/./node_modules/next/dist/next-devtools/userspace/app/errors/intercept-console-error.js:56
[ 1125871ms] [ERROR] Failed to load resource: net::ERR_CONNECTION_REFUSED @ http://localhost:3060/api/products/updates?clientId=mrus2y4gw:0
[ 1128873ms] [ERROR] SSE connection error: Event @ webpack-internal:///(app-pages-browser)/./node_modules/next/dist/next-devtools/userspace/app/errors/intercept-console-error.js:56
[ 1128873ms] [ERROR] Failed to load resource: net::ERR_CONNECTION_REFUSED @ http://localhost:3060/api/products/updates?clientId=1l40w8wuc:0
[ 1128873ms] [ERROR] SSE connection error: Event @ webpack-internal:///(app-pages-browser)/./node_modules/next/dist/next-devtools/userspace/app/errors/intercept-console-error.js:56
[ 1128874ms] [ERROR] Failed to load resource: net::ERR_CONNECTION_REFUSED @ http://localhost:3060/api/products/updates?clientId=mrus2y4gw:0
[ 1131876ms] [ERROR] SSE connection error: Event @ webpack-internal:///(app-pages-browser)/./node_modules/next/dist/next-devtools/userspace/app/errors/intercept-console-error.js:56
[ 1131876ms] [ERROR] Failed to load resource: net::ERR_CONNECTION_REFUSED @ http://localhost:3060/api/products/updates?clientId=1l40w8wuc:0
[ 1131876ms] [ERROR] SSE connection error: Event @ webpack-internal:///(app-pages-browser)/./node_modules/next/dist/next-devtools/userspace/app/errors/intercept-console-error.js:56
[ 1131876ms] [ERROR] Failed to load resource: net::ERR_CONNECTION_REFUSED @ http://localhost:3060/api/products/updates?clientId=mrus2y4gw:0
[ 1134878ms] [ERROR] SSE connection error: Event @ webpack-internal:///(app-pages-browser)/./node_modules/next/dist/next-devtools/userspace/app/errors/intercept-console-error.js:56
[ 1134879ms] [ERROR] Failed to load resource: net::ERR_CONNECTION_REFUSED @ http://localhost:3060/api/products/updates?clientId=1l40w8wuc:0
[ 1134879ms] [ERROR] SSE connection error: Event @ webpack-internal:///(app-pages-browser)/./node_modules/next/dist/next-devtools/userspace/app/errors/intercept-console-error.js:56
[ 1134879ms] [ERROR] Failed to load resource: net::ERR_CONNECTION_REFUSED @ http://localhost:3060/api/products/updates?clientId=mrus2y4gw:0
[ 1137880ms] [ERROR] SSE connection error: Event @ webpack-internal:///(app-pages-browser)/./node_modules/next/dist/next-devtools/userspace/app/errors/intercept-console-error.js:56
[ 1137881ms] [ERROR] Failed to load resource: net::ERR_CONNECTION_REFUSED @ http://localhost:3060/api/products/updates?clientId=1l40w8wuc:0
[ 1137881ms] [ERROR] SSE connection error: Event @ webpack-internal:///(app-pages-browser)/./node_modules/next/dist/next-devtools/userspace/app/errors/intercept-console-error.js:56
[ 1137881ms] [ERROR] Failed to load resource: net::ERR_CONNECTION_REFUSED @ http://localhost:3060/api/products/updates?clientId=mrus2y4gw:0
[ 1140883ms] [ERROR] SSE connection error: Event @ webpack-internal:///(app-pages-browser)/./node_modules/next/dist/next-devtools/userspace/app/errors/intercept-console-error.js:56
[ 1140883ms] [ERROR] Failed to load resource: net::ERR_CONNECTION_REFUSED @ http://localhost:3060/api/products/updates?clientId=1l40w8wuc:0
[ 1140883ms] [ERROR] SSE connection error: Event @ webpack-internal:///(app-pages-browser)/./node_modules/next/dist/next-devtools/userspace/app/errors/intercept-console-error.js:56
[ 1140883ms] [ERROR] Failed to load resource: net::ERR_CONNECTION_REFUSED @ http://localhost:3060/api/products/updates?clientId=mrus2y4gw:0
[ 1143884ms] [ERROR] SSE connection error: Event @ webpack-internal:///(app-pages-browser)/./node_modules/next/dist/next-devtools/userspace/app/errors/intercept-console-error.js:56
[ 1143884ms] [ERROR] Failed to load resource: net::ERR_CONNECTION_REFUSED @ http://localhost:3060/api/products/updates?clientId=1l40w8wuc:0
[ 1143884ms] [ERROR] SSE connection error: Event @ webpack-internal:///(app-pages-browser)/./node_modules/next/dist/next-devtools/userspace/app/errors/intercept-console-error.js:56
[ 1143884ms] [ERROR] Failed to load resource: net::ERR_CONNECTION_REFUSED @ http://localhost:3060/api/products/updates?clientId=mrus2y4gw:0
[ 1146885ms] [ERROR] SSE connection error: Event @ webpack-internal:///(app-pages-browser)/./node_modules/next/dist/next-devtools/userspace/app/errors/intercept-console-error.js:56
[ 1146885ms] [ERROR] Failed to load resource: net::ERR_CONNECTION_REFUSED @ http://localhost:3060/api/products/updates?clientId=1l40w8wuc:0
[ 1146885ms] [ERROR] SSE connection error: Event @ webpack-internal:///(app-pages-browser)/./node_modules/next/dist/next-devtools/userspace/app/errors/intercept-console-error.js:56
[ 1146885ms] [ERROR] Failed to load resource: net::ERR_CONNECTION_REFUSED @ http://localhost:3060/api/products/updates?clientId=mrus2y4gw:0
[ 1149887ms] [ERROR] SSE connection error: Event @ webpack-internal:///(app-pages-browser)/./node_modules/next/dist/next-devtools/userspace/app/errors/intercept-console-error.js:56
[ 1149887ms] [ERROR] Failed to load resource: net::ERR_CONNECTION_REFUSED @ http://localhost:3060/api/products/updates?clientId=1l40w8wuc:0
[ 1149888ms] [ERROR] SSE connection error: Event @ webpack-internal:///(app-pages-browser)/./node_modules/next/dist/next-devtools/userspace/app/errors/intercept-console-error.js:56
[ 1149888ms] [ERROR] Failed to load resource: net::ERR_CONNECTION_REFUSED @ http://localhost:3060/api/products/updates?clientId=mrus2y4gw:0
[ 1152891ms] [ERROR] SSE connection error: Event @ webpack-internal:///(app-pages-browser)/./node_modules/next/dist/next-devtools/userspace/app/errors/intercept-console-error.js:56
[ 1152892ms] [ERROR] Failed to load resource: net::ERR_CONNECTION_REFUSED @ http://localhost:3060/api/products/updates?clientId=mrus2y4gw:0
[ 1152892ms] [ERROR] SSE connection error: Event @ webpack-internal:///(app-pages-browser)/./node_modules/next/dist/next-devtools/userspace/app/errors/intercept-console-error.js:56
[ 1152892ms] [ERROR] Failed to load resource: net::ERR_CONNECTION_REFUSED @ http://localhost:3060/api/products/updates?clientId=1l40w8wuc:0
[ 1155894ms] [ERROR] SSE connection error: Event @ webpack-internal:///(app-pages-browser)/./node_modules/next/dist/next-devtools/userspace/app/errors/intercept-console-error.js:56
[ 1155894ms] [ERROR] Failed to load resource: net::ERR_CONNECTION_REFUSED @ http://localhost:3060/api/products/updates?clientId=mrus2y4gw:0
[ 1155894ms] [ERROR] SSE connection error: Event @ webpack-internal:///(app-pages-browser)/./node_modules/next/dist/next-devtools/userspace/app/errors/intercept-console-error.js:56
[ 1155894ms] [ERROR] Failed to load resource: net::ERR_CONNECTION_REFUSED @ http://localhost:3060/api/products/updates?clientId=1l40w8wuc:0
[ 1158895ms] [ERROR] SSE connection error: Event @ webpack-internal:///(app-pages-browser)/./node_modules/next/dist/next-devtools/userspace/app/errors/intercept-console-error.js:56
[ 1158895ms] [ERROR] Failed to load resource: net::ERR_CONNECTION_REFUSED @ http://localhost:3060/api/products/updates?clientId=mrus2y4gw:0
[ 1158895ms] [ERROR] SSE connection error: Event @ webpack-internal:///(app-pages-browser)/./node_modules/next/dist/next-devtools/userspace/app/errors/intercept-console-error.js:56
[ 1158895ms] [ERROR] Failed to load resource: net::ERR_CONNECTION_REFUSED @ http://localhost:3060/api/products/updates?clientId=1l40w8wuc:0
[ 1161898ms] [ERROR] SSE connection error: Event @ webpack-internal:///(app-pages-browser)/./node_modules/next/dist/next-devtools/userspace/app/errors/intercept-console-error.js:56
[ 1161898ms] [ERROR] Failed to load resource: net::ERR_CONNECTION_REFUSED @ http://localhost:3060/api/products/updates?clientId=mrus2y4gw:0
[ 1161898ms] [ERROR] SSE connection error: Event @ webpack-internal:///(app-pages-browser)/./node_modules/next/dist/next-devtools/userspace/app/errors/intercept-console-error.js:56
[ 1161898ms] [ERROR] Failed to load resource: net::ERR_CONNECTION_REFUSED @ http://localhost:3060/api/products/updates?clientId=1l40w8wuc:0
[ 1164900ms] [ERROR] SSE connection error: Event @ webpack-internal:///(app-pages-browser)/./node_modules/next/dist/next-devtools/userspace/app/errors/intercept-console-error.js:56
[ 1164900ms] [ERROR] Failed to load resource: net::ERR_CONNECTION_REFUSED @ http://localhost:3060/api/products/updates?clientId=mrus2y4gw:0
[ 1164900ms] [ERROR] SSE connection error: Event @ webpack-internal:///(app-pages-browser)/./node_modules/next/dist/next-devtools/userspace/app/errors/intercept-console-error.js:56
[ 1164900ms] [ERROR] Failed to load resource: net::ERR_CONNECTION_REFUSED @ http://localhost:3060/api/products/updates?clientId=1l40w8wuc:0
[ 1167902ms] [ERROR] SSE connection error: Event @ webpack-internal:///(app-pages-browser)/./node_modules/next/dist/next-devtools/userspace/app/errors/intercept-console-error.js:56
[ 1167902ms] [ERROR] Failed to load resource: net::ERR_CONNECTION_REFUSED @ http://localhost:3060/api/products/updates?clientId=mrus2y4gw:0
[ 1167902ms] [ERROR] SSE connection error: Event @ webpack-internal:///(app-pages-browser)/./node_modules/next/dist/next-devtools/userspace/app/errors/intercept-console-error.js:56
[ 1167902ms] [ERROR] Failed to load resource: net::ERR_CONNECTION_REFUSED @ http://localhost:3060/api/products/updates?clientId=1l40w8wuc:0
[ 1170904ms] [ERROR] SSE connection error: Event @ webpack-internal:///(app-pages-browser)/./node_modules/next/dist/next-devtools/userspace/app/errors/intercept-console-error.js:56
[ 1170904ms] [ERROR] Failed to load resource: net::ERR_CONNECTION_REFUSED @ http://localhost:3060/api/products/updates?clientId=mrus2y4gw:0
[ 1170904ms] [ERROR] SSE connection error: Event @ webpack-internal:///(app-pages-browser)/./node_modules/next/dist/next-devtools/userspace/app/errors/intercept-console-error.js:56
[ 1170904ms] [ERROR] Failed to load resource: net::ERR_CONNECTION_REFUSED @ http://localhost:3060/api/products/updates?clientId=1l40w8wuc:0
[ 1173906ms] [ERROR] SSE connection error: Event @ webpack-internal:///(app-pages-browser)/./node_modules/next/dist/next-devtools/userspace/app/errors/intercept-console-error.js:56
[ 1173906ms] [ERROR] Failed to load resource: net::ERR_CONNECTION_REFUSED @ http://localhost:3060/api/products/updates?clientId=mrus2y4gw:0
[ 1173906ms] [ERROR] SSE connection error: Event @ webpack-internal:///(app-pages-browser)/./node_modules/next/dist/next-devtools/userspace/app/errors/intercept-console-error.js:56
[ 1173906ms] [ERROR] Failed to load resource: net::ERR_CONNECTION_REFUSED @ http://localhost:3060/api/products/updates?clientId=1l40w8wuc:0
[ 1176909ms] [ERROR] SSE connection error: Event @ webpack-internal:///(app-pages-browser)/./node_modules/next/dist/next-devtools/userspace/app/errors/intercept-console-error.js:56
[ 1176909ms] [ERROR] Failed to load resource: net::ERR_CONNECTION_REFUSED @ http://localhost:3060/api/products/updates?clientId=mrus2y4gw:0
[ 1176909ms] [ERROR] SSE connection error: Event @ webpack-internal:///(app-pages-browser)/./node_modules/next/dist/next-devtools/userspace/app/errors/intercept-console-error.js:56
[ 1176909ms] [ERROR] Failed to load resource: net::ERR_CONNECTION_REFUSED @ http://localhost:3060/api/products/updates?clientId=1l40w8wuc:0
[ 1179911ms] [ERROR] SSE connection error: Event @ webpack-internal:///(app-pages-browser)/./node_modules/next/dist/next-devtools/userspace/app/errors/intercept-console-error.js:56
[ 1179911ms] [ERROR] Failed to load resource: net::ERR_CONNECTION_REFUSED @ http://localhost:3060/api/products/updates?clientId=mrus2y4gw:0
[ 1179911ms] [ERROR] SSE connection error: Event @ webpack-internal:///(app-pages-browser)/./node_modules/next/dist/next-devtools/userspace/app/errors/intercept-console-error.js:56
[ 1179911ms] [ERROR] Failed to load resource: net::ERR_CONNECTION_REFUSED @ http://localhost:3060/api/products/updates?clientId=1l40w8wuc:0
[ 1182913ms] [ERROR] SSE connection error: Event @ webpack-internal:///(app-pages-browser)/./node_modules/next/dist/next-devtools/userspace/app/errors/intercept-console-error.js:56
[ 1182913ms] [ERROR] Failed to load resource: net::ERR_CONNECTION_REFUSED @ http://localhost:3060/api/products/updates?clientId=mrus2y4gw:0
[ 1182913ms] [ERROR] SSE connection error: Event @ webpack-internal:///(app-pages-browser)/./node_modules/next/dist/next-devtools/userspace/app/errors/intercept-console-error.js:56
[ 1182914ms] [ERROR] Failed to load resource: net::ERR_CONNECTION_REFUSED @ http://localhost:3060/api/products/updates?clientId=1l40w8wuc:0
[ 1185915ms] [ERROR] SSE connection error: Event @ webpack-internal:///(app-pages-browser)/./node_modules/next/dist/next-devtools/userspace/app/errors/intercept-console-error.js:56
[ 1185915ms] [ERROR] Failed to load resource: net::ERR_CONNECTION_REFUSED @ http://localhost:3060/api/products/updates?clientId=mrus2y4gw:0
[ 1185915ms] [ERROR] SSE connection error: Event @ webpack-internal:///(app-pages-browser)/./node_modules/next/dist/next-devtools/userspace/app/errors/intercept-console-error.js:56
[ 1185915ms] [ERROR] Failed to load resource: net::ERR_CONNECTION_REFUSED @ http://localhost:3060/api/products/updates?clientId=1l40w8wuc:0
[ 1188917ms] [ERROR] SSE connection error: Event @ webpack-internal:///(app-pages-browser)/./node_modules/next/dist/next-devtools/userspace/app/errors/intercept-console-error.js:56
[ 1188917ms] [ERROR] Failed to load resource: net::ERR_CONNECTION_REFUSED @ http://localhost:3060/api/products/updates?clientId=mrus2y4gw:0
[ 1188917ms] [ERROR] SSE connection error: Event @ webpack-internal:///(app-pages-browser)/./node_modules/next/dist/next-devtools/userspace/app/errors/intercept-console-error.js:56
[ 1188917ms] [ERROR] Failed to load resource: net::ERR_CONNECTION_REFUSED @ http://localhost:3060/api/products/updates?clientId=1l40w8wuc:0
[ 1191920ms] [ERROR] SSE connection error: Event @ webpack-internal:///(app-pages-browser)/./node_modules/next/dist/next-devtools/userspace/app/errors/intercept-console-error.js:56
[ 1191920ms] [ERROR] Failed to load resource: net::ERR_CONNECTION_REFUSED @ http://localhost:3060/api/products/updates?clientId=mrus2y4gw:0
[ 1191920ms] [ERROR] SSE connection error: Event @ webpack-internal:///(app-pages-browser)/./node_modules/next/dist/next-devtools/userspace/app/errors/intercept-console-error.js:56
[ 1191920ms] [ERROR] Failed to load resource: net::ERR_CONNECTION_REFUSED @ http://localhost:3060/api/products/updates?clientId=1l40w8wuc:0
[ 1194922ms] [ERROR] SSE connection error: Event @ webpack-internal:///(app-pages-browser)/./node_modules/next/dist/next-devtools/userspace/app/errors/intercept-console-error.js:56
[ 1194922ms] [ERROR] Failed to load resource: net::ERR_CONNECTION_REFUSED @ http://localhost:3060/api/products/updates?clientId=mrus2y4gw:0
[ 1194923ms] [ERROR] SSE connection error: Event @ webpack-internal:///(app-pages-browser)/./node_modules/next/dist/next-devtools/userspace/app/errors/intercept-console-error.js:56
[ 1194923ms] [ERROR] Failed to load resource: net::ERR_CONNECTION_REFUSED @ http://localhost:3060/api/products/updates?clientId=1l40w8wuc:0
[ 1197925ms] [ERROR] SSE connection error: Event @ webpack-internal:///(app-pages-browser)/./node_modules/next/dist/next-devtools/userspace/app/errors/intercept-console-error.js:56
[ 1197925ms] [ERROR] Failed to load resource: net::ERR_CONNECTION_REFUSED @ http://localhost:3060/api/products/updates?clientId=mrus2y4gw:0
[ 1197925ms] [ERROR] SSE connection error: Event @ webpack-internal:///(app-pages-browser)/./node_modules/next/dist/next-devtools/userspace/app/errors/intercept-console-error.js:56
[ 1197925ms] [ERROR] Failed to load resource: net::ERR_CONNECTION_REFUSED @ http://localhost:3060/api/products/updates?clientId=1l40w8wuc:0
[ 1200926ms] [ERROR] SSE connection error: Event @ webpack-internal:///(app-pages-browser)/./node_modules/next/dist/next-devtools/userspace/app/errors/intercept-console-error.js:56
[ 1200926ms] [ERROR] Failed to load resource: net::ERR_CONNECTION_REFUSED @ http://localhost:3060/api/products/updates?clientId=mrus2y4gw:0
[ 1200926ms] [ERROR] SSE connection error: Event @ webpack-internal:///(app-pages-browser)/./node_modules/next/dist/next-devtools/userspace/app/errors/intercept-console-error.js:56
[ 1200926ms] [ERROR] Failed to load resource: net::ERR_CONNECTION_REFUSED @ http://localhost:3060/api/products/updates?clientId=1l40w8wuc:0
[ 1203928ms] [ERROR] SSE connection error: Event @ webpack-internal:///(app-pages-browser)/./node_modules/next/dist/next-devtools/userspace/app/errors/intercept-console-error.js:56
[ 1203928ms] [ERROR] Failed to load resource: net::ERR_CONNECTION_REFUSED @ http://localhost:3060/api/products/updates?clientId=mrus2y4gw:0
[ 1203928ms] [ERROR] SSE connection error: Event @ webpack-internal:///(app-pages-browser)/./node_modules/next/dist/next-devtools/userspace/app/errors/intercept-console-error.js:56
[ 1203928ms] [ERROR] Failed to load resource: net::ERR_CONNECTION_REFUSED @ http://localhost:3060/api/products/updates?clientId=1l40w8wuc:0
[ 1206931ms] [ERROR] SSE connection error: Event @ webpack-internal:///(app-pages-browser)/./node_modules/next/dist/next-devtools/userspace/app/errors/intercept-console-error.js:56
[ 1206931ms] [ERROR] Failed to load resource: net::ERR_CONNECTION_REFUSED @ http://localhost:3060/api/products/updates?clientId=mrus2y4gw:0
[ 1206931ms] [ERROR] SSE connection error: Event @ webpack-internal:///(app-pages-browser)/./node_modules/next/dist/next-devtools/userspace/app/errors/intercept-console-error.js:56
[ 1206931ms] [ERROR] Failed to load resource: net::ERR_CONNECTION_REFUSED @ http://localhost:3060/api/products/updates?clientId=1l40w8wuc:0
[ 1209933ms] [ERROR] SSE connection error: Event @ webpack-internal:///(app-pages-browser)/./node_modules/next/dist/next-devtools/userspace/app/errors/intercept-console-error.js:56
[ 1209933ms] [ERROR] Failed to load resource: net::ERR_CONNECTION_REFUSED @ http://localhost:3060/api/products/updates?clientId=mrus2y4gw:0
[ 1209933ms] [ERROR] SSE connection error: Event @ webpack-internal:///(app-pages-browser)/./node_modules/next/dist/next-devtools/userspace/app/errors/intercept-console-error.js:56
[ 1209934ms] [ERROR] Failed to load resource: net::ERR_CONNECTION_REFUSED @ http://localhost:3060/api/products/updates?clientId=1l40w8wuc:0
[ 1212935ms] [ERROR] SSE connection error: Event @ webpack-internal:///(app-pages-browser)/./node_modules/next/dist/next-devtools/userspace/app/errors/intercept-console-error.js:56
[ 1212936ms] [ERROR] Failed to load resource: net::ERR_CONNECTION_REFUSED @ http://localhost:3060/api/products/updates?clientId=mrus2y4gw:0
[ 1212936ms] [ERROR] SSE connection error: Event @ webpack-internal:///(app-pages-browser)/./node_modules/next/dist/next-devtools/userspace/app/errors/intercept-console-error.js:56
[ 1212936ms] [ERROR] Failed to load resource: net::ERR_CONNECTION_REFUSED @ http://localhost:3060/api/products/updates?clientId=1l40w8wuc:0
[ 1215938ms] [ERROR] SSE connection error: Event @ webpack-internal:///(app-pages-browser)/./node_modules/next/dist/next-devtools/userspace/app/errors/intercept-console-error.js:56
[ 1215938ms] [ERROR] Failed to load resource: net::ERR_CONNECTION_REFUSED @ http://localhost:3060/api/products/updates?clientId=mrus2y4gw:0
[ 1215938ms] [ERROR] SSE connection error: Event @ webpack-internal:///(app-pages-browser)/./node_modules/next/dist/next-devtools/userspace/app/errors/intercept-console-error.js:56
[ 1215938ms] [ERROR] Failed to load resource: net::ERR_CONNECTION_REFUSED @ http://localhost:3060/api/products/updates?clientId=1l40w8wuc:0
[ 1218941ms] [ERROR] SSE connection error: Event @ webpack-internal:///(app-pages-browser)/./node_modules/next/dist/next-devtools/userspace/app/errors/intercept-console-error.js:56
[ 1218941ms] [ERROR] Failed to load resource: net::ERR_CONNECTION_REFUSED @ http://localhost:3060/api/products/updates?clientId=mrus2y4gw:0
[ 1218941ms] [ERROR] SSE connection error: Event @ webpack-internal:///(app-pages-browser)/./node_modules/next/dist/next-devtools/userspace/app/errors/intercept-console-error.js:56
[ 1218941ms] [ERROR] Failed to load resource: net::ERR_CONNECTION_REFUSED @ http://localhost:3060/api/products/updates?clientId=1l40w8wuc:0
[ 1221944ms] [ERROR] SSE connection error: Event @ webpack-internal:///(app-pages-browser)/./node_modules/next/dist/next-devtools/userspace/app/errors/intercept-console-error.js:56
[ 1221944ms] [ERROR] Failed to load resource: net::ERR_CONNECTION_REFUSED @ http://localhost:3060/api/products/updates?clientId=mrus2y4gw:0
[ 1221944ms] [ERROR] SSE connection error: Event @ webpack-internal:///(app-pages-browser)/./node_modules/next/dist/next-devtools/userspace/app/errors/intercept-console-error.js:56
[ 1221944ms] [ERROR] Failed to load resource: net::ERR_CONNECTION_REFUSED @ http://localhost:3060/api/products/updates?clientId=1l40w8wuc:0
[ 1224946ms] [ERROR] SSE connection error: Event @ webpack-internal:///(app-pages-browser)/./node_modules/next/dist/next-devtools/userspace/app/errors/intercept-console-error.js:56
[ 1224946ms] [ERROR] Failed to load resource: net::ERR_CONNECTION_REFUSED @ http://localhost:3060/api/products/updates?clientId=mrus2y4gw:0
[ 1224946ms] [ERROR] SSE connection error: Event @ webpack-internal:///(app-pages-browser)/./node_modules/next/dist/next-devtools/userspace/app/errors/intercept-console-error.js:56
[ 1224946ms] [ERROR] Failed to load resource: net::ERR_CONNECTION_REFUSED @ http://localhost:3060/api/products/updates?clientId=1l40w8wuc:0
[ 1227948ms] [ERROR] SSE connection error: Event @ webpack-internal:///(app-pages-browser)/./node_modules/next/dist/next-devtools/userspace/app/errors/intercept-console-error.js:56
[ 1227948ms] [ERROR] Failed to load resource: net::ERR_CONNECTION_REFUSED @ http://localhost:3060/api/products/updates?clientId=mrus2y4gw:0
[ 1227949ms] [ERROR] SSE connection error: Event @ webpack-internal:///(app-pages-browser)/./node_modules/next/dist/next-devtools/userspace/app/errors/intercept-console-error.js:56
[ 1227949ms] [ERROR] Failed to load resource: net::ERR_CONNECTION_REFUSED @ http://localhost:3060/api/products/updates?clientId=1l40w8wuc:0
[ 1230951ms] [ERROR] SSE connection error: Event @ webpack-internal:///(app-pages-browser)/./node_modules/next/dist/next-devtools/userspace/app/errors/intercept-console-error.js:56
[ 1230951ms] [ERROR] Failed to load resource: net::ERR_CONNECTION_REFUSED @ http://localhost:3060/api/products/updates?clientId=mrus2y4gw:0
[ 1230951ms] [ERROR] SSE connection error: Event @ webpack-internal:///(app-pages-browser)/./node_modules/next/dist/next-devtools/userspace/app/errors/intercept-console-error.js:56
[ 1230951ms] [ERROR] Failed to load resource: net::ERR_CONNECTION_REFUSED @ http://localhost:3060/api/products/updates?clientId=1l40w8wuc:0
[ 1233952ms] [ERROR] SSE connection error: Event @ webpack-internal:///(app-pages-browser)/./node_modules/next/dist/next-devtools/userspace/app/errors/intercept-console-error.js:56
[ 1233952ms] [ERROR] Failed to load resource: net::ERR_CONNECTION_REFUSED @ http://localhost:3060/api/products/updates?clientId=mrus2y4gw:0
[ 1233953ms] [ERROR] SSE connection error: Event @ webpack-internal:///(app-pages-browser)/./node_modules/next/dist/next-devtools/userspace/app/errors/intercept-console-error.js:56
[ 1233953ms] [ERROR] Failed to load resource: net::ERR_CONNECTION_REFUSED @ http://localhost:3060/api/products/updates?clientId=1l40w8wuc:0
[ 1236954ms] [ERROR] SSE connection error: Event @ webpack-internal:///(app-pages-browser)/./node_modules/next/dist/next-devtools/userspace/app/errors/intercept-console-error.js:56
[ 1236954ms] [ERROR] Failed to load resource: net::ERR_CONNECTION_REFUSED @ http://localhost:3060/api/products/updates?clientId=mrus2y4gw:0
[ 1236954ms] [ERROR] SSE connection error: Event @ webpack-internal:///(app-pages-browser)/./node_modules/next/dist/next-devtools/userspace/app/errors/intercept-console-error.js:56
[ 1236954ms] [ERROR] Failed to load resource: net::ERR_CONNECTION_REFUSED @ http://localhost:3060/api/products/updates?clientId=1l40w8wuc:0
[ 1239957ms] [ERROR] SSE connection error: Event @ webpack-internal:///(app-pages-browser)/./node_modules/next/dist/next-devtools/userspace/app/errors/intercept-console-error.js:56
[ 1239958ms] [ERROR] Failed to load resource: net::ERR_CONNECTION_REFUSED @ http://localhost:3060/api/products/updates?clientId=mrus2y4gw:0
[ 1239958ms] [ERROR] SSE connection error: Event @ webpack-internal:///(app-pages-browser)/./node_modules/next/dist/next-devtools/userspace/app/errors/intercept-console-error.js:56
[ 1239958ms] [ERROR] Failed to load resource: net::ERR_CONNECTION_REFUSED @ http://localhost:3060/api/products/updates?clientId=1l40w8wuc:0
[ 1242960ms] [ERROR] SSE connection error: Event @ webpack-internal:///(app-pages-browser)/./node_modules/next/dist/next-devtools/userspace/app/errors/intercept-console-error.js:56
[ 1242961ms] [ERROR] Failed to load resource: net::ERR_CONNECTION_REFUSED @ http://localhost:3060/api/products/updates?clientId=mrus2y4gw:0
[ 1242961ms] [ERROR] SSE connection error: Event @ webpack-internal:///(app-pages-browser)/./node_modules/next/dist/next-devtools/userspace/app/errors/intercept-console-error.js:56
[ 1242961ms] [ERROR] Failed to load resource: net::ERR_CONNECTION_REFUSED @ http://localhost:3060/api/products/updates?clientId=1l40w8wuc:0
[ 1245964ms] [ERROR] SSE connection error: Event @ webpack-internal:///(app-pages-browser)/./node_modules/next/dist/next-devtools/userspace/app/errors/intercept-console-error.js:56
[ 1245964ms] [ERROR] Failed to load resource: net::ERR_CONNECTION_REFUSED @ http://localhost:3060/api/products/updates?clientId=mrus2y4gw:0
[ 1245965ms] [ERROR] SSE connection error: Event @ webpack-internal:///(app-pages-browser)/./node_modules/next/dist/next-devtools/userspace/app/errors/intercept-console-error.js:56
[ 1245965ms] [ERROR] Failed to load resource: net::ERR_CONNECTION_REFUSED @ http://localhost:3060/api/products/updates?clientId=1l40w8wuc:0
[ 1248967ms] [ERROR] SSE connection error: Event @ webpack-internal:///(app-pages-browser)/./node_modules/next/dist/next-devtools/userspace/app/errors/intercept-console-error.js:56
[ 1248968ms] [ERROR] Failed to load resource: net::ERR_CONNECTION_REFUSED @ http://localhost:3060/api/products/updates?clientId=mrus2y4gw:0
[ 1248968ms] [ERROR] SSE connection error: Event @ webpack-internal:///(app-pages-browser)/./node_modules/next/dist/next-devtools/userspace/app/errors/intercept-console-error.js:56
[ 1248968ms] [ERROR] Failed to load resource: net::ERR_CONNECTION_REFUSED @ http://localhost:3060/api/products/updates?clientId=1l40w8wuc:0
[ 1251971ms] [ERROR] SSE connection error: Event @ webpack-internal:///(app-pages-browser)/./node_modules/next/dist/next-devtools/userspace/app/errors/intercept-console-error.js:56
[ 1251971ms] [ERROR] Failed to load resource: net::ERR_CONNECTION_REFUSED @ http://localhost:3060/api/products/updates?clientId=mrus2y4gw:0
[ 1251971ms] [ERROR] SSE connection error: Event @ webpack-internal:///(app-pages-browser)/./node_modules/next/dist/next-devtools/userspace/app/errors/intercept-console-error.js:56
[ 1251971ms] [ERROR] Failed to load resource: net::ERR_CONNECTION_REFUSED @ http://localhost:3060/api/products/updates?clientId=1l40w8wuc:0
[ 1254974ms] [ERROR] SSE connection error: Event @ webpack-internal:///(app-pages-browser)/./node_modules/next/dist/next-devtools/userspace/app/errors/intercept-console-error.js:56
[ 1254974ms] [ERROR] Failed to load resource: net::ERR_CONNECTION_REFUSED @ http://localhost:3060/api/products/updates?clientId=mrus2y4gw:0
[ 1254975ms] [ERROR] SSE connection error: Event @ webpack-internal:///(app-pages-browser)/./node_modules/next/dist/next-devtools/userspace/app/errors/intercept-console-error.js:56
[ 1254975ms] [ERROR] Failed to load resource: net::ERR_CONNECTION_REFUSED @ http://localhost:3060/api/products/updates?clientId=1l40w8wuc:0
[ 1257978ms] [ERROR] SSE connection error: Event @ webpack-internal:///(app-pages-browser)/./node_modules/next/dist/next-devtools/userspace/app/errors/intercept-console-error.js:56
[ 1257979ms] [ERROR] Failed to load resource: net::ERR_CONNECTION_REFUSED @ http://localhost:3060/api/products/updates?clientId=mrus2y4gw:0
[ 1257979ms] [ERROR] SSE connection error: Event @ webpack-internal:///(app-pages-browser)/./node_modules/next/dist/next-devtools/userspace/app/errors/intercept-console-error.js:56
[ 1257979ms] [ERROR] Failed to load resource: net::ERR_CONNECTION_REFUSED @ http://localhost:3060/api/products/updates?clientId=1l40w8wuc:0
[ 1260984ms] [ERROR] SSE connection error: Event @ webpack-internal:///(app-pages-browser)/./node_modules/next/dist/next-devtools/userspace/app/errors/intercept-console-error.js:56
[ 1260984ms] [ERROR] Failed to load resource: net::ERR_CONNECTION_REFUSED @ http://localhost:3060/api/products/updates?clientId=mrus2y4gw:0
[ 1260985ms] [ERROR] SSE connection error: Event @ webpack-internal:///(app-pages-browser)/./node_modules/next/dist/next-devtools/userspace/app/errors/intercept-console-error.js:56
[ 1260985ms] [ERROR] Failed to load resource: net::ERR_CONNECTION_REFUSED @ http://localhost:3060/api/products/updates?clientId=1l40w8wuc:0
[ 1263987ms] [ERROR] SSE connection error: Event @ webpack-internal:///(app-pages-browser)/./node_modules/next/dist/next-devtools/userspace/app/errors/intercept-console-error.js:56
[ 1263988ms] [ERROR] Failed to load resource: net::ERR_CONNECTION_REFUSED @ http://localhost:3060/api/products/updates?clientId=mrus2y4gw:0
[ 1263988ms] [ERROR] SSE connection error: Event @ webpack-internal:///(app-pages-browser)/./node_modules/next/dist/next-devtools/userspace/app/errors/intercept-console-error.js:56
[ 1263988ms] [ERROR] Failed to load resource: net::ERR_CONNECTION_REFUSED @ http://localhost:3060/api/products/updates?clientId=1l40w8wuc:0
[ 1266991ms] [ERROR] SSE connection error: Event @ webpack-internal:///(app-pages-browser)/./node_modules/next/dist/next-devtools/userspace/app/errors/intercept-console-error.js:56
[ 1266991ms] [ERROR] Failed to load resource: net::ERR_CONNECTION_REFUSED @ http://localhost:3060/api/products/updates?clientId=mrus2y4gw:0
[ 1266992ms] [ERROR] SSE connection error: Event @ webpack-internal:///(app-pages-browser)/./node_modules/next/dist/next-devtools/userspace/app/errors/intercept-console-error.js:56
[ 1266992ms] [ERROR] Failed to load resource: net::ERR_CONNECTION_REFUSED @ http://localhost:3060/api/products/updates?clientId=1l40w8wuc:0
[ 1269994ms] [ERROR] SSE connection error: Event @ webpack-internal:///(app-pages-browser)/./node_modules/next/dist/next-devtools/userspace/app/errors/intercept-console-error.js:56
[ 1269995ms] [ERROR] Failed to load resource: net::ERR_CONNECTION_REFUSED @ http://localhost:3060/api/products/updates?clientId=mrus2y4gw:0
[ 1269995ms] [ERROR] SSE connection error: Event @ webpack-internal:///(app-pages-browser)/./node_modules/next/dist/next-devtools/userspace/app/errors/intercept-console-error.js:56
[ 1269995ms] [ERROR] Failed to load resource: net::ERR_CONNECTION_REFUSED @ http://localhost:3060/api/products/updates?clientId=1l40w8wuc:0
[ 1272997ms] [ERROR] SSE connection error: Event @ webpack-internal:///(app-pages-browser)/./node_modules/next/dist/next-devtools/userspace/app/errors/intercept-console-error.js:56
[ 1272997ms] [ERROR] Failed to load resource: net::ERR_CONNECTION_REFUSED @ http://localhost:3060/api/products/updates?clientId=mrus2y4gw:0
[ 1272997ms] [ERROR] SSE connection error: Event @ webpack-internal:///(app-pages-browser)/./node_modules/next/dist/next-devtools/userspace/app/errors/intercept-console-error.js:56
[ 1272997ms] [ERROR] Failed to load resource: net::ERR_CONNECTION_REFUSED @ http://localhost:3060/api/products/updates?clientId=1l40w8wuc:0
[ 1276000ms] [ERROR] SSE connection error: Event @ webpack-internal:///(app-pages-browser)/./node_modules/next/dist/next-devtools/userspace/app/errors/intercept-console-error.js:56
[ 1276001ms] [ERROR] Failed to load resource: net::ERR_CONNECTION_REFUSED @ http://localhost:3060/api/products/updates?clientId=mrus2y4gw:0
[ 1276001ms] [ERROR] SSE connection error: Event @ webpack-internal:///(app-pages-browser)/./node_modules/next/dist/next-devtools/userspace/app/errors/intercept-console-error.js:56
[ 1276001ms] [ERROR] Failed to load resource: net::ERR_CONNECTION_REFUSED @ http://localhost:3060/api/products/updates?clientId=1l40w8wuc:0
[ 1279003ms] [ERROR] SSE connection error: Event @ webpack-internal:///(app-pages-browser)/./node_modules/next/dist/next-devtools/userspace/app/errors/intercept-console-error.js:56
[ 1279004ms] [ERROR] Failed to load resource: net::ERR_CONNECTION_REFUSED @ http://localhost:3060/api/products/updates?clientId=mrus2y4gw:0
[ 1279004ms] [ERROR] SSE connection error: Event @ webpack-internal:///(app-pages-browser)/./node_modules/next/dist/next-devtools/userspace/app/errors/intercept-console-error.js:56
[ 1279004ms] [ERROR] Failed to load resource: net::ERR_CONNECTION_REFUSED @ http://localhost:3060/api/products/updates?clientId=1l40w8wuc:0
[ 1282005ms] [ERROR] SSE connection error: Event @ webpack-internal:///(app-pages-browser)/./node_modules/next/dist/next-devtools/userspace/app/errors/intercept-console-error.js:56
[ 1282005ms] [ERROR] Failed to load resource: net::ERR_CONNECTION_REFUSED @ http://localhost:3060/api/products/updates?clientId=mrus2y4gw:0
[ 1282006ms] [ERROR] SSE connection error: Event @ webpack-internal:///(app-pages-browser)/./node_modules/next/dist/next-devtools/userspace/app/errors/intercept-console-error.js:56
[ 1282006ms] [ERROR] Failed to load resource: net::ERR_CONNECTION_REFUSED @ http://localhost:3060/api/products/updates?clientId=1l40w8wuc:0
[ 1285011ms] [ERROR] SSE connection error: Event @ webpack-internal:///(app-pages-browser)/./node_modules/next/dist/next-devtools/userspace/app/errors/intercept-console-error.js:56
[ 1285011ms] [ERROR] Failed to load resource: net::ERR_CONNECTION_REFUSED @ http://localhost:3060/api/products/updates?clientId=mrus2y4gw:0
[ 1285011ms] [ERROR] SSE connection error: Event @ webpack-internal:///(app-pages-browser)/./node_modules/next/dist/next-devtools/userspace/app/errors/intercept-console-error.js:56
[ 1285012ms] [ERROR] Failed to load resource: net::ERR_CONNECTION_REFUSED @ http://localhost:3060/api/products/updates?clientId=1l40w8wuc:0
[ 1288013ms] [ERROR] SSE connection error: Event @ webpack-internal:///(app-pages-browser)/./node_modules/next/dist/next-devtools/userspace/app/errors/intercept-console-error.js:56
[ 1288013ms] [ERROR] Failed to load resource: net::ERR_CONNECTION_REFUSED @ http://localhost:3060/api/products/updates?clientId=mrus2y4gw:0
[ 1288014ms] [ERROR] SSE connection error: Event @ webpack-internal:///(app-pages-browser)/./node_modules/next/dist/next-devtools/userspace/app/errors/intercept-console-error.js:56
[ 1288014ms] [ERROR] Failed to load resource: net::ERR_CONNECTION_REFUSED @ http://localhost:3060/api/products/updates?clientId=1l40w8wuc:0
[ 1291017ms] [ERROR] SSE connection error: Event @ webpack-internal:///(app-pages-browser)/./node_modules/next/dist/next-devtools/userspace/app/errors/intercept-console-error.js:56
[ 1291018ms] [ERROR] Failed to load resource: net::ERR_CONNECTION_REFUSED @ http://localhost:3060/api/products/updates?clientId=mrus2y4gw:0
[ 1291018ms] [ERROR] SSE connection error: Event @ webpack-internal:///(app-pages-browser)/./node_modules/next/dist/next-devtools/userspace/app/errors/intercept-console-error.js:56
[ 1291018ms] [ERROR] Failed to load resource: net::ERR_CONNECTION_REFUSED @ http://localhost:3060/api/products/updates?clientId=1l40w8wuc:0
[ 1294020ms] [ERROR] SSE connection error: Event @ webpack-internal:///(app-pages-browser)/./node_modules/next/dist/next-devtools/userspace/app/errors/intercept-console-error.js:56
[ 1294020ms] [ERROR] Failed to load resource: net::ERR_CONNECTION_REFUSED @ http://localhost:3060/api/products/updates?clientId=mrus2y4gw:0
[ 1294021ms] [ERROR] SSE connection error: Event @ webpack-internal:///(app-pages-browser)/./node_modules/next/dist/next-devtools/userspace/app/errors/intercept-console-error.js:56
[ 1294021ms] [ERROR] Failed to load resource: net::ERR_CONNECTION_REFUSED @ http://localhost:3060/api/products/updates?clientId=1l40w8wuc:0
[ 1297022ms] [ERROR] SSE connection error: Event @ webpack-internal:///(app-pages-browser)/./node_modules/next/dist/next-devtools/userspace/app/errors/intercept-console-error.js:56
[ 1297023ms] [ERROR] Failed to load resource: net::ERR_CONNECTION_REFUSED @ http://localhost:3060/api/products/updates?clientId=mrus2y4gw:0
[ 1297023ms] [ERROR] SSE connection error: Event @ webpack-internal:///(app-pages-browser)/./node_modules/next/dist/next-devtools/userspace/app/errors/intercept-console-error.js:56
[ 1297023ms] [ERROR] Failed to load resource: net::ERR_CONNECTION_REFUSED @ http://localhost:3060/api/products/updates?clientId=1l40w8wuc:0
[ 1300025ms] [ERROR] SSE connection error: Event @ webpack-internal:///(app-pages-browser)/./node_modules/next/dist/next-devtools/userspace/app/errors/intercept-console-error.js:56
[ 1300025ms] [ERROR] Failed to load resource: net::ERR_CONNECTION_REFUSED @ http://localhost:3060/api/products/updates?clientId=mrus2y4gw:0
[ 1300026ms] [ERROR] SSE connection error: Event @ webpack-internal:///(app-pages-browser)/./node_modules/next/dist/next-devtools/userspace/app/errors/intercept-console-error.js:56
[ 1300026ms] [ERROR] Failed to load resource: net::ERR_CONNECTION_REFUSED @ http://localhost:3060/api/products/updates?clientId=1l40w8wuc:0
[ 1303028ms] [ERROR] SSE connection error: Event @ webpack-internal:///(app-pages-browser)/./node_modules/next/dist/next-devtools/userspace/app/errors/intercept-console-error.js:56
[ 1303028ms] [ERROR] Failed to load resource: net::ERR_CONNECTION_REFUSED @ http://localhost:3060/api/products/updates?clientId=mrus2y4gw:0
[ 1303028ms] [ERROR] SSE connection error: Event @ webpack-internal:///(app-pages-browser)/./node_modules/next/dist/next-devtools/userspace/app/errors/intercept-console-error.js:56
[ 1303028ms] [ERROR] Failed to load resource: net::ERR_CONNECTION_REFUSED @ http://localhost:3060/api/products/updates?clientId=1l40w8wuc:0
[ 1306031ms] [ERROR] SSE connection error: Event @ webpack-internal:///(app-pages-browser)/./node_modules/next/dist/next-devtools/userspace/app/errors/intercept-console-error.js:56
[ 1306031ms] [ERROR] Failed to load resource: net::ERR_CONNECTION_REFUSED @ http://localhost:3060/api/products/updates?clientId=mrus2y4gw:0
[ 1306031ms] [ERROR] SSE connection error: Event @ webpack-internal:///(app-pages-browser)/./node_modules/next/dist/next-devtools/userspace/app/errors/intercept-console-error.js:56
[ 1306031ms] [ERROR] Failed to load resource: net::ERR_CONNECTION_REFUSED @ http://localhost:3060/api/products/updates?clientId=1l40w8wuc:0
[ 1309033ms] [ERROR] SSE connection error: Event @ webpack-internal:///(app-pages-browser)/./node_modules/next/dist/next-devtools/userspace/app/errors/intercept-console-error.js:56
[ 1309034ms] [ERROR] Failed to load resource: net::ERR_CONNECTION_REFUSED @ http://localhost:3060/api/products/updates?clientId=mrus2y4gw:0
[ 1309034ms] [ERROR] SSE connection error: Event @ webpack-internal:///(app-pages-browser)/./node_modules/next/dist/next-devtools/userspace/app/errors/intercept-console-error.js:56
[ 1309034ms] [ERROR] Failed to load resource: net::ERR_CONNECTION_REFUSED @ http://localhost:3060/api/products/updates?clientId=1l40w8wuc:0
[ 1312035ms] [ERROR] SSE connection error: Event @ webpack-internal:///(app-pages-browser)/./node_modules/next/dist/next-devtools/userspace/app/errors/intercept-console-error.js:56
[ 1312036ms] [ERROR] Failed to load resource: net::ERR_CONNECTION_REFUSED @ http://localhost:3060/api/products/updates?clientId=mrus2y4gw:0
[ 1312036ms] [ERROR] SSE connection error: Event @ webpack-internal:///(app-pages-browser)/./node_modules/next/dist/next-devtools/userspace/app/errors/intercept-console-error.js:56
[ 1312036ms] [ERROR] Failed to load resource: net::ERR_CONNECTION_REFUSED @ http://localhost:3060/api/products/updates?clientId=1l40w8wuc:0
[ 1315038ms] [ERROR] SSE connection error: Event @ webpack-internal:///(app-pages-browser)/./node_modules/next/dist/next-devtools/userspace/app/errors/intercept-console-error.js:56
[ 1315039ms] [ERROR] Failed to load resource: net::ERR_CONNECTION_REFUSED @ http://localhost:3060/api/products/updates?clientId=mrus2y4gw:0
[ 1315039ms] [ERROR] SSE connection error: Event @ webpack-internal:///(app-pages-browser)/./node_modules/next/dist/next-devtools/userspace/app/errors/intercept-console-error.js:56
[ 1315039ms] [ERROR] Failed to load resource: net::ERR_CONNECTION_REFUSED @ http://localhost:3060/api/products/updates?clientId=1l40w8wuc:0
[ 1318042ms] [ERROR] SSE connection error: Event @ webpack-internal:///(app-pages-browser)/./node_modules/next/dist/next-devtools/userspace/app/errors/intercept-console-error.js:56
[ 1318042ms] [ERROR] Failed to load resource: net::ERR_CONNECTION_REFUSED @ http://localhost:3060/api/products/updates?clientId=mrus2y4gw:0
[ 1318042ms] [ERROR] SSE connection error: Event @ webpack-internal:///(app-pages-browser)/./node_modules/next/dist/next-devtools/userspace/app/errors/intercept-console-error.js:56
[ 1318042ms] [ERROR] Failed to load resource: net::ERR_CONNECTION_REFUSED @ http://localhost:3060/api/products/updates?clientId=1l40w8wuc:0
[ 1321044ms] [ERROR] SSE connection error: Event @ webpack-internal:///(app-pages-browser)/./node_modules/next/dist/next-devtools/userspace/app/errors/intercept-console-error.js:56
[ 1321044ms] [ERROR] Failed to load resource: net::ERR_CONNECTION_REFUSED @ http://localhost:3060/api/products/updates?clientId=mrus2y4gw:0
[ 1321044ms] [ERROR] SSE connection error: Event @ webpack-internal:///(app-pages-browser)/./node_modules/next/dist/next-devtools/userspace/app/errors/intercept-console-error.js:56
[ 1321044ms] [ERROR] Failed to load resource: net::ERR_CONNECTION_REFUSED @ http://localhost:3060/api/products/updates?clientId=1l40w8wuc:0
[ 1324048ms] [ERROR] SSE connection error: Event @ webpack-internal:///(app-pages-browser)/./node_modules/next/dist/next-devtools/userspace/app/errors/intercept-console-error.js:56
[ 1324048ms] [ERROR] Failed to load resource: net::ERR_CONNECTION_REFUSED @ http://localhost:3060/api/products/updates?clientId=mrus2y4gw:0
[ 1324048ms] [ERROR] SSE connection error: Event @ webpack-internal:///(app-pages-browser)/./node_modules/next/dist/next-devtools/userspace/app/errors/intercept-console-error.js:56
[ 1324048ms] [ERROR] Failed to load resource: net::ERR_CONNECTION_REFUSED @ http://localhost:3060/api/products/updates?clientId=1l40w8wuc:0
[ 1327050ms] [ERROR] SSE connection error: Event @ webpack-internal:///(app-pages-browser)/./node_modules/next/dist/next-devtools/userspace/app/errors/intercept-console-error.js:56
[ 1327050ms] [ERROR] Failed to load resource: net::ERR_CONNECTION_REFUSED @ http://localhost:3060/api/products/updates?clientId=mrus2y4gw:0
[ 1327050ms] [ERROR] SSE connection error: Event @ webpack-internal:///(app-pages-browser)/./node_modules/next/dist/next-devtools/userspace/app/errors/intercept-console-error.js:56
[ 1327050ms] [ERROR] Failed to load resource: net::ERR_CONNECTION_REFUSED @ http://localhost:3060/api/products/updates?clientId=1l40w8wuc:0
[ 1330052ms] [ERROR] SSE connection error: Event @ webpack-internal:///(app-pages-browser)/./node_modules/next/dist/next-devtools/userspace/app/errors/intercept-console-error.js:56
[ 1330053ms] [ERROR] Failed to load resource: net::ERR_CONNECTION_REFUSED @ http://localhost:3060/api/products/updates?clientId=mrus2y4gw:0
[ 1330053ms] [ERROR] SSE connection error: Event @ webpack-internal:///(app-pages-browser)/./node_modules/next/dist/next-devtools/userspace/app/errors/intercept-console-error.js:56
[ 1330053ms] [ERROR] Failed to load resource: net::ERR_CONNECTION_REFUSED @ http://localhost:3060/api/products/updates?clientId=1l40w8wuc:0
[ 1333055ms] [ERROR] SSE connection error: Event @ webpack-internal:///(app-pages-browser)/./node_modules/next/dist/next-devtools/userspace/app/errors/intercept-console-error.js:56
[ 1333055ms] [ERROR] Failed to load resource: net::ERR_CONNECTION_REFUSED @ http://localhost:3060/api/products/updates?clientId=mrus2y4gw:0
[ 1333055ms] [ERROR] SSE connection error: Event @ webpack-internal:///(app-pages-browser)/./node_modules/next/dist/next-devtools/userspace/app/errors/intercept-console-error.js:56
[ 1333055ms] [ERROR] Failed to load resource: net::ERR_CONNECTION_REFUSED @ http://localhost:3060/api/products/updates?clientId=1l40w8wuc:0
[ 1336058ms] [ERROR] SSE connection error: Event @ webpack-internal:///(app-pages-browser)/./node_modules/next/dist/next-devtools/userspace/app/errors/intercept-console-error.js:56
[ 1336058ms] [ERROR] Failed to load resource: net::ERR_CONNECTION_REFUSED @ http://localhost:3060/api/products/updates?clientId=mrus2y4gw:0
[ 1336058ms] [ERROR] SSE connection error: Event @ webpack-internal:///(app-pages-browser)/./node_modules/next/dist/next-devtools/userspace/app/errors/intercept-console-error.js:56
[ 1336058ms] [ERROR] Failed to load resource: net::ERR_CONNECTION_REFUSED @ http://localhost:3060/api/products/updates?clientId=1l40w8wuc:0
[ 1339061ms] [ERROR] SSE connection error: Event @ webpack-internal:///(app-pages-browser)/./node_modules/next/dist/next-devtools/userspace/app/errors/intercept-console-error.js:56
[ 1339061ms] [ERROR] Failed to load resource: net::ERR_CONNECTION_REFUSED @ http://localhost:3060/api/products/updates?clientId=mrus2y4gw:0
[ 1339061ms] [ERROR] SSE connection error: Event @ webpack-internal:///(app-pages-browser)/./node_modules/next/dist/next-devtools/userspace/app/errors/intercept-console-error.js:56
[ 1339061ms] [ERROR] Failed to load resource: net::ERR_CONNECTION_REFUSED @ http://localhost:3060/api/products/updates?clientId=1l40w8wuc:0
[ 1342068ms] [ERROR] SSE connection error: Event @ webpack-internal:///(app-pages-browser)/./node_modules/next/dist/next-devtools/userspace/app/errors/intercept-console-error.js:56
[ 1342068ms] [ERROR] Failed to load resource: net::ERR_CONNECTION_REFUSED @ http://localhost:3060/api/products/updates?clientId=mrus2y4gw:0
[ 1342068ms] [ERROR] SSE connection error: Event @ webpack-internal:///(app-pages-browser)/./node_modules/next/dist/next-devtools/userspace/app/errors/intercept-console-error.js:56
[ 1342068ms] [ERROR] Failed to load resource: net::ERR_CONNECTION_REFUSED @ http://localhost:3060/api/products/updates?clientId=1l40w8wuc:0
[ 1345072ms] [ERROR] SSE connection error: Event @ webpack-internal:///(app-pages-browser)/./node_modules/next/dist/next-devtools/userspace/app/errors/intercept-console-error.js:56
[ 1345072ms] [ERROR] Failed to load resource: net::ERR_CONNECTION_REFUSED @ http://localhost:3060/api/products/updates?clientId=mrus2y4gw:0
[ 1345073ms] [ERROR] SSE connection error: Event @ webpack-internal:///(app-pages-browser)/./node_modules/next/dist/next-devtools/userspace/app/errors/intercept-console-error.js:56
[ 1345073ms] [ERROR] Failed to load resource: net::ERR_CONNECTION_REFUSED @ http://localhost:3060/api/products/updates?clientId=1l40w8wuc:0
[ 1348076ms] [ERROR] SSE connection error: Event @ webpack-internal:///(app-pages-browser)/./node_modules/next/dist/next-devtools/userspace/app/errors/intercept-console-error.js:56
[ 1348076ms] [ERROR] Failed to load resource: net::ERR_CONNECTION_REFUSED @ http://localhost:3060/api/products/updates?clientId=mrus2y4gw:0
[ 1348076ms] [ERROR] SSE connection error: Event @ webpack-internal:///(app-pages-browser)/./node_modules/next/dist/next-devtools/userspace/app/errors/intercept-console-error.js:56
[ 1348076ms] [ERROR] Failed to load resource: net::ERR_CONNECTION_REFUSED @ http://localhost:3060/api/products/updates?clientId=1l40w8wuc:0
[ 1351080ms] [ERROR] SSE connection error: Event @ webpack-internal:///(app-pages-browser)/./node_modules/next/dist/next-devtools/userspace/app/errors/intercept-console-error.js:56
[ 1351080ms] [ERROR] Failed to load resource: net::ERR_CONNECTION_REFUSED @ http://localhost:3060/api/products/updates?clientId=mrus2y4gw:0
[ 1351081ms] [ERROR] SSE connection error: Event @ webpack-internal:///(app-pages-browser)/./node_modules/next/dist/next-devtools/userspace/app/errors/intercept-console-error.js:56
[ 1351081ms] [ERROR] Failed to load resource: net::ERR_CONNECTION_REFUSED @ http://localhost:3060/api/products/updates?clientId=1l40w8wuc:0
[ 1354083ms] [ERROR] SSE connection error: Event @ webpack-internal:///(app-pages-browser)/./node_modules/next/dist/next-devtools/userspace/app/errors/intercept-console-error.js:56
[ 1354083ms] [ERROR] Failed to load resource: net::ERR_CONNECTION_REFUSED @ http://localhost:3060/api/products/updates?clientId=mrus2y4gw:0
[ 1354083ms] [ERROR] SSE connection error: Event @ webpack-internal:///(app-pages-browser)/./node_modules/next/dist/next-devtools/userspace/app/errors/intercept-console-error.js:56
[ 1354083ms] [ERROR] Failed to load resource: net::ERR_CONNECTION_REFUSED @ http://localhost:3060/api/products/updates?clientId=1l40w8wuc:0
[ 1357086ms] [ERROR] SSE connection error: Event @ webpack-internal:///(app-pages-browser)/./node_modules/next/dist/next-devtools/userspace/app/errors/intercept-console-error.js:56
[ 1357086ms] [ERROR] Failed to load resource: net::ERR_CONNECTION_REFUSED @ http://localhost:3060/api/products/updates?clientId=mrus2y4gw:0
[ 1357086ms] [ERROR] SSE connection error: Event @ webpack-internal:///(app-pages-browser)/./node_modules/next/dist/next-devtools/userspace/app/errors/intercept-console-error.js:56
[ 1357086ms] [ERROR] Failed to load resource: net::ERR_CONNECTION_REFUSED @ http://localhost:3060/api/products/updates?clientId=1l40w8wuc:0
[ 1360088ms] [ERROR] SSE connection error: Event @ webpack-internal:///(app-pages-browser)/./node_modules/next/dist/next-devtools/userspace/app/errors/intercept-console-error.js:56
[ 1360089ms] [ERROR] Failed to load resource: net::ERR_CONNECTION_REFUSED @ http://localhost:3060/api/products/updates?clientId=mrus2y4gw:0
[ 1360089ms] [ERROR] SSE connection error: Event @ webpack-internal:///(app-pages-browser)/./node_modules/next/dist/next-devtools/userspace/app/errors/intercept-console-error.js:56
[ 1360089ms] [ERROR] Failed to load resource: net::ERR_CONNECTION_REFUSED @ http://localhost:3060/api/products/updates?clientId=1l40w8wuc:0
[ 1363091ms] [ERROR] SSE connection error: Event @ webpack-internal:///(app-pages-browser)/./node_modules/next/dist/next-devtools/userspace/app/errors/intercept-console-error.js:56
[ 1363091ms] [ERROR] Failed to load resource: net::ERR_CONNECTION_REFUSED @ http://localhost:3060/api/products/updates?clientId=mrus2y4gw:0
[ 1363091ms] [ERROR] SSE connection error: Event @ webpack-internal:///(app-pages-browser)/./node_modules/next/dist/next-devtools/userspace/app/errors/intercept-console-error.js:56
[ 1363091ms] [ERROR] Failed to load resource: net::ERR_CONNECTION_REFUSED @ http://localhost:3060/api/products/updates?clientId=1l40w8wuc:0
[ 1366094ms] [ERROR] SSE connection error: Event @ webpack-internal:///(app-pages-browser)/./node_modules/next/dist/next-devtools/userspace/app/errors/intercept-console-error.js:56
[ 1366094ms] [ERROR] Failed to load resource: net::ERR_CONNECTION_REFUSED @ http://localhost:3060/api/products/updates?clientId=mrus2y4gw:0
[ 1366094ms] [ERROR] SSE connection error: Event @ webpack-internal:///(app-pages-browser)/./node_modules/next/dist/next-devtools/userspace/app/errors/intercept-console-error.js:56
[ 1366094ms] [ERROR] Failed to load resource: net::ERR_CONNECTION_REFUSED @ http://localhost:3060/api/products/updates?clientId=1l40w8wuc:0
[ 1369097ms] [ERROR] SSE connection error: Event @ webpack-internal:///(app-pages-browser)/./node_modules/next/dist/next-devtools/userspace/app/errors/intercept-console-error.js:56
[ 1369097ms] [ERROR] Failed to load resource: net::ERR_CONNECTION_REFUSED @ http://localhost:3060/api/products/updates?clientId=mrus2y4gw:0
[ 1369097ms] [ERROR] SSE connection error: Event @ webpack-internal:///(app-pages-browser)/./node_modules/next/dist/next-devtools/userspace/app/errors/intercept-console-error.js:56
[ 1369097ms] [ERROR] Failed to load resource: net::ERR_CONNECTION_REFUSED @ http://localhost:3060/api/products/updates?clientId=1l40w8wuc:0
[ 1372099ms] [ERROR] SSE connection error: Event @ webpack-internal:///(app-pages-browser)/./node_modules/next/dist/next-devtools/userspace/app/errors/intercept-console-error.js:56
[ 1372099ms] [ERROR] Failed to load resource: net::ERR_CONNECTION_REFUSED @ http://localhost:3060/api/products/updates?clientId=mrus2y4gw:0
[ 1372099ms] [ERROR] SSE connection error: Event @ webpack-internal:///(app-pages-browser)/./node_modules/next/dist/next-devtools/userspace/app/errors/intercept-console-error.js:56
[ 1372099ms] [ERROR] Failed to load resource: net::ERR_CONNECTION_REFUSED @ http://localhost:3060/api/products/updates?clientId=1l40w8wuc:0
[ 1375102ms] [ERROR] SSE connection error: Event @ webpack-internal:///(app-pages-browser)/./node_modules/next/dist/next-devtools/userspace/app/errors/intercept-console-error.js:56
[ 1375102ms] [ERROR] Failed to load resource: net::ERR_CONNECTION_REFUSED @ http://localhost:3060/api/products/updates?clientId=mrus2y4gw:0
[ 1375102ms] [ERROR] SSE connection error: Event @ webpack-internal:///(app-pages-browser)/./node_modules/next/dist/next-devtools/userspace/app/errors/intercept-console-error.js:56
[ 1375102ms] [ERROR] Failed to load resource: net::ERR_CONNECTION_REFUSED @ http://localhost:3060/api/products/updates?clientId=1l40w8wuc:0
[ 1378105ms] [ERROR] SSE connection error: Event @ webpack-internal:///(app-pages-browser)/./node_modules/next/dist/next-devtools/userspace/app/errors/intercept-console-error.js:56
[ 1378105ms] [ERROR] Failed to load resource: net::ERR_CONNECTION_REFUSED @ http://localhost:3060/api/products/updates?clientId=mrus2y4gw:0
[ 1378105ms] [ERROR] SSE connection error: Event @ webpack-internal:///(app-pages-browser)/./node_modules/next/dist/next-devtools/userspace/app/errors/intercept-console-error.js:56
[ 1378105ms] [ERROR] Failed to load resource: net::ERR_CONNECTION_REFUSED @ http://localhost:3060/api/products/updates?clientId=1l40w8wuc:0
[ 1381108ms] [ERROR] SSE connection error: Event @ webpack-internal:///(app-pages-browser)/./node_modules/next/dist/next-devtools/userspace/app/errors/intercept-console-error.js:56
[ 1381108ms] [ERROR] Failed to load resource: net::ERR_CONNECTION_REFUSED @ http://localhost:3060/api/products/updates?clientId=mrus2y4gw:0
[ 1381109ms] [ERROR] SSE connection error: Event @ webpack-internal:///(app-pages-browser)/./node_modules/next/dist/next-devtools/userspace/app/errors/intercept-console-error.js:56
[ 1381109ms] [ERROR] Failed to load resource: net::ERR_CONNECTION_REFUSED @ http://localhost:3060/api/products/updates?clientId=1l40w8wuc:0
[ 1384111ms] [ERROR] SSE connection error: Event @ webpack-internal:///(app-pages-browser)/./node_modules/next/dist/next-devtools/userspace/app/errors/intercept-console-error.js:56
[ 1384111ms] [ERROR] Failed to load resource: net::ERR_CONNECTION_REFUSED @ http://localhost:3060/api/products/updates?clientId=mrus2y4gw:0
[ 1384111ms] [ERROR] SSE connection error: Event @ webpack-internal:///(app-pages-browser)/./node_modules/next/dist/next-devtools/userspace/app/errors/intercept-console-error.js:56
[ 1384111ms] [ERROR] Failed to load resource: net::ERR_CONNECTION_REFUSED @ http://localhost:3060/api/products/updates?clientId=1l40w8wuc:0
[ 1387117ms] [ERROR] SSE connection error: Event @ webpack-internal:///(app-pages-browser)/./node_modules/next/dist/next-devtools/userspace/app/errors/intercept-console-error.js:56
[ 1387117ms] [ERROR] Failed to load resource: net::ERR_CONNECTION_REFUSED @ http://localhost:3060/api/products/updates?clientId=mrus2y4gw:0
[ 1387117ms] [ERROR] SSE connection error: Event @ webpack-internal:///(app-pages-browser)/./node_modules/next/dist/next-devtools/userspace/app/errors/intercept-console-error.js:56
[ 1387118ms] [ERROR] Failed to load resource: net::ERR_CONNECTION_REFUSED @ http://localhost:3060/api/products/updates?clientId=1l40w8wuc:0
[ 1390120ms] [ERROR] SSE connection error: Event @ webpack-internal:///(app-pages-browser)/./node_modules/next/dist/next-devtools/userspace/app/errors/intercept-console-error.js:56
[ 1390120ms] [ERROR] Failed to load resource: net::ERR_CONNECTION_REFUSED @ http://localhost:3060/api/products/updates?clientId=mrus2y4gw:0
[ 1390120ms] [ERROR] SSE connection error: Event @ webpack-internal:///(app-pages-browser)/./node_modules/next/dist/next-devtools/userspace/app/errors/intercept-console-error.js:56
[ 1390120ms] [ERROR] Failed to load resource: net::ERR_CONNECTION_REFUSED @ http://localhost:3060/api/products/updates?clientId=1l40w8wuc:0
[ 1393124ms] [ERROR] SSE connection error: Event @ webpack-internal:///(app-pages-browser)/./node_modules/next/dist/next-devtools/userspace/app/errors/intercept-console-error.js:56
[ 1393124ms] [ERROR] Failed to load resource: net::ERR_CONNECTION_REFUSED @ http://localhost:3060/api/products/updates?clientId=mrus2y4gw:0
[ 1393124ms] [ERROR] SSE connection error: Event @ webpack-internal:///(app-pages-browser)/./node_modules/next/dist/next-devtools/userspace/app/errors/intercept-console-error.js:56
[ 1393124ms] [ERROR] Failed to load resource: net::ERR_CONNECTION_REFUSED @ http://localhost:3060/api/products/updates?clientId=1l40w8wuc:0
[ 1396127ms] [ERROR] SSE connection error: Event @ webpack-internal:///(app-pages-browser)/./node_modules/next/dist/next-devtools/userspace/app/errors/intercept-console-error.js:56
[ 1396127ms] [ERROR] Failed to load resource: net::ERR_CONNECTION_REFUSED @ http://localhost:3060/api/products/updates?clientId=mrus2y4gw:0
[ 1396127ms] [ERROR] SSE connection error: Event @ webpack-internal:///(app-pages-browser)/./node_modules/next/dist/next-devtools/userspace/app/errors/intercept-console-error.js:56
[ 1396128ms] [ERROR] Failed to load resource: net::ERR_CONNECTION_REFUSED @ http://localhost:3060/api/products/updates?clientId=1l40w8wuc:0
[ 1399130ms] [ERROR] SSE connection error: Event @ webpack-internal:///(app-pages-browser)/./node_modules/next/dist/next-devtools/userspace/app/errors/intercept-console-error.js:56
[ 1399131ms] [ERROR] Failed to load resource: net::ERR_CONNECTION_REFUSED @ http://localhost:3060/api/products/updates?clientId=mrus2y4gw:0
[ 1399131ms] [ERROR] SSE connection error: Event @ webpack-internal:///(app-pages-browser)/./node_modules/next/dist/next-devtools/userspace/app/errors/intercept-console-error.js:56
[ 1399131ms] [ERROR] Failed to load resource: net::ERR_CONNECTION_REFUSED @ http://localhost:3060/api/products/updates?clientId=1l40w8wuc:0
[ 1402133ms] [ERROR] SSE connection error: Event @ webpack-internal:///(app-pages-browser)/./node_modules/next/dist/next-devtools/userspace/app/errors/intercept-console-error.js:56
[ 1402134ms] [ERROR] Failed to load resource: net::ERR_CONNECTION_REFUSED @ http://localhost:3060/api/products/updates?clientId=mrus2y4gw:0
[ 1402134ms] [ERROR] SSE connection error: Event @ webpack-internal:///(app-pages-browser)/./node_modules/next/dist/next-devtools/userspace/app/errors/intercept-console-error.js:56
[ 1402134ms] [ERROR] Failed to load resource: net::ERR_CONNECTION_REFUSED @ http://localhost:3060/api/products/updates?clientId=1l40w8wuc:0
[ 1405136ms] [ERROR] SSE connection error: Event @ webpack-internal:///(app-pages-browser)/./node_modules/next/dist/next-devtools/userspace/app/errors/intercept-console-error.js:56
[ 1405136ms] [ERROR] Failed to load resource: net::ERR_CONNECTION_REFUSED @ http://localhost:3060/api/products/updates?clientId=mrus2y4gw:0
[ 1405136ms] [ERROR] SSE connection error: Event @ webpack-internal:///(app-pages-browser)/./node_modules/next/dist/next-devtools/userspace/app/errors/intercept-console-error.js:56
[ 1405136ms] [ERROR] Failed to load resource: net::ERR_CONNECTION_REFUSED @ http://localhost:3060/api/products/updates?clientId=1l40w8wuc:0
[ 1408141ms] [ERROR] SSE connection error: Event @ webpack-internal:///(app-pages-browser)/./node_modules/next/dist/next-devtools/userspace/app/errors/intercept-console-error.js:56
[ 1408141ms] [ERROR] Failed to load resource: net::ERR_CONNECTION_REFUSED @ http://localhost:3060/api/products/updates?clientId=mrus2y4gw:0
[ 1408141ms] [ERROR] SSE connection error: Event @ webpack-internal:///(app-pages-browser)/./node_modules/next/dist/next-devtools/userspace/app/errors/intercept-console-error.js:56
[ 1408141ms] [ERROR] Failed to load resource: net::ERR_CONNECTION_REFUSED @ http://localhost:3060/api/products/updates?clientId=1l40w8wuc:0
[ 1411143ms] [ERROR] SSE connection error: Event @ webpack-internal:///(app-pages-browser)/./node_modules/next/dist/next-devtools/userspace/app/errors/intercept-console-error.js:56
[ 1411143ms] [ERROR] Failed to load resource: net::ERR_CONNECTION_REFUSED @ http://localhost:3060/api/products/updates?clientId=mrus2y4gw:0
[ 1411144ms] [ERROR] SSE connection error: Event @ webpack-internal:///(app-pages-browser)/./node_modules/next/dist/next-devtools/userspace/app/errors/intercept-console-error.js:56
[ 1411144ms] [ERROR] Failed to load resource: net::ERR_CONNECTION_REFUSED @ http://localhost:3060/api/products/updates?clientId=1l40w8wuc:0
[ 1414149ms] [ERROR] SSE connection error: Event @ webpack-internal:///(app-pages-browser)/./node_modules/next/dist/next-devtools/userspace/app/errors/intercept-console-error.js:56
[ 1414150ms] [ERROR] Failed to load resource: net::ERR_CONNECTION_REFUSED @ http://localhost:3060/api/products/updates?clientId=mrus2y4gw:0
[ 1414150ms] [ERROR] SSE connection error: Event @ webpack-internal:///(app-pages-browser)/./node_modules/next/dist/next-devtools/userspace/app/errors/intercept-console-error.js:56
[ 1414150ms] [ERROR] Failed to load resource: net::ERR_CONNECTION_REFUSED @ http://localhost:3060/api/products/updates?clientId=1l40w8wuc:0
[ 1417152ms] [ERROR] SSE connection error: Event @ webpack-internal:///(app-pages-browser)/./node_modules/next/dist/next-devtools/userspace/app/errors/intercept-console-error.js:56
[ 1417153ms] [ERROR] Failed to load resource: net::ERR_CONNECTION_REFUSED @ http://localhost:3060/api/products/updates?clientId=mrus2y4gw:0
[ 1417153ms] [ERROR] SSE connection error: Event @ webpack-internal:///(app-pages-browser)/./node_modules/next/dist/next-devtools/userspace/app/errors/intercept-console-error.js:56
[ 1417153ms] [ERROR] Failed to load resource: net::ERR_CONNECTION_REFUSED @ http://localhost:3060/api/products/updates?clientId=1l40w8wuc:0
[ 1420155ms] [ERROR] SSE connection error: Event @ webpack-internal:///(app-pages-browser)/./node_modules/next/dist/next-devtools/userspace/app/errors/intercept-console-error.js:56
[ 1420155ms] [ERROR] Failed to load resource: net::ERR_CONNECTION_REFUSED @ http://localhost:3060/api/products/updates?clientId=mrus2y4gw:0
[ 1420155ms] [ERROR] SSE connection error: Event @ webpack-internal:///(app-pages-browser)/./node_modules/next/dist/next-devtools/userspace/app/errors/intercept-console-error.js:56
[ 1420155ms] [ERROR] Failed to load resource: net::ERR_CONNECTION_REFUSED @ http://localhost:3060/api/products/updates?clientId=1l40w8wuc:0
[ 1423158ms] [ERROR] SSE connection error: Event @ webpack-internal:///(app-pages-browser)/./node_modules/next/dist/next-devtools/userspace/app/errors/intercept-console-error.js:56
[ 1423158ms] [ERROR] Failed to load resource: net::ERR_CONNECTION_REFUSED @ http://localhost:3060/api/products/updates?clientId=mrus2y4gw:0
[ 1423158ms] [ERROR] SSE connection error: Event @ webpack-internal:///(app-pages-browser)/./node_modules/next/dist/next-devtools/userspace/app/errors/intercept-console-error.js:56
[ 1423158ms] [ERROR] Failed to load resource: net::ERR_CONNECTION_REFUSED @ http://localhost:3060/api/products/updates?clientId=1l40w8wuc:0
[ 1426160ms] [ERROR] SSE connection error: Event @ webpack-internal:///(app-pages-browser)/./node_modules/next/dist/next-devtools/userspace/app/errors/intercept-console-error.js:56
[ 1426161ms] [ERROR] Failed to load resource: net::ERR_CONNECTION_REFUSED @ http://localhost:3060/api/products/updates?clientId=mrus2y4gw:0
[ 1426161ms] [ERROR] SSE connection error: Event @ webpack-internal:///(app-pages-browser)/./node_modules/next/dist/next-devtools/userspace/app/errors/intercept-console-error.js:56
[ 1426161ms] [ERROR] Failed to load resource: net::ERR_CONNECTION_REFUSED @ http://localhost:3060/api/products/updates?clientId=1l40w8wuc:0
[ 1429164ms] [ERROR] SSE connection error: Event @ webpack-internal:///(app-pages-browser)/./node_modules/next/dist/next-devtools/userspace/app/errors/intercept-console-error.js:56
[ 1429165ms] [ERROR] Failed to load resource: net::ERR_CONNECTION_REFUSED @ http://localhost:3060/api/products/updates?clientId=mrus2y4gw:0
[ 1429165ms] [ERROR] SSE connection error: Event @ webpack-internal:///(app-pages-browser)/./node_modules/next/dist/next-devtools/userspace/app/errors/intercept-console-error.js:56
[ 1429165ms] [ERROR] Failed to load resource: net::ERR_CONNECTION_REFUSED @ http://localhost:3060/api/products/updates?clientId=1l40w8wuc:0
[ 1432168ms] [ERROR] SSE connection error: Event @ webpack-internal:///(app-pages-browser)/./node_modules/next/dist/next-devtools/userspace/app/errors/intercept-console-error.js:56
[ 1432168ms] [ERROR] Failed to load resource: net::ERR_CONNECTION_REFUSED @ http://localhost:3060/api/products/updates?clientId=mrus2y4gw:0
[ 1432168ms] [ERROR] SSE connection error: Event @ webpack-internal:///(app-pages-browser)/./node_modules/next/dist/next-devtools/userspace/app/errors/intercept-console-error.js:56
[ 1432168ms] [ERROR] Failed to load resource: net::ERR_CONNECTION_REFUSED @ http://localhost:3060/api/products/updates?clientId=1l40w8wuc:0
[ 1435170ms] [ERROR] SSE connection error: Event @ webpack-internal:///(app-pages-browser)/./node_modules/next/dist/next-devtools/userspace/app/errors/intercept-console-error.js:56
[ 1435170ms] [ERROR] Failed to load resource: net::ERR_CONNECTION_REFUSED @ http://localhost:3060/api/products/updates?clientId=mrus2y4gw:0
[ 1435170ms] [ERROR] SSE connection error: Event @ webpack-internal:///(app-pages-browser)/./node_modules/next/dist/next-devtools/userspace/app/errors/intercept-console-error.js:56
[ 1435171ms] [ERROR] Failed to load resource: net::ERR_CONNECTION_REFUSED @ http://localhost:3060/api/products/updates?clientId=1l40w8wuc:0
[ 1438173ms] [ERROR] SSE connection error: Event @ webpack-internal:///(app-pages-browser)/./node_modules/next/dist/next-devtools/userspace/app/errors/intercept-console-error.js:56
[ 1438173ms] [ERROR] Failed to load resource: net::ERR_CONNECTION_REFUSED @ http://localhost:3060/api/products/updates?clientId=mrus2y4gw:0
[ 1438173ms] [ERROR] SSE connection error: Event @ webpack-internal:///(app-pages-browser)/./node_modules/next/dist/next-devtools/userspace/app/errors/intercept-console-error.js:56
[ 1438173ms] [ERROR] Failed to load resource: net::ERR_CONNECTION_REFUSED @ http://localhost:3060/api/products/updates?clientId=1l40w8wuc:0
[ 1441176ms] [ERROR] SSE connection error: Event @ webpack-internal:///(app-pages-browser)/./node_modules/next/dist/next-devtools/userspace/app/errors/intercept-console-error.js:56
[ 1441176ms] [ERROR] Failed to load resource: net::ERR_CONNECTION_REFUSED @ http://localhost:3060/api/products/updates?clientId=mrus2y4gw:0
[ 1441176ms] [ERROR] SSE connection error: Event @ webpack-internal:///(app-pages-browser)/./node_modules/next/dist/next-devtools/userspace/app/errors/intercept-console-error.js:56
[ 1441176ms] [ERROR] Failed to load resource: net::ERR_CONNECTION_REFUSED @ http://localhost:3060/api/products/updates?clientId=1l40w8wuc:0
[ 1444179ms] [ERROR] SSE connection error: Event @ webpack-internal:///(app-pages-browser)/./node_modules/next/dist/next-devtools/userspace/app/errors/intercept-console-error.js:56
[ 1444179ms] [ERROR] Failed to load resource: net::ERR_CONNECTION_REFUSED @ http://localhost:3060/api/products/updates?clientId=mrus2y4gw:0
[ 1444180ms] [ERROR] SSE connection error: Event @ webpack-internal:///(app-pages-browser)/./node_modules/next/dist/next-devtools/userspace/app/errors/intercept-console-error.js:56
[ 1444180ms] [ERROR] Failed to load resource: net::ERR_CONNECTION_REFUSED @ http://localhost:3060/api/products/updates?clientId=1l40w8wuc:0
[ 1447182ms] [ERROR] SSE connection error: Event @ webpack-internal:///(app-pages-browser)/./node_modules/next/dist/next-devtools/userspace/app/errors/intercept-console-error.js:56
[ 1447182ms] [ERROR] Failed to load resource: net::ERR_CONNECTION_REFUSED @ http://localhost:3060/api/products/updates?clientId=mrus2y4gw:0
[ 1447182ms] [ERROR] SSE connection error: Event @ webpack-internal:///(app-pages-browser)/./node_modules/next/dist/next-devtools/userspace/app/errors/intercept-console-error.js:56
[ 1447182ms] [ERROR] Failed to load resource: net::ERR_CONNECTION_REFUSED @ http://localhost:3060/api/products/updates?clientId=1l40w8wuc:0
[ 1450185ms] [ERROR] SSE connection error: Event @ webpack-internal:///(app-pages-browser)/./node_modules/next/dist/next-devtools/userspace/app/errors/intercept-console-error.js:56
[ 1450188ms] [ERROR] Failed to load resource: net::ERR_CONNECTION_REFUSED @ http://localhost:3060/api/products/updates?clientId=mrus2y4gw:0
[ 1450188ms] [ERROR] SSE connection error: Event @ webpack-internal:///(app-pages-browser)/./node_modules/next/dist/next-devtools/userspace/app/errors/intercept-console-error.js:56
[ 1450188ms] [ERROR] Failed to load resource: net::ERR_CONNECTION_REFUSED @ http://localhost:3060/api/products/updates?clientId=1l40w8wuc:0
[ 1453190ms] [ERROR] SSE connection error: Event @ webpack-internal:///(app-pages-browser)/./node_modules/next/dist/next-devtools/userspace/app/errors/intercept-console-error.js:56
[ 1453190ms] [ERROR] Failed to load resource: net::ERR_CONNECTION_REFUSED @ http://localhost:3060/api/products/updates?clientId=mrus2y4gw:0
[ 1453190ms] [ERROR] SSE connection error: Event @ webpack-internal:///(app-pages-browser)/./node_modules/next/dist/next-devtools/userspace/app/errors/intercept-console-error.js:56
[ 1453190ms] [ERROR] Failed to load resource: net::ERR_CONNECTION_REFUSED @ http://localhost:3060/api/products/updates?clientId=1l40w8wuc:0
[ 1456193ms] [ERROR] SSE connection error: Event @ webpack-internal:///(app-pages-browser)/./node_modules/next/dist/next-devtools/userspace/app/errors/intercept-console-error.js:56
[ 1456193ms] [ERROR] Failed to load resource: net::ERR_CONNECTION_REFUSED @ http://localhost:3060/api/products/updates?clientId=mrus2y4gw:0
[ 1456193ms] [ERROR] SSE connection error: Event @ webpack-internal:///(app-pages-browser)/./node_modules/next/dist/next-devtools/userspace/app/errors/intercept-console-error.js:56
[ 1456193ms] [ERROR] Failed to load resource: net::ERR_CONNECTION_REFUSED @ http://localhost:3060/api/products/updates?clientId=1l40w8wuc:0
[ 1459196ms] [ERROR] SSE connection error: Event @ webpack-internal:///(app-pages-browser)/./node_modules/next/dist/next-devtools/userspace/app/errors/intercept-console-error.js:56
[ 1459197ms] [ERROR] Failed to load resource: net::ERR_CONNECTION_REFUSED @ http://localhost:3060/api/products/updates?clientId=mrus2y4gw:0
[ 1459197ms] [ERROR] SSE connection error: Event @ webpack-internal:///(app-pages-browser)/./node_modules/next/dist/next-devtools/userspace/app/errors/intercept-console-error.js:56
[ 1459197ms] [ERROR] Failed to load resource: net::ERR_CONNECTION_REFUSED @ http://localhost:3060/api/products/updates?clientId=1l40w8wuc:0
[ 1462199ms] [ERROR] SSE connection error: Event @ webpack-internal:///(app-pages-browser)/./node_modules/next/dist/next-devtools/userspace/app/errors/intercept-console-error.js:56
[ 1462199ms] [ERROR] Failed to load resource: net::ERR_CONNECTION_REFUSED @ http://localhost:3060/api/products/updates?clientId=mrus2y4gw:0
[ 1462199ms] [ERROR] SSE connection error: Event @ webpack-internal:///(app-pages-browser)/./node_modules/next/dist/next-devtools/userspace/app/errors/intercept-console-error.js:56
[ 1462199ms] [ERROR] Failed to load resource: net::ERR_CONNECTION_REFUSED @ http://localhost:3060/api/products/updates?clientId=1l40w8wuc:0
[ 1465203ms] [ERROR] SSE connection error: Event @ webpack-internal:///(app-pages-browser)/./node_modules/next/dist/next-devtools/userspace/app/errors/intercept-console-error.js:56
[ 1465203ms] [ERROR] Failed to load resource: net::ERR_CONNECTION_REFUSED @ http://localhost:3060/api/products/updates?clientId=mrus2y4gw:0
[ 1465203ms] [ERROR] SSE connection error: Event @ webpack-internal:///(app-pages-browser)/./node_modules/next/dist/next-devtools/userspace/app/errors/intercept-console-error.js:56
[ 1465204ms] [ERROR] Failed to load resource: net::ERR_CONNECTION_REFUSED @ http://localhost:3060/api/products/updates?clientId=1l40w8wuc:0
[ 1468207ms] [ERROR] SSE connection error: Event @ webpack-internal:///(app-pages-browser)/./node_modules/next/dist/next-devtools/userspace/app/errors/intercept-console-error.js:56
[ 1468207ms] [ERROR] Failed to load resource: net::ERR_CONNECTION_REFUSED @ http://localhost:3060/api/products/updates?clientId=mrus2y4gw:0
[ 1468207ms] [ERROR] SSE connection error: Event @ webpack-internal:///(app-pages-browser)/./node_modules/next/dist/next-devtools/userspace/app/errors/intercept-console-error.js:56
[ 1468207ms] [ERROR] Failed to load resource: net::ERR_CONNECTION_REFUSED @ http://localhost:3060/api/products/updates?clientId=1l40w8wuc:0
[ 1471210ms] [ERROR] SSE connection error: Event @ webpack-internal:///(app-pages-browser)/./node_modules/next/dist/next-devtools/userspace/app/errors/intercept-console-error.js:56
[ 1471210ms] [ERROR] Failed to load resource: net::ERR_CONNECTION_REFUSED @ http://localhost:3060/api/products/updates?clientId=mrus2y4gw:0
[ 1471210ms] [ERROR] SSE connection error: Event @ webpack-internal:///(app-pages-browser)/./node_modules/next/dist/next-devtools/userspace/app/errors/intercept-console-error.js:56
[ 1471210ms] [ERROR] Failed to load resource: net::ERR_CONNECTION_REFUSED @ http://localhost:3060/api/products/updates?clientId=1l40w8wuc:0
[ 1474214ms] [ERROR] SSE connection error: Event @ webpack-internal:///(app-pages-browser)/./node_modules/next/dist/next-devtools/userspace/app/errors/intercept-console-error.js:56
[ 1474214ms] [ERROR] Failed to load resource: net::ERR_CONNECTION_REFUSED @ http://localhost:3060/api/products/updates?clientId=mrus2y4gw:0
[ 1474215ms] [ERROR] SSE connection error: Event @ webpack-internal:///(app-pages-browser)/./node_modules/next/dist/next-devtools/userspace/app/errors/intercept-console-error.js:56
[ 1474215ms] [ERROR] Failed to load resource: net::ERR_CONNECTION_REFUSED @ http://localhost:3060/api/products/updates?clientId=1l40w8wuc:0
[ 1477215ms] [ERROR] SSE connection error: Event @ webpack-internal:///(app-pages-browser)/./node_modules/next/dist/next-devtools/userspace/app/errors/intercept-console-error.js:56
[ 1477215ms] [ERROR] Failed to load resource: net::ERR_CONNECTION_REFUSED @ http://localhost:3060/api/products/updates?clientId=mrus2y4gw:0
[ 1477216ms] [ERROR] SSE connection error: Event @ webpack-internal:///(app-pages-browser)/./node_modules/next/dist/next-devtools/userspace/app/errors/intercept-console-error.js:56
[ 1477216ms] [ERROR] Failed to load resource: net::ERR_CONNECTION_REFUSED @ http://localhost:3060/api/products/updates?clientId=1l40w8wuc:0
[ 1480217ms] [ERROR] SSE connection error: Event @ webpack-internal:///(app-pages-browser)/./node_modules/next/dist/next-devtools/userspace/app/errors/intercept-console-error.js:56
[ 1480217ms] [ERROR] Failed to load resource: net::ERR_CONNECTION_REFUSED @ http://localhost:3060/api/products/updates?clientId=mrus2y4gw:0
[ 1480217ms] [ERROR] SSE connection error: Event @ webpack-internal:///(app-pages-browser)/./node_modules/next/dist/next-devtools/userspace/app/errors/intercept-console-error.js:56
[ 1480217ms] [ERROR] Failed to load resource: net::ERR_CONNECTION_REFUSED @ http://localhost:3060/api/products/updates?clientId=1l40w8wuc:0
[ 1483219ms] [ERROR] SSE connection error: Event @ webpack-internal:///(app-pages-browser)/./node_modules/next/dist/next-devtools/userspace/app/errors/intercept-console-error.js:56
[ 1483220ms] [ERROR] Failed to load resource: net::ERR_CONNECTION_REFUSED @ http://localhost:3060/api/products/updates?clientId=mrus2y4gw:0
[ 1483220ms] [ERROR] SSE connection error: Event @ webpack-internal:///(app-pages-browser)/./node_modules/next/dist/next-devtools/userspace/app/errors/intercept-console-error.js:56
[ 1483220ms] [ERROR] Failed to load resource: net::ERR_CONNECTION_REFUSED @ http://localhost:3060/api/products/updates?clientId=1l40w8wuc:0
[ 1486223ms] [ERROR] SSE connection error: Event @ webpack-internal:///(app-pages-browser)/./node_modules/next/dist/next-devtools/userspace/app/errors/intercept-console-error.js:56
[ 1486223ms] [ERROR] Failed to load resource: net::ERR_CONNECTION_REFUSED @ http://localhost:3060/api/products/updates?clientId=mrus2y4gw:0
[ 1486223ms] [ERROR] SSE connection error: Event @ webpack-internal:///(app-pages-browser)/./node_modules/next/dist/next-devtools/userspace/app/errors/intercept-console-error.js:56
[ 1486223ms] [ERROR] Failed to load resource: net::ERR_CONNECTION_REFUSED @ http://localhost:3060/api/products/updates?clientId=1l40w8wuc:0
[ 1489226ms] [ERROR] SSE connection error: Event @ webpack-internal:///(app-pages-browser)/./node_modules/next/dist/next-devtools/userspace/app/errors/intercept-console-error.js:56
[ 1489226ms] [ERROR] Failed to load resource: net::ERR_CONNECTION_REFUSED @ http://localhost:3060/api/products/updates?clientId=mrus2y4gw:0
[ 1489226ms] [ERROR] SSE connection error: Event @ webpack-internal:///(app-pages-browser)/./node_modules/next/dist/next-devtools/userspace/app/errors/intercept-console-error.js:56
[ 1489226ms] [ERROR] Failed to load resource: net::ERR_CONNECTION_REFUSED @ http://localhost:3060/api/products/updates?clientId=1l40w8wuc:0
[ 1492228ms] [ERROR] SSE connection error: Event @ webpack-internal:///(app-pages-browser)/./node_modules/next/dist/next-devtools/userspace/app/errors/intercept-console-error.js:56
[ 1492228ms] [ERROR] Failed to load resource: net::ERR_CONNECTION_REFUSED @ http://localhost:3060/api/products/updates?clientId=mrus2y4gw:0
[ 1492228ms] [ERROR] SSE connection error: Event @ webpack-internal:///(app-pages-browser)/./node_modules/next/dist/next-devtools/userspace/app/errors/intercept-console-error.js:56
[ 1492229ms] [ERROR] Failed to load resource: net::ERR_CONNECTION_REFUSED @ http://localhost:3060/api/products/updates?clientId=1l40w8wuc:0
[ 1495232ms] [ERROR] SSE connection error: Event @ webpack-internal:///(app-pages-browser)/./node_modules/next/dist/next-devtools/userspace/app/errors/intercept-console-error.js:56
[ 1495232ms] [ERROR] Failed to load resource: net::ERR_CONNECTION_REFUSED @ http://localhost:3060/api/products/updates?clientId=mrus2y4gw:0
[ 1495232ms] [ERROR] SSE connection error: Event @ webpack-internal:///(app-pages-browser)/./node_modules/next/dist/next-devtools/userspace/app/errors/intercept-console-error.js:56
[ 1495232ms] [ERROR] Failed to load resource: net::ERR_CONNECTION_REFUSED @ http://localhost:3060/api/products/updates?clientId=1l40w8wuc:0
[ 1498235ms] [ERROR] SSE connection error: Event @ webpack-internal:///(app-pages-browser)/./node_modules/next/dist/next-devtools/userspace/app/errors/intercept-console-error.js:56
[ 1498235ms] [ERROR] Failed to load resource: net::ERR_CONNECTION_REFUSED @ http://localhost:3060/api/products/updates?clientId=mrus2y4gw:0
[ 1498235ms] [ERROR] SSE connection error: Event @ webpack-internal:///(app-pages-browser)/./node_modules/next/dist/next-devtools/userspace/app/errors/intercept-console-error.js:56
[ 1498235ms] [ERROR] Failed to load resource: net::ERR_CONNECTION_REFUSED @ http://localhost:3060/api/products/updates?clientId=1l40w8wuc:0
[ 1501238ms] [ERROR] SSE connection error: Event @ webpack-internal:///(app-pages-browser)/./node_modules/next/dist/next-devtools/userspace/app/errors/intercept-console-error.js:56
[ 1501239ms] [ERROR] Failed to load resource: net::ERR_CONNECTION_REFUSED @ http://localhost:3060/api/products/updates?clientId=mrus2y4gw:0
[ 1501239ms] [ERROR] SSE connection error: Event @ webpack-internal:///(app-pages-browser)/./node_modules/next/dist/next-devtools/userspace/app/errors/intercept-console-error.js:56
[ 1501239ms] [ERROR] Failed to load resource: net::ERR_CONNECTION_REFUSED @ http://localhost:3060/api/products/updates?clientId=1l40w8wuc:0
[ 1504240ms] [ERROR] SSE connection error: Event @ webpack-internal:///(app-pages-browser)/./node_modules/next/dist/next-devtools/userspace/app/errors/intercept-console-error.js:56
[ 1504240ms] [ERROR] Failed to load resource: net::ERR_CONNECTION_REFUSED @ http://localhost:3060/api/products/updates?clientId=mrus2y4gw:0
[ 1504241ms] [ERROR] SSE connection error: Event @ webpack-internal:///(app-pages-browser)/./node_modules/next/dist/next-devtools/userspace/app/errors/intercept-console-error.js:56
[ 1504241ms] [ERROR] Failed to load resource: net::ERR_CONNECTION_REFUSED @ http://localhost:3060/api/products/updates?clientId=1l40w8wuc:0
[ 1507244ms] [ERROR] SSE connection error: Event @ webpack-internal:///(app-pages-browser)/./node_modules/next/dist/next-devtools/userspace/app/errors/intercept-console-error.js:56
[ 1507245ms] [ERROR] Failed to load resource: net::ERR_CONNECTION_REFUSED @ http://localhost:3060/api/products/updates?clientId=mrus2y4gw:0
[ 1507245ms] [ERROR] SSE connection error: Event @ webpack-internal:///(app-pages-browser)/./node_modules/next/dist/next-devtools/userspace/app/errors/intercept-console-error.js:56
[ 1507245ms] [ERROR] Failed to load resource: net::ERR_CONNECTION_REFUSED @ http://localhost:3060/api/products/updates?clientId=1l40w8wuc:0
[ 1510248ms] [ERROR] SSE connection error: Event @ webpack-internal:///(app-pages-browser)/./node_modules/next/dist/next-devtools/userspace/app/errors/intercept-console-error.js:56
[ 1510249ms] [ERROR] Failed to load resource: net::ERR_CONNECTION_REFUSED @ http://localhost:3060/api/products/updates?clientId=mrus2y4gw:0
[ 1510249ms] [ERROR] SSE connection error: Event @ webpack-internal:///(app-pages-browser)/./node_modules/next/dist/next-devtools/userspace/app/errors/intercept-console-error.js:56
[ 1510249ms] [ERROR] Failed to load resource: net::ERR_CONNECTION_REFUSED @ http://localhost:3060/api/products/updates?clientId=1l40w8wuc:0
[ 1513251ms] [ERROR] SSE connection error: Event @ webpack-internal:///(app-pages-browser)/./node_modules/next/dist/next-devtools/userspace/app/errors/intercept-console-error.js:56
[ 1513251ms] [ERROR] Failed to load resource: net::ERR_CONNECTION_REFUSED @ http://localhost:3060/api/products/updates?clientId=mrus2y4gw:0
[ 1513251ms] [ERROR] SSE connection error: Event @ webpack-internal:///(app-pages-browser)/./node_modules/next/dist/next-devtools/userspace/app/errors/intercept-console-error.js:56
[ 1513251ms] [ERROR] Failed to load resource: net::ERR_CONNECTION_REFUSED @ http://localhost:3060/api/products/updates?clientId=1l40w8wuc:0
[ 1516273ms] [ERROR] SSE connection error: Event @ webpack-internal:///(app-pages-browser)/./node_modules/next/dist/next-devtools/userspace/app/errors/intercept-console-error.js:56
[ 1516274ms] [ERROR] Failed to load resource: net::ERR_CONNECTION_REFUSED @ http://localhost:3060/api/products/updates?clientId=mrus2y4gw:0
[ 1516274ms] [ERROR] SSE connection error: Event @ webpack-internal:///(app-pages-browser)/./node_modules/next/dist/next-devtools/userspace/app/errors/intercept-console-error.js:56
[ 1516274ms] [ERROR] Failed to load resource: net::ERR_CONNECTION_REFUSED @ http://localhost:3060/api/products/updates?clientId=1l40w8wuc:0
[ 1519277ms] [ERROR] SSE connection error: Event @ webpack-internal:///(app-pages-browser)/./node_modules/next/dist/next-devtools/userspace/app/errors/intercept-console-error.js:56
[ 1519277ms] [ERROR] Failed to load resource: net::ERR_CONNECTION_REFUSED @ http://localhost:3060/api/products/updates?clientId=mrus2y4gw:0
[ 1519277ms] [ERROR] SSE connection error: Event @ webpack-internal:///(app-pages-browser)/./node_modules/next/dist/next-devtools/userspace/app/errors/intercept-console-error.js:56
[ 1519278ms] [ERROR] Failed to load resource: net::ERR_CONNECTION_REFUSED @ http://localhost:3060/api/products/updates?clientId=1l40w8wuc:0
[ 1522280ms] [ERROR] SSE connection error: Event @ webpack-internal:///(app-pages-browser)/./node_modules/next/dist/next-devtools/userspace/app/errors/intercept-console-error.js:56
[ 1522280ms] [ERROR] Failed to load resource: net::ERR_CONNECTION_REFUSED @ http://localhost:3060/api/products/updates?clientId=mrus2y4gw:0
[ 1522281ms] [ERROR] SSE connection error: Event @ webpack-internal:///(app-pages-browser)/./node_modules/next/dist/next-devtools/userspace/app/errors/intercept-console-error.js:56
[ 1522281ms] [ERROR] Failed to load resource: net::ERR_CONNECTION_REFUSED @ http://localhost:3060/api/products/updates?clientId=1l40w8wuc:0
[ 1525284ms] [ERROR] SSE connection error: Event @ webpack-internal:///(app-pages-browser)/./node_modules/next/dist/next-devtools/userspace/app/errors/intercept-console-error.js:56
[ 1525284ms] [ERROR] Failed to load resource: net::ERR_CONNECTION_REFUSED @ http://localhost:3060/api/products/updates?clientId=mrus2y4gw:0
[ 1525285ms] [ERROR] SSE connection error: Event @ webpack-internal:///(app-pages-browser)/./node_modules/next/dist/next-devtools/userspace/app/errors/intercept-console-error.js:56
[ 1525285ms] [ERROR] Failed to load resource: net::ERR_CONNECTION_REFUSED @ http://localhost:3060/api/products/updates?clientId=1l40w8wuc:0
[ 1528287ms] [ERROR] SSE connection error: Event @ webpack-internal:///(app-pages-browser)/./node_modules/next/dist/next-devtools/userspace/app/errors/intercept-console-error.js:56
[ 1528287ms] [ERROR] Failed to load resource: net::ERR_CONNECTION_REFUSED @ http://localhost:3060/api/products/updates?clientId=mrus2y4gw:0
[ 1528287ms] [ERROR] SSE connection error: Event @ webpack-internal:///(app-pages-browser)/./node_modules/next/dist/next-devtools/userspace/app/errors/intercept-console-error.js:56
[ 1528288ms] [ERROR] Failed to load resource: net::ERR_CONNECTION_REFUSED @ http://localhost:3060/api/products/updates?clientId=1l40w8wuc:0
[ 1531291ms] [ERROR] SSE connection error: Event @ webpack-internal:///(app-pages-browser)/./node_modules/next/dist/next-devtools/userspace/app/errors/intercept-console-error.js:56
[ 1531291ms] [ERROR] Failed to load resource: net::ERR_CONNECTION_REFUSED @ http://localhost:3060/api/products/updates?clientId=mrus2y4gw:0
[ 1531291ms] [ERROR] SSE connection error: Event @ webpack-internal:///(app-pages-browser)/./node_modules/next/dist/next-devtools/userspace/app/errors/intercept-console-error.js:56
[ 1531292ms] [ERROR] Failed to load resource: net::ERR_CONNECTION_REFUSED @ http://localhost:3060/api/products/updates?clientId=1l40w8wuc:0
[ 1534295ms] [ERROR] SSE connection error: Event @ webpack-internal:///(app-pages-browser)/./node_modules/next/dist/next-devtools/userspace/app/errors/intercept-console-error.js:56
[ 1534295ms] [ERROR] Failed to load resource: net::ERR_CONNECTION_REFUSED @ http://localhost:3060/api/products/updates?clientId=mrus2y4gw:0
[ 1534296ms] [ERROR] SSE connection error: Event @ webpack-internal:///(app-pages-browser)/./node_modules/next/dist/next-devtools/userspace/app/errors/intercept-console-error.js:56
[ 1534296ms] [ERROR] Failed to load resource: net::ERR_CONNECTION_REFUSED @ http://localhost:3060/api/products/updates?clientId=1l40w8wuc:0
[ 1537298ms] [ERROR] SSE connection error: Event @ webpack-internal:///(app-pages-browser)/./node_modules/next/dist/next-devtools/userspace/app/errors/intercept-console-error.js:56
[ 1537299ms] [ERROR] Failed to load resource: net::ERR_CONNECTION_REFUSED @ http://localhost:3060/api/products/updates?clientId=mrus2y4gw:0
[ 1537299ms] [ERROR] SSE connection error: Event @ webpack-internal:///(app-pages-browser)/./node_modules/next/dist/next-devtools/userspace/app/errors/intercept-console-error.js:56
[ 1537299ms] [ERROR] Failed to load resource: net::ERR_CONNECTION_REFUSED @ http://localhost:3060/api/products/updates?clientId=1l40w8wuc:0
[ 1540302ms] [ERROR] SSE connection error: Event @ webpack-internal:///(app-pages-browser)/./node_modules/next/dist/next-devtools/userspace/app/errors/intercept-console-error.js:56
[ 1540302ms] [ERROR] Failed to load resource: net::ERR_CONNECTION_REFUSED @ http://localhost:3060/api/products/updates?clientId=mrus2y4gw:0
[ 1540302ms] [ERROR] SSE connection error: Event @ webpack-internal:///(app-pages-browser)/./node_modules/next/dist/next-devtools/userspace/app/errors/intercept-console-error.js:56
[ 1540303ms] [ERROR] Failed to load resource: net::ERR_CONNECTION_REFUSED @ http://localhost:3060/api/products/updates?clientId=1l40w8wuc:0
[ 1543306ms] [ERROR] SSE connection error: Event @ webpack-internal:///(app-pages-browser)/./node_modules/next/dist/next-devtools/userspace/app/errors/intercept-console-error.js:56
[ 1543306ms] [ERROR] Failed to load resource: net::ERR_CONNECTION_REFUSED @ http://localhost:3060/api/products/updates?clientId=mrus2y4gw:0
[ 1543306ms] [ERROR] SSE connection error: Event @ webpack-internal:///(app-pages-browser)/./node_modules/next/dist/next-devtools/userspace/app/errors/intercept-console-error.js:56
[ 1543307ms] [ERROR] Failed to load resource: net::ERR_CONNECTION_REFUSED @ http://localhost:3060/api/products/updates?clientId=1l40w8wuc:0
[ 1546310ms] [ERROR] SSE connection error: Event @ webpack-internal:///(app-pages-browser)/./node_modules/next/dist/next-devtools/userspace/app/errors/intercept-console-error.js:56
[ 1546311ms] [ERROR] Failed to load resource: net::ERR_CONNECTION_REFUSED @ http://localhost:3060/api/products/updates?clientId=mrus2y4gw:0
[ 1546311ms] [ERROR] SSE connection error: Event @ webpack-internal:///(app-pages-browser)/./node_modules/next/dist/next-devtools/userspace/app/errors/intercept-console-error.js:56
[ 1546311ms] [ERROR] Failed to load resource: net::ERR_CONNECTION_REFUSED @ http://localhost:3060/api/products/updates?clientId=1l40w8wuc:0
[ 1549314ms] [ERROR] SSE connection error: Event @ webpack-internal:///(app-pages-browser)/./node_modules/next/dist/next-devtools/userspace/app/errors/intercept-console-error.js:56
[ 1549314ms] [ERROR] Failed to load resource: net::ERR_CONNECTION_REFUSED @ http://localhost:3060/api/products/updates?clientId=mrus2y4gw:0
[ 1549314ms] [ERROR] SSE connection error: Event @ webpack-internal:///(app-pages-browser)/./node_modules/next/dist/next-devtools/userspace/app/errors/intercept-console-error.js:56
[ 1549314ms] [ERROR] Failed to load resource: net::ERR_CONNECTION_REFUSED @ http://localhost:3060/api/products/updates?clientId=1l40w8wuc:0
[ 1552317ms] [ERROR] SSE connection error: Event @ webpack-internal:///(app-pages-browser)/./node_modules/next/dist/next-devtools/userspace/app/errors/intercept-console-error.js:56
[ 1552318ms] [ERROR] Failed to load resource: net::ERR_CONNECTION_REFUSED @ http://localhost:3060/api/products/updates?clientId=mrus2y4gw:0
[ 1552318ms] [ERROR] SSE connection error: Event @ webpack-internal:///(app-pages-browser)/./node_modules/next/dist/next-devtools/userspace/app/errors/intercept-console-error.js:56
[ 1552318ms] [ERROR] Failed to load resource: net::ERR_CONNECTION_REFUSED @ http://localhost:3060/api/products/updates?clientId=1l40w8wuc:0
[ 1555321ms] [ERROR] SSE connection error: Event @ webpack-internal:///(app-pages-browser)/./node_modules/next/dist/next-devtools/userspace/app/errors/intercept-console-error.js:56
[ 1555321ms] [ERROR] Failed to load resource: net::ERR_CONNECTION_REFUSED @ http://localhost:3060/api/products/updates?clientId=mrus2y4gw:0
[ 1555322ms] [ERROR] SSE connection error: Event @ webpack-internal:///(app-pages-browser)/./node_modules/next/dist/next-devtools/userspace/app/errors/intercept-console-error.js:56
[ 1555322ms] [ERROR] Failed to load resource: net::ERR_CONNECTION_REFUSED @ http://localhost:3060/api/products/updates?clientId=1l40w8wuc:0
[ 1558323ms] [ERROR] SSE connection error: Event @ webpack-internal:///(app-pages-browser)/./node_modules/next/dist/next-devtools/userspace/app/errors/intercept-console-error.js:56
[ 1558323ms] [ERROR] Failed to load resource: net::ERR_CONNECTION_REFUSED @ http://localhost:3060/api/products/updates?clientId=mrus2y4gw:0
[ 1558323ms] [ERROR] SSE connection error: Event @ webpack-internal:///(app-pages-browser)/./node_modules/next/dist/next-devtools/userspace/app/errors/intercept-console-error.js:56
[ 1558323ms] [ERROR] Failed to load resource: net::ERR_CONNECTION_REFUSED @ http://localhost:3060/api/products/updates?clientId=1l40w8wuc:0
[ 1561325ms] [ERROR] SSE connection error: Event @ webpack-internal:///(app-pages-browser)/./node_modules/next/dist/next-devtools/userspace/app/errors/intercept-console-error.js:56
[ 1561325ms] [ERROR] Failed to load resource: net::ERR_CONNECTION_REFUSED @ http://localhost:3060/api/products/updates?clientId=mrus2y4gw:0
[ 1561325ms] [ERROR] SSE connection error: Event @ webpack-internal:///(app-pages-browser)/./node_modules/next/dist/next-devtools/userspace/app/errors/intercept-console-error.js:56
[ 1561325ms] [ERROR] Failed to load resource: net::ERR_CONNECTION_REFUSED @ http://localhost:3060/api/products/updates?clientId=1l40w8wuc:0
[ 1564331ms] [ERROR] SSE connection error: Event @ webpack-internal:///(app-pages-browser)/./node_modules/next/dist/next-devtools/userspace/app/errors/intercept-console-error.js:56
[ 1564332ms] [ERROR] Failed to load resource: net::ERR_CONNECTION_REFUSED @ http://localhost:3060/api/products/updates?clientId=mrus2y4gw:0
[ 1564332ms] [ERROR] SSE connection error: Event @ webpack-internal:///(app-pages-browser)/./node_modules/next/dist/next-devtools/userspace/app/errors/intercept-console-error.js:56
[ 1564332ms] [ERROR] Failed to load resource: net::ERR_CONNECTION_REFUSED @ http://localhost:3060/api/products/updates?clientId=1l40w8wuc:0
[ 1567335ms] [ERROR] SSE connection error: Event @ webpack-internal:///(app-pages-browser)/./node_modules/next/dist/next-devtools/userspace/app/errors/intercept-console-error.js:56
[ 1567335ms] [ERROR] Failed to load resource: net::ERR_CONNECTION_REFUSED @ http://localhost:3060/api/products/updates?clientId=mrus2y4gw:0
[ 1567335ms] [ERROR] SSE connection error: Event @ webpack-internal:///(app-pages-browser)/./node_modules/next/dist/next-devtools/userspace/app/errors/intercept-console-error.js:56
[ 1567335ms] [ERROR] Failed to load resource: net::ERR_CONNECTION_REFUSED @ http://localhost:3060/api/products/updates?clientId=1l40w8wuc:0
[ 1570340ms] [ERROR] SSE connection error: Event @ webpack-internal:///(app-pages-browser)/./node_modules/next/dist/next-devtools/userspace/app/errors/intercept-console-error.js:56
[ 1570340ms] [ERROR] Failed to load resource: net::ERR_CONNECTION_REFUSED @ http://localhost:3060/api/products/updates?clientId=mrus2y4gw:0
[ 1570340ms] [ERROR] SSE connection error: Event @ webpack-internal:///(app-pages-browser)/./node_modules/next/dist/next-devtools/userspace/app/errors/intercept-console-error.js:56
[ 1570341ms] [ERROR] Failed to load resource: net::ERR_CONNECTION_REFUSED @ http://localhost:3060/api/products/updates?clientId=1l40w8wuc:0
[ 1573343ms] [ERROR] SSE connection error: Event @ webpack-internal:///(app-pages-browser)/./node_modules/next/dist/next-devtools/userspace/app/errors/intercept-console-error.js:56
[ 1573343ms] [ERROR] Failed to load resource: net::ERR_CONNECTION_REFUSED @ http://localhost:3060/api/products/updates?clientId=mrus2y4gw:0
[ 1573343ms] [ERROR] SSE connection error: Event @ webpack-internal:///(app-pages-browser)/./node_modules/next/dist/next-devtools/userspace/app/errors/intercept-console-error.js:56
[ 1573343ms] [ERROR] Failed to load resource: net::ERR_CONNECTION_REFUSED @ http://localhost:3060/api/products/updates?clientId=1l40w8wuc:0
[ 1576348ms] [ERROR] SSE connection error: Event @ webpack-internal:///(app-pages-browser)/./node_modules/next/dist/next-devtools/userspace/app/errors/intercept-console-error.js:56
[ 1576348ms] [ERROR] Failed to load resource: net::ERR_CONNECTION_REFUSED @ http://localhost:3060/api/products/updates?clientId=mrus2y4gw:0
[ 1576349ms] [ERROR] SSE connection error: Event @ webpack-internal:///(app-pages-browser)/./node_modules/next/dist/next-devtools/userspace/app/errors/intercept-console-error.js:56
[ 1576349ms] [ERROR] Failed to load resource: net::ERR_CONNECTION_REFUSED @ http://localhost:3060/api/products/updates?clientId=1l40w8wuc:0
[ 1579350ms] [ERROR] SSE connection error: Event @ webpack-internal:///(app-pages-browser)/./node_modules/next/dist/next-devtools/userspace/app/errors/intercept-console-error.js:56
[ 1579350ms] [ERROR] Failed to load resource: net::ERR_CONNECTION_REFUSED @ http://localhost:3060/api/products/updates?clientId=mrus2y4gw:0
[ 1579351ms] [ERROR] SSE connection error: Event @ webpack-internal:///(app-pages-browser)/./node_modules/next/dist/next-devtools/userspace/app/errors/intercept-console-error.js:56
[ 1579352ms] [ERROR] Failed to load resource: net::ERR_CONNECTION_REFUSED @ http://localhost:3060/api/products/updates?clientId=1l40w8wuc:0
[ 1582353ms] [ERROR] SSE connection error: Event @ webpack-internal:///(app-pages-browser)/./node_modules/next/dist/next-devtools/userspace/app/errors/intercept-console-error.js:56
[ 1582354ms] [ERROR] Failed to load resource: net::ERR_CONNECTION_REFUSED @ http://localhost:3060/api/products/updates?clientId=mrus2y4gw:0
[ 1582354ms] [ERROR] SSE connection error: Event @ webpack-internal:///(app-pages-browser)/./node_modules/next/dist/next-devtools/userspace/app/errors/intercept-console-error.js:56
[ 1582354ms] [ERROR] Failed to load resource: net::ERR_CONNECTION_REFUSED @ http://localhost:3060/api/products/updates?clientId=1l40w8wuc:0
[ 1585357ms] [ERROR] SSE connection error: Event @ webpack-internal:///(app-pages-browser)/./node_modules/next/dist/next-devtools/userspace/app/errors/intercept-console-error.js:56
[ 1585357ms] [ERROR] Failed to load resource: net::ERR_CONNECTION_REFUSED @ http://localhost:3060/api/products/updates?clientId=mrus2y4gw:0
[ 1585357ms] [ERROR] SSE connection error: Event @ webpack-internal:///(app-pages-browser)/./node_modules/next/dist/next-devtools/userspace/app/errors/intercept-console-error.js:56
[ 1585358ms] [ERROR] Failed to load resource: net::ERR_CONNECTION_REFUSED @ http://localhost:3060/api/products/updates?clientId=1l40w8wuc:0
[ 1588359ms] [ERROR] SSE connection error: Event @ webpack-internal:///(app-pages-browser)/./node_modules/next/dist/next-devtools/userspace/app/errors/intercept-console-error.js:56
[ 1588359ms] [ERROR] Failed to load resource: net::ERR_CONNECTION_REFUSED @ http://localhost:3060/api/products/updates?clientId=mrus2y4gw:0
[ 1588359ms] [ERROR] SSE connection error: Event @ webpack-internal:///(app-pages-browser)/./node_modules/next/dist/next-devtools/userspace/app/errors/intercept-console-error.js:56
[ 1588359ms] [ERROR] Failed to load resource: net::ERR_CONNECTION_REFUSED @ http://localhost:3060/api/products/updates?clientId=1l40w8wuc:0
[ 1591362ms] [ERROR] SSE connection error: Event @ webpack-internal:///(app-pages-browser)/./node_modules/next/dist/next-devtools/userspace/app/errors/intercept-console-error.js:56
[ 1591362ms] [ERROR] Failed to load resource: net::ERR_CONNECTION_REFUSED @ http://localhost:3060/api/products/updates?clientId=mrus2y4gw:0
[ 1591362ms] [ERROR] SSE connection error: Event @ webpack-internal:///(app-pages-browser)/./node_modules/next/dist/next-devtools/userspace/app/errors/intercept-console-error.js:56
[ 1591362ms] [ERROR] Failed to load resource: net::ERR_CONNECTION_REFUSED @ http://localhost:3060/api/products/updates?clientId=1l40w8wuc:0
[ 1594364ms] [ERROR] SSE connection error: Event @ webpack-internal:///(app-pages-browser)/./node_modules/next/dist/next-devtools/userspace/app/errors/intercept-console-error.js:56
[ 1594364ms] [ERROR] Failed to load resource: net::ERR_CONNECTION_REFUSED @ http://localhost:3060/api/products/updates?clientId=mrus2y4gw:0
[ 1594364ms] [ERROR] SSE connection error: Event @ webpack-internal:///(app-pages-browser)/./node_modules/next/dist/next-devtools/userspace/app/errors/intercept-console-error.js:56
[ 1594364ms] [ERROR] Failed to load resource: net::ERR_CONNECTION_REFUSED @ http://localhost:3060/api/products/updates?clientId=1l40w8wuc:0
[ 1597371ms] [ERROR] SSE connection error: Event @ webpack-internal:///(app-pages-browser)/./node_modules/next/dist/next-devtools/userspace/app/errors/intercept-console-error.js:56
[ 1597374ms] [ERROR] Failed to load resource: net::ERR_CONNECTION_REFUSED @ http://localhost:3060/api/products/updates?clientId=mrus2y4gw:0
[ 1597375ms] [ERROR] SSE connection error: Event @ webpack-internal:///(app-pages-browser)/./node_modules/next/dist/next-devtools/userspace/app/errors/intercept-console-error.js:56
[ 1597375ms] [ERROR] Failed to load resource: net::ERR_CONNECTION_REFUSED @ http://localhost:3060/api/products/updates?clientId=1l40w8wuc:0
[ 1600375ms] [ERROR] SSE connection error: Event @ webpack-internal:///(app-pages-browser)/./node_modules/next/dist/next-devtools/userspace/app/errors/intercept-console-error.js:56
[ 1600375ms] [ERROR] Failed to load resource: net::ERR_CONNECTION_REFUSED @ http://localhost:3060/api/products/updates?clientId=mrus2y4gw:0
[ 1600376ms] [ERROR] SSE connection error: Event @ webpack-internal:///(app-pages-browser)/./node_modules/next/dist/next-devtools/userspace/app/errors/intercept-console-error.js:56
[ 1600376ms] [ERROR] Failed to load resource: net::ERR_CONNECTION_REFUSED @ http://localhost:3060/api/products/updates?clientId=1l40w8wuc:0
[ 1603382ms] [ERROR] SSE connection error: Event @ webpack-internal:///(app-pages-browser)/./node_modules/next/dist/next-devtools/userspace/app/errors/intercept-console-error.js:56
[ 1603382ms] [ERROR] Failed to load resource: net::ERR_CONNECTION_REFUSED @ http://localhost:3060/api/products/updates?clientId=mrus2y4gw:0
[ 1603382ms] [ERROR] SSE connection error: Event @ webpack-internal:///(app-pages-browser)/./node_modules/next/dist/next-devtools/userspace/app/errors/intercept-console-error.js:56
[ 1603382ms] [ERROR] Failed to load resource: net::ERR_CONNECTION_REFUSED @ http://localhost:3060/api/products/updates?clientId=1l40w8wuc:0
[ 1606388ms] [ERROR] SSE connection error: Event @ webpack-internal:///(app-pages-browser)/./node_modules/next/dist/next-devtools/userspace/app/errors/intercept-console-error.js:56
[ 1606393ms] [ERROR] Failed to load resource: net::ERR_CONNECTION_REFUSED @ http://localhost:3060/api/products/updates?clientId=mrus2y4gw:0
[ 1606393ms] [ERROR] SSE connection error: Event @ webpack-internal:///(app-pages-browser)/./node_modules/next/dist/next-devtools/userspace/app/errors/intercept-console-error.js:56
[ 1606394ms] [ERROR] Failed to load resource: net::ERR_CONNECTION_REFUSED @ http://localhost:3060/api/products/updates?clientId=1l40w8wuc:0
[ 1609393ms] [ERROR] SSE connection error: Event @ webpack-internal:///(app-pages-browser)/./node_modules/next/dist/next-devtools/userspace/app/errors/intercept-console-error.js:56
[ 1609393ms] [ERROR] Failed to load resource: net::ERR_CONNECTION_REFUSED @ http://localhost:3060/api/products/updates?clientId=mrus2y4gw:0
[ 1609395ms] [ERROR] SSE connection error: Event @ webpack-internal:///(app-pages-browser)/./node_modules/next/dist/next-devtools/userspace/app/errors/intercept-console-error.js:56
[ 1609395ms] [ERROR] Failed to load resource: net::ERR_CONNECTION_REFUSED @ http://localhost:3060/api/products/updates?clientId=1l40w8wuc:0
[ 1612398ms] [ERROR] SSE connection error: Event @ webpack-internal:///(app-pages-browser)/./node_modules/next/dist/next-devtools/userspace/app/errors/intercept-console-error.js:56
[ 1612399ms] [ERROR] Failed to load resource: net::ERR_CONNECTION_REFUSED @ http://localhost:3060/api/products/updates?clientId=mrus2y4gw:0
[ 1612399ms] [ERROR] SSE connection error: Event @ webpack-internal:///(app-pages-browser)/./node_modules/next/dist/next-devtools/userspace/app/errors/intercept-console-error.js:56
[ 1612399ms] [ERROR] Failed to load resource: net::ERR_CONNECTION_REFUSED @ http://localhost:3060/api/products/updates?clientId=1l40w8wuc:0
[ 1615403ms] [ERROR] SSE connection error: Event @ webpack-internal:///(app-pages-browser)/./node_modules/next/dist/next-devtools/userspace/app/errors/intercept-console-error.js:56
[ 1615404ms] [ERROR] Failed to load resource: net::ERR_CONNECTION_REFUSED @ http://localhost:3060/api/products/updates?clientId=mrus2y4gw:0
[ 1615404ms] [ERROR] SSE connection error: Event @ webpack-internal:///(app-pages-browser)/./node_modules/next/dist/next-devtools/userspace/app/errors/intercept-console-error.js:56
[ 1615405ms] [ERROR] Failed to load resource: net::ERR_CONNECTION_REFUSED @ http://localhost:3060/api/products/updates?clientId=1l40w8wuc:0
[ 1618408ms] [ERROR] SSE connection error: Event @ webpack-internal:///(app-pages-browser)/./node_modules/next/dist/next-devtools/userspace/app/errors/intercept-console-error.js:56
[ 1618408ms] [ERROR] Failed to load resource: net::ERR_CONNECTION_REFUSED @ http://localhost:3060/api/products/updates?clientId=mrus2y4gw:0
[ 1618408ms] [ERROR] SSE connection error: Event @ webpack-internal:///(app-pages-browser)/./node_modules/next/dist/next-devtools/userspace/app/errors/intercept-console-error.js:56
[ 1618409ms] [ERROR] Failed to load resource: net::ERR_CONNECTION_REFUSED @ http://localhost:3060/api/products/updates?clientId=1l40w8wuc:0
[ 1621415ms] [ERROR] SSE connection error: Event @ webpack-internal:///(app-pages-browser)/./node_modules/next/dist/next-devtools/userspace/app/errors/intercept-console-error.js:56
[ 1621415ms] [ERROR] Failed to load resource: net::ERR_CONNECTION_REFUSED @ http://localhost:3060/api/products/updates?clientId=mrus2y4gw:0
[ 1621415ms] [ERROR] SSE connection error: Event @ webpack-internal:///(app-pages-browser)/./node_modules/next/dist/next-devtools/userspace/app/errors/intercept-console-error.js:56
[ 1621415ms] [ERROR] Failed to load resource: net::ERR_CONNECTION_REFUSED @ http://localhost:3060/api/products/updates?clientId=1l40w8wuc:0
[ 1624417ms] [ERROR] SSE connection error: Event @ webpack-internal:///(app-pages-browser)/./node_modules/next/dist/next-devtools/userspace/app/errors/intercept-console-error.js:56
[ 1624417ms] [ERROR] Failed to load resource: net::ERR_CONNECTION_REFUSED @ http://localhost:3060/api/products/updates?clientId=mrus2y4gw:0
[ 1624418ms] [ERROR] SSE connection error: Event @ webpack-internal:///(app-pages-browser)/./node_modules/next/dist/next-devtools/userspace/app/errors/intercept-console-error.js:56
[ 1624418ms] [ERROR] Failed to load resource: net::ERR_CONNECTION_REFUSED @ http://localhost:3060/api/products/updates?clientId=1l40w8wuc:0
[ 1627420ms] [ERROR] SSE connection error: Event @ webpack-internal:///(app-pages-browser)/./node_modules/next/dist/next-devtools/userspace/app/errors/intercept-console-error.js:56
[ 1627420ms] [ERROR] Failed to load resource: net::ERR_CONNECTION_REFUSED @ http://localhost:3060/api/products/updates?clientId=mrus2y4gw:0
[ 1627421ms] [ERROR] SSE connection error: Event @ webpack-internal:///(app-pages-browser)/./node_modules/next/dist/next-devtools/userspace/app/errors/intercept-console-error.js:56
[ 1627421ms] [ERROR] Failed to load resource: net::ERR_CONNECTION_REFUSED @ http://localhost:3060/api/products/updates?clientId=1l40w8wuc:0
[ 1630423ms] [ERROR] SSE connection error: Event @ webpack-internal:///(app-pages-browser)/./node_modules/next/dist/next-devtools/userspace/app/errors/intercept-console-error.js:56
[ 1630423ms] [ERROR] Failed to load resource: net::ERR_CONNECTION_REFUSED @ http://localhost:3060/api/products/updates?clientId=mrus2y4gw:0
[ 1630423ms] [ERROR] SSE connection error: Event @ webpack-internal:///(app-pages-browser)/./node_modules/next/dist/next-devtools/userspace/app/errors/intercept-console-error.js:56
[ 1630423ms] [ERROR] Failed to load resource: net::ERR_CONNECTION_REFUSED @ http://localhost:3060/api/products/updates?clientId=1l40w8wuc:0
[ 1633426ms] [ERROR] SSE connection error: Event @ webpack-internal:///(app-pages-browser)/./node_modules/next/dist/next-devtools/userspace/app/errors/intercept-console-error.js:56
[ 1633426ms] [ERROR] Failed to load resource: net::ERR_CONNECTION_REFUSED @ http://localhost:3060/api/products/updates?clientId=mrus2y4gw:0
[ 1633426ms] [ERROR] SSE connection error: Event @ webpack-internal:///(app-pages-browser)/./node_modules/next/dist/next-devtools/userspace/app/errors/intercept-console-error.js:56
[ 1633426ms] [ERROR] Failed to load resource: net::ERR_CONNECTION_REFUSED @ http://localhost:3060/api/products/updates?clientId=1l40w8wuc:0
[ 1636430ms] [ERROR] SSE connection error: Event @ webpack-internal:///(app-pages-browser)/./node_modules/next/dist/next-devtools/userspace/app/errors/intercept-console-error.js:56
[ 1636430ms] [ERROR] Failed to load resource: net::ERR_CONNECTION_REFUSED @ http://localhost:3060/api/products/updates?clientId=mrus2y4gw:0
[ 1636431ms] [ERROR] SSE connection error: Event @ webpack-internal:///(app-pages-browser)/./node_modules/next/dist/next-devtools/userspace/app/errors/intercept-console-error.js:56
[ 1636431ms] [ERROR] Failed to load resource: net::ERR_CONNECTION_REFUSED @ http://localhost:3060/api/products/updates?clientId=1l40w8wuc:0
[ 1639432ms] [ERROR] SSE connection error: Event @ webpack-internal:///(app-pages-browser)/./node_modules/next/dist/next-devtools/userspace/app/errors/intercept-console-error.js:56
[ 1639432ms] [ERROR] Failed to load resource: net::ERR_CONNECTION_REFUSED @ http://localhost:3060/api/products/updates?clientId=mrus2y4gw:0
[ 1639433ms] [ERROR] SSE connection error: Event @ webpack-internal:///(app-pages-browser)/./node_modules/next/dist/next-devtools/userspace/app/errors/intercept-console-error.js:56
[ 1639433ms] [ERROR] Failed to load resource: net::ERR_CONNECTION_REFUSED @ http://localhost:3060/api/products/updates?clientId=1l40w8wuc:0
[ 1642435ms] [ERROR] SSE connection error: Event @ webpack-internal:///(app-pages-browser)/./node_modules/next/dist/next-devtools/userspace/app/errors/intercept-console-error.js:56
[ 1642435ms] [ERROR] Failed to load resource: net::ERR_CONNECTION_REFUSED @ http://localhost:3060/api/products/updates?clientId=mrus2y4gw:0
[ 1642435ms] [ERROR] SSE connection error: Event @ webpack-internal:///(app-pages-browser)/./node_modules/next/dist/next-devtools/userspace/app/errors/intercept-console-error.js:56
[ 1642435ms] [ERROR] Failed to load resource: net::ERR_CONNECTION_REFUSED @ http://localhost:3060/api/products/updates?clientId=1l40w8wuc:0
[ 1645438ms] [ERROR] SSE connection error: Event @ webpack-internal:///(app-pages-browser)/./node_modules/next/dist/next-devtools/userspace/app/errors/intercept-console-error.js:56
[ 1645438ms] [ERROR] Failed to load resource: net::ERR_CONNECTION_REFUSED @ http://localhost:3060/api/products/updates?clientId=mrus2y4gw:0
[ 1645439ms] [ERROR] SSE connection error: Event @ webpack-internal:///(app-pages-browser)/./node_modules/next/dist/next-devtools/userspace/app/errors/intercept-console-error.js:56
[ 1645439ms] [ERROR] Failed to load resource: net::ERR_CONNECTION_REFUSED @ http://localhost:3060/api/products/updates?clientId=1l40w8wuc:0
[ 1648441ms] [ERROR] SSE connection error: Event @ webpack-internal:///(app-pages-browser)/./node_modules/next/dist/next-devtools/userspace/app/errors/intercept-console-error.js:56
[ 1648441ms] [ERROR] Failed to load resource: net::ERR_CONNECTION_REFUSED @ http://localhost:3060/api/products/updates?clientId=mrus2y4gw:0
[ 1648441ms] [ERROR] SSE connection error: Event @ webpack-internal:///(app-pages-browser)/./node_modules/next/dist/next-devtools/userspace/app/errors/intercept-console-error.js:56
[ 1648442ms] [ERROR] Failed to load resource: net::ERR_CONNECTION_REFUSED @ http://localhost:3060/api/products/updates?clientId=1l40w8wuc:0
[ 1651445ms] [ERROR] SSE connection error: Event @ webpack-internal:///(app-pages-browser)/./node_modules/next/dist/next-devtools/userspace/app/errors/intercept-console-error.js:56
[ 1651445ms] [ERROR] Failed to load resource: net::ERR_CONNECTION_REFUSED @ http://localhost:3060/api/products/updates?clientId=mrus2y4gw:0
[ 1651445ms] [ERROR] SSE connection error: Event @ webpack-internal:///(app-pages-browser)/./node_modules/next/dist/next-devtools/userspace/app/errors/intercept-console-error.js:56
[ 1651446ms] [ERROR] Failed to load resource: net::ERR_CONNECTION_REFUSED @ http://localhost:3060/api/products/updates?clientId=1l40w8wuc:0
[ 1654447ms] [ERROR] SSE connection error: Event @ webpack-internal:///(app-pages-browser)/./node_modules/next/dist/next-devtools/userspace/app/errors/intercept-console-error.js:56
[ 1654448ms] [ERROR] Failed to load resource: net::ERR_CONNECTION_REFUSED @ http://localhost:3060/api/products/updates?clientId=mrus2y4gw:0
[ 1654448ms] [ERROR] SSE connection error: Event @ webpack-internal:///(app-pages-browser)/./node_modules/next/dist/next-devtools/userspace/app/errors/intercept-console-error.js:56
[ 1654448ms] [ERROR] Failed to load resource: net::ERR_CONNECTION_REFUSED @ http://localhost:3060/api/products/updates?clientId=1l40w8wuc:0
[ 1657450ms] [ERROR] SSE connection error: Event @ webpack-internal:///(app-pages-browser)/./node_modules/next/dist/next-devtools/userspace/app/errors/intercept-console-error.js:56
[ 1657450ms] [ERROR] Failed to load resource: net::ERR_CONNECTION_REFUSED @ http://localhost:3060/api/products/updates?clientId=mrus2y4gw:0
[ 1657450ms] [ERROR] SSE connection error: Event @ webpack-internal:///(app-pages-browser)/./node_modules/next/dist/next-devtools/userspace/app/errors/intercept-console-error.js:56
[ 1657450ms] [ERROR] Failed to load resource: net::ERR_CONNECTION_REFUSED @ http://localhost:3060/api/products/updates?clientId=1l40w8wuc:0
[ 1660453ms] [ERROR] SSE connection error: Event @ webpack-internal:///(app-pages-browser)/./node_modules/next/dist/next-devtools/userspace/app/errors/intercept-console-error.js:56
[ 1660453ms] [ERROR] Failed to load resource: net::ERR_CONNECTION_REFUSED @ http://localhost:3060/api/products/updates?clientId=mrus2y4gw:0
[ 1660453ms] [ERROR] SSE connection error: Event @ webpack-internal:///(app-pages-browser)/./node_modules/next/dist/next-devtools/userspace/app/errors/intercept-console-error.js:56
[ 1660453ms] [ERROR] Failed to load resource: net::ERR_CONNECTION_REFUSED @ http://localhost:3060/api/products/updates?clientId=1l40w8wuc:0
[ 1663457ms] [ERROR] SSE connection error: Event @ webpack-internal:///(app-pages-browser)/./node_modules/next/dist/next-devtools/userspace/app/errors/intercept-console-error.js:56
[ 1663457ms] [ERROR] Failed to load resource: net::ERR_CONNECTION_REFUSED @ http://localhost:3060/api/products/updates?clientId=mrus2y4gw:0
[ 1663457ms] [ERROR] SSE connection error: Event @ webpack-internal:///(app-pages-browser)/./node_modules/next/dist/next-devtools/userspace/app/errors/intercept-console-error.js:56
[ 1663457ms] [ERROR] Failed to load resource: net::ERR_CONNECTION_REFUSED @ http://localhost:3060/api/products/updates?clientId=1l40w8wuc:0
[ 1666464ms] [ERROR] SSE connection error: Event @ webpack-internal:///(app-pages-browser)/./node_modules/next/dist/next-devtools/userspace/app/errors/intercept-console-error.js:56
[ 1666465ms] [ERROR] Failed to load resource: net::ERR_CONNECTION_REFUSED @ http://localhost:3060/api/products/updates?clientId=1l40w8wuc:0
[ 1666466ms] [ERROR] SSE connection error: Event @ webpack-internal:///(app-pages-browser)/./node_modules/next/dist/next-devtools/userspace/app/errors/intercept-console-error.js:56
[ 1666466ms] [ERROR] Failed to load resource: net::ERR_CONNECTION_REFUSED @ http://localhost:3060/api/products/updates?clientId=mrus2y4gw:0
[ 1669467ms] [ERROR] SSE connection error: Event @ webpack-internal:///(app-pages-browser)/./node_modules/next/dist/next-devtools/userspace/app/errors/intercept-console-error.js:56
[ 1669467ms] [ERROR] Failed to load resource: net::ERR_CONNECTION_REFUSED @ http://localhost:3060/api/products/updates?clientId=1l40w8wuc:0
[ 1669468ms] [ERROR] SSE connection error: Event @ webpack-internal:///(app-pages-browser)/./node_modules/next/dist/next-devtools/userspace/app/errors/intercept-console-error.js:56
[ 1669469ms] [ERROR] Failed to load resource: net::ERR_CONNECTION_REFUSED @ http://localhost:3060/api/products/updates?clientId=mrus2y4gw:0
[ 1672469ms] [ERROR] SSE connection error: Event @ webpack-internal:///(app-pages-browser)/./node_modules/next/dist/next-devtools/userspace/app/errors/intercept-console-error.js:56
[ 1672469ms] [ERROR] Failed to load resource: net::ERR_CONNECTION_REFUSED @ http://localhost:3060/api/products/updates?clientId=1l40w8wuc:0
[ 1672470ms] [ERROR] SSE connection error: Event @ webpack-internal:///(app-pages-browser)/./node_modules/next/dist/next-devtools/userspace/app/errors/intercept-console-error.js:56
[ 1672470ms] [ERROR] Failed to load resource: net::ERR_CONNECTION_REFUSED @ http://localhost:3060/api/products/updates?clientId=mrus2y4gw:0
[ 1675472ms] [ERROR] SSE connection error: Event @ webpack-internal:///(app-pages-browser)/./node_modules/next/dist/next-devtools/userspace/app/errors/intercept-console-error.js:56
[ 1675473ms] [ERROR] Failed to load resource: net::ERR_CONNECTION_REFUSED @ http://localhost:3060/api/products/updates?clientId=1l40w8wuc:0
[ 1675473ms] [ERROR] SSE connection error: Event @ webpack-internal:///(app-pages-browser)/./node_modules/next/dist/next-devtools/userspace/app/errors/intercept-console-error.js:56
[ 1675473ms] [ERROR] Failed to load resource: net::ERR_CONNECTION_REFUSED @ http://localhost:3060/api/products/updates?clientId=mrus2y4gw:0
[ 1678475ms] [ERROR] SSE connection error: Event @ webpack-internal:///(app-pages-browser)/./node_modules/next/dist/next-devtools/userspace/app/errors/intercept-console-error.js:56
[ 1678475ms] [ERROR] Failed to load resource: net::ERR_CONNECTION_REFUSED @ http://localhost:3060/api/products/updates?clientId=1l40w8wuc:0
[ 1678475ms] [ERROR] SSE connection error: Event @ webpack-internal:///(app-pages-browser)/./node_modules/next/dist/next-devtools/userspace/app/errors/intercept-console-error.js:56
[ 1678475ms] [ERROR] Failed to load resource: net::ERR_CONNECTION_REFUSED @ http://localhost:3060/api/products/updates?clientId=mrus2y4gw:0
[ 1681479ms] [ERROR] SSE connection error: Event @ webpack-internal:///(app-pages-browser)/./node_modules/next/dist/next-devtools/userspace/app/errors/intercept-console-error.js:56
[ 1681479ms] [ERROR] Failed to load resource: net::ERR_CONNECTION_REFUSED @ http://localhost:3060/api/products/updates?clientId=mrus2y4gw:0
[ 1681479ms] [ERROR] SSE connection error: Event @ webpack-internal:///(app-pages-browser)/./node_modules/next/dist/next-devtools/userspace/app/errors/intercept-console-error.js:56
[ 1681479ms] [ERROR] Failed to load resource: net::ERR_CONNECTION_REFUSED @ http://localhost:3060/api/products/updates?clientId=1l40w8wuc:0
[ 1684485ms] [ERROR] SSE connection error: Event @ webpack-internal:///(app-pages-browser)/./node_modules/next/dist/next-devtools/userspace/app/errors/intercept-console-error.js:56
[ 1684485ms] [ERROR] Failed to load resource: net::ERR_CONNECTION_REFUSED @ http://localhost:3060/api/products/updates?clientId=mrus2y4gw:0
[ 1684485ms] [ERROR] SSE connection error: Event @ webpack-internal:///(app-pages-browser)/./node_modules/next/dist/next-devtools/userspace/app/errors/intercept-console-error.js:56
[ 1684486ms] [ERROR] Failed to load resource: net::ERR_CONNECTION_REFUSED @ http://localhost:3060/api/products/updates?clientId=1l40w8wuc:0
[ 1687488ms] [ERROR] SSE connection error: Event @ webpack-internal:///(app-pages-browser)/./node_modules/next/dist/next-devtools/userspace/app/errors/intercept-console-error.js:56
[ 1687488ms] [ERROR] Failed to load resource: net::ERR_CONNECTION_REFUSED @ http://localhost:3060/api/products/updates?clientId=mrus2y4gw:0
[ 1687488ms] [ERROR] SSE connection error: Event @ webpack-internal:///(app-pages-browser)/./node_modules/next/dist/next-devtools/userspace/app/errors/intercept-console-error.js:56
[ 1687489ms] [ERROR] Failed to load resource: net::ERR_CONNECTION_REFUSED @ http://localhost:3060/api/products/updates?clientId=1l40w8wuc:0
[ 1690491ms] [ERROR] SSE connection error: Event @ webpack-internal:///(app-pages-browser)/./node_modules/next/dist/next-devtools/userspace/app/errors/intercept-console-error.js:56
[ 1690491ms] [ERROR] Failed to load resource: net::ERR_CONNECTION_REFUSED @ http://localhost:3060/api/products/updates?clientId=mrus2y4gw:0
[ 1690491ms] [ERROR] SSE connection error: Event @ webpack-internal:///(app-pages-browser)/./node_modules/next/dist/next-devtools/userspace/app/errors/intercept-console-error.js:56
[ 1690491ms] [ERROR] Failed to load resource: net::ERR_CONNECTION_REFUSED @ http://localhost:3060/api/products/updates?clientId=1l40w8wuc:0
[ 1693495ms] [ERROR] SSE connection error: Event @ webpack-internal:///(app-pages-browser)/./node_modules/next/dist/next-devtools/userspace/app/errors/intercept-console-error.js:56
[ 1693495ms] [ERROR] Failed to load resource: net::ERR_CONNECTION_REFUSED @ http://localhost:3060/api/products/updates?clientId=mrus2y4gw:0
[ 1693495ms] [ERROR] SSE connection error: Event @ webpack-internal:///(app-pages-browser)/./node_modules/next/dist/next-devtools/userspace/app/errors/intercept-console-error.js:56
[ 1693496ms] [ERROR] Failed to load resource: net::ERR_CONNECTION_REFUSED @ http://localhost:3060/api/products/updates?clientId=1l40w8wuc:0
[ 1696498ms] [ERROR] SSE connection error: Event @ webpack-internal:///(app-pages-browser)/./node_modules/next/dist/next-devtools/userspace/app/errors/intercept-console-error.js:56
[ 1696498ms] [ERROR] Failed to load resource: net::ERR_CONNECTION_REFUSED @ http://localhost:3060/api/products/updates?clientId=mrus2y4gw:0
[ 1696498ms] [ERROR] SSE connection error: Event @ webpack-internal:///(app-pages-browser)/./node_modules/next/dist/next-devtools/userspace/app/errors/intercept-console-error.js:56
[ 1696498ms] [ERROR] Failed to load resource: net::ERR_CONNECTION_REFUSED @ http://localhost:3060/api/products/updates?clientId=1l40w8wuc:0
[ 1699500ms] [ERROR] SSE connection error: Event @ webpack-internal:///(app-pages-browser)/./node_modules/next/dist/next-devtools/userspace/app/errors/intercept-console-error.js:56
[ 1699501ms] [ERROR] Failed to load resource: net::ERR_CONNECTION_REFUSED @ http://localhost:3060/api/products/updates?clientId=mrus2y4gw:0
[ 1699501ms] [ERROR] SSE connection error: Event @ webpack-internal:///(app-pages-browser)/./node_modules/next/dist/next-devtools/userspace/app/errors/intercept-console-error.js:56
[ 1699501ms] [ERROR] Failed to load resource: net::ERR_CONNECTION_REFUSED @ http://localhost:3060/api/products/updates?clientId=1l40w8wuc:0
[ 1702505ms] [ERROR] SSE connection error: Event @ webpack-internal:///(app-pages-browser)/./node_modules/next/dist/next-devtools/userspace/app/errors/intercept-console-error.js:56
[ 1702505ms] [ERROR] Failed to load resource: net::ERR_CONNECTION_REFUSED @ http://localhost:3060/api/products/updates?clientId=mrus2y4gw:0
[ 1702506ms] [ERROR] SSE connection error: Event @ webpack-internal:///(app-pages-browser)/./node_modules/next/dist/next-devtools/userspace/app/errors/intercept-console-error.js:56
[ 1702506ms] [ERROR] Failed to load resource: net::ERR_CONNECTION_REFUSED @ http://localhost:3060/api/products/updates?clientId=1l40w8wuc:0
[ 1705508ms] [ERROR] SSE connection error: Event @ webpack-internal:///(app-pages-browser)/./node_modules/next/dist/next-devtools/userspace/app/errors/intercept-console-error.js:56
[ 1705508ms] [ERROR] Failed to load resource: net::ERR_CONNECTION_REFUSED @ http://localhost:3060/api/products/updates?clientId=mrus2y4gw:0
[ 1705508ms] [ERROR] SSE connection error: Event @ webpack-internal:///(app-pages-browser)/./node_modules/next/dist/next-devtools/userspace/app/errors/intercept-console-error.js:56
[ 1705508ms] [ERROR] Failed to load resource: net::ERR_CONNECTION_REFUSED @ http://localhost:3060/api/products/updates?clientId=1l40w8wuc:0
[ 1708512ms] [ERROR] SSE connection error: Event @ webpack-internal:///(app-pages-browser)/./node_modules/next/dist/next-devtools/userspace/app/errors/intercept-console-error.js:56
[ 1708512ms] [ERROR] Failed to load resource: net::ERR_CONNECTION_REFUSED @ http://localhost:3060/api/products/updates?clientId=mrus2y4gw:0
[ 1708512ms] [ERROR] SSE connection error: Event @ webpack-internal:///(app-pages-browser)/./node_modules/next/dist/next-devtools/userspace/app/errors/intercept-console-error.js:56
[ 1708513ms] [ERROR] Failed to load resource: net::ERR_CONNECTION_REFUSED @ http://localhost:3060/api/products/updates?clientId=1l40w8wuc:0
[ 1711514ms] [ERROR] SSE connection error: Event @ webpack-internal:///(app-pages-browser)/./node_modules/next/dist/next-devtools/userspace/app/errors/intercept-console-error.js:56
[ 1711514ms] [ERROR] Failed to load resource: net::ERR_CONNECTION_REFUSED @ http://localhost:3060/api/products/updates?clientId=mrus2y4gw:0
[ 1711514ms] [ERROR] SSE connection error: Event @ webpack-internal:///(app-pages-browser)/./node_modules/next/dist/next-devtools/userspace/app/errors/intercept-console-error.js:56
[ 1711514ms] [ERROR] Failed to load resource: net::ERR_CONNECTION_REFUSED @ http://localhost:3060/api/products/updates?clientId=1l40w8wuc:0
[ 1714516ms] [ERROR] SSE connection error: Event @ webpack-internal:///(app-pages-browser)/./node_modules/next/dist/next-devtools/userspace/app/errors/intercept-console-error.js:56
[ 1714517ms] [ERROR] Failed to load resource: net::ERR_CONNECTION_REFUSED @ http://localhost:3060/api/products/updates?clientId=mrus2y4gw:0
[ 1714517ms] [ERROR] SSE connection error: Event @ webpack-internal:///(app-pages-browser)/./node_modules/next/dist/next-devtools/userspace/app/errors/intercept-console-error.js:56
[ 1714517ms] [ERROR] Failed to load resource: net::ERR_CONNECTION_REFUSED @ http://localhost:3060/api/products/updates?clientId=1l40w8wuc:0
[ 1717519ms] [ERROR] SSE connection error: Event @ webpack-internal:///(app-pages-browser)/./node_modules/next/dist/next-devtools/userspace/app/errors/intercept-console-error.js:56
[ 1717519ms] [ERROR] Failed to load resource: net::ERR_CONNECTION_REFUSED @ http://localhost:3060/api/products/updates?clientId=mrus2y4gw:0
[ 1717519ms] [ERROR] SSE connection error: Event @ webpack-internal:///(app-pages-browser)/./node_modules/next/dist/next-devtools/userspace/app/errors/intercept-console-error.js:56
[ 1717519ms] [ERROR] Failed to load resource: net::ERR_CONNECTION_REFUSED @ http://localhost:3060/api/products/updates?clientId=1l40w8wuc:0
[ 1720522ms] [ERROR] SSE connection error: Event @ webpack-internal:///(app-pages-browser)/./node_modules/next/dist/next-devtools/userspace/app/errors/intercept-console-error.js:56
[ 1720522ms] [ERROR] Failed to load resource: net::ERR_CONNECTION_REFUSED @ http://localhost:3060/api/products/updates?clientId=mrus2y4gw:0
[ 1720522ms] [ERROR] SSE connection error: Event @ webpack-internal:///(app-pages-browser)/./node_modules/next/dist/next-devtools/userspace/app/errors/intercept-console-error.js:56
[ 1720522ms] [ERROR] Failed to load resource: net::ERR_CONNECTION_REFUSED @ http://localhost:3060/api/products/updates?clientId=1l40w8wuc:0
[ 1723524ms] [ERROR] SSE connection error: Event @ webpack-internal:///(app-pages-browser)/./node_modules/next/dist/next-devtools/userspace/app/errors/intercept-console-error.js:56
[ 1723524ms] [ERROR] Failed to load resource: net::ERR_CONNECTION_REFUSED @ http://localhost:3060/api/products/updates?clientId=mrus2y4gw:0
[ 1723524ms] [ERROR] SSE connection error: Event @ webpack-internal:///(app-pages-browser)/./node_modules/next/dist/next-devtools/userspace/app/errors/intercept-console-error.js:56
[ 1723524ms] [ERROR] Failed to load resource: net::ERR_CONNECTION_REFUSED @ http://localhost:3060/api/products/updates?clientId=1l40w8wuc:0
[ 1726528ms] [ERROR] SSE connection error: Event @ webpack-internal:///(app-pages-browser)/./node_modules/next/dist/next-devtools/userspace/app/errors/intercept-console-error.js:56
[ 1726528ms] [ERROR] Failed to load resource: net::ERR_CONNECTION_REFUSED @ http://localhost:3060/api/products/updates?clientId=mrus2y4gw:0
[ 1726528ms] [ERROR] SSE connection error: Event @ webpack-internal:///(app-pages-browser)/./node_modules/next/dist/next-devtools/userspace/app/errors/intercept-console-error.js:56
[ 1726528ms] [ERROR] Failed to load resource: net::ERR_CONNECTION_REFUSED @ http://localhost:3060/api/products/updates?clientId=1l40w8wuc:0
[ 1729531ms] [ERROR] SSE connection error: Event @ webpack-internal:///(app-pages-browser)/./node_modules/next/dist/next-devtools/userspace/app/errors/intercept-console-error.js:56
[ 1729531ms] [ERROR] Failed to load resource: net::ERR_CONNECTION_REFUSED @ http://localhost:3060/api/products/updates?clientId=mrus2y4gw:0
[ 1729531ms] [ERROR] SSE connection error: Event @ webpack-internal:///(app-pages-browser)/./node_modules/next/dist/next-devtools/userspace/app/errors/intercept-console-error.js:56
[ 1729531ms] [ERROR] Failed to load resource: net::ERR_CONNECTION_REFUSED @ http://localhost:3060/api/products/updates?clientId=1l40w8wuc:0
[ 1732535ms] [ERROR] SSE connection error: Event @ webpack-internal:///(app-pages-browser)/./node_modules/next/dist/next-devtools/userspace/app/errors/intercept-console-error.js:56
[ 1732536ms] [ERROR] Failed to load resource: net::ERR_CONNECTION_REFUSED @ http://localhost:3060/api/products/updates?clientId=mrus2y4gw:0
[ 1732536ms] [ERROR] SSE connection error: Event @ webpack-internal:///(app-pages-browser)/./node_modules/next/dist/next-devtools/userspace/app/errors/intercept-console-error.js:56
[ 1732536ms] [ERROR] Failed to load resource: net::ERR_CONNECTION_REFUSED @ http://localhost:3060/api/products/updates?clientId=1l40w8wuc:0
[ 1735539ms] [ERROR] SSE connection error: Event @ webpack-internal:///(app-pages-browser)/./node_modules/next/dist/next-devtools/userspace/app/errors/intercept-console-error.js:56
[ 1735539ms] [ERROR] Failed to load resource: net::ERR_CONNECTION_REFUSED @ http://localhost:3060/api/products/updates?clientId=mrus2y4gw:0
[ 1735539ms] [ERROR] SSE connection error: Event @ webpack-internal:///(app-pages-browser)/./node_modules/next/dist/next-devtools/userspace/app/errors/intercept-console-error.js:56
[ 1735539ms] [ERROR] Failed to load resource: net::ERR_CONNECTION_REFUSED @ http://localhost:3060/api/products/updates?clientId=1l40w8wuc:0
[ 1738541ms] [ERROR] SSE connection error: Event @ webpack-internal:///(app-pages-browser)/./node_modules/next/dist/next-devtools/userspace/app/errors/intercept-console-error.js:56
[ 1738541ms] [ERROR] Failed to load resource: net::ERR_CONNECTION_REFUSED @ http://localhost:3060/api/products/updates?clientId=mrus2y4gw:0
[ 1738542ms] [ERROR] SSE connection error: Event @ webpack-internal:///(app-pages-browser)/./node_modules/next/dist/next-devtools/userspace/app/errors/intercept-console-error.js:56
[ 1738542ms] [ERROR] Failed to load resource: net::ERR_CONNECTION_REFUSED @ http://localhost:3060/api/products/updates?clientId=1l40w8wuc:0
[ 1741546ms] [ERROR] SSE connection error: Event @ webpack-internal:///(app-pages-browser)/./node_modules/next/dist/next-devtools/userspace/app/errors/intercept-console-error.js:56
[ 1741546ms] [ERROR] Failed to load resource: net::ERR_CONNECTION_REFUSED @ http://localhost:3060/api/products/updates?clientId=mrus2y4gw:0
[ 1741547ms] [ERROR] SSE connection error: Event @ webpack-internal:///(app-pages-browser)/./node_modules/next/dist/next-devtools/userspace/app/errors/intercept-console-error.js:56
[ 1741547ms] [ERROR] Failed to load resource: net::ERR_CONNECTION_REFUSED @ http://localhost:3060/api/products/updates?clientId=1l40w8wuc:0
[ 1744548ms] [ERROR] SSE connection error: Event @ webpack-internal:///(app-pages-browser)/./node_modules/next/dist/next-devtools/userspace/app/errors/intercept-console-error.js:56
[ 1744548ms] [ERROR] Failed to load resource: net::ERR_CONNECTION_REFUSED @ http://localhost:3060/api/products/updates?clientId=mrus2y4gw:0
[ 1744549ms] [ERROR] SSE connection error: Event @ webpack-internal:///(app-pages-browser)/./node_modules/next/dist/next-devtools/userspace/app/errors/intercept-console-error.js:56
[ 1744549ms] [ERROR] Failed to load resource: net::ERR_CONNECTION_REFUSED @ http://localhost:3060/api/products/updates?clientId=1l40w8wuc:0
[ 1747551ms] [ERROR] SSE connection error: Event @ webpack-internal:///(app-pages-browser)/./node_modules/next/dist/next-devtools/userspace/app/errors/intercept-console-error.js:56
[ 1747551ms] [ERROR] Failed to load resource: net::ERR_CONNECTION_REFUSED @ http://localhost:3060/api/products/updates?clientId=mrus2y4gw:0
[ 1747552ms] [ERROR] SSE connection error: Event @ webpack-internal:///(app-pages-browser)/./node_modules/next/dist/next-devtools/userspace/app/errors/intercept-console-error.js:56
[ 1747552ms] [ERROR] Failed to load resource: net::ERR_CONNECTION_REFUSED @ http://localhost:3060/api/products/updates?clientId=1l40w8wuc:0
[ 1750554ms] [ERROR] SSE connection error: Event @ webpack-internal:///(app-pages-browser)/./node_modules/next/dist/next-devtools/userspace/app/errors/intercept-console-error.js:56
[ 1750554ms] [ERROR] Failed to load resource: net::ERR_CONNECTION_REFUSED @ http://localhost:3060/api/products/updates?clientId=mrus2y4gw:0
[ 1750554ms] [ERROR] SSE connection error: Event @ webpack-internal:///(app-pages-browser)/./node_modules/next/dist/next-devtools/userspace/app/errors/intercept-console-error.js:56
[ 1750554ms] [ERROR] Failed to load resource: net::ERR_CONNECTION_REFUSED @ http://localhost:3060/api/products/updates?clientId=1l40w8wuc:0
[ 1753556ms] [ERROR] SSE connection error: Event @ webpack-internal:///(app-pages-browser)/./node_modules/next/dist/next-devtools/userspace/app/errors/intercept-console-error.js:56
[ 1753557ms] [ERROR] Failed to load resource: net::ERR_CONNECTION_REFUSED @ http://localhost:3060/api/products/updates?clientId=mrus2y4gw:0
[ 1753557ms] [ERROR] SSE connection error: Event @ webpack-internal:///(app-pages-browser)/./node_modules/next/dist/next-devtools/userspace/app/errors/intercept-console-error.js:56
[ 1753557ms] [ERROR] Failed to load resource: net::ERR_CONNECTION_REFUSED @ http://localhost:3060/api/products/updates?clientId=1l40w8wuc:0
[ 1756559ms] [ERROR] SSE connection error: Event @ webpack-internal:///(app-pages-browser)/./node_modules/next/dist/next-devtools/userspace/app/errors/intercept-console-error.js:56
[ 1756559ms] [ERROR] Failed to load resource: net::ERR_CONNECTION_REFUSED @ http://localhost:3060/api/products/updates?clientId=mrus2y4gw:0
[ 1756559ms] [ERROR] SSE connection error: Event @ webpack-internal:///(app-pages-browser)/./node_modules/next/dist/next-devtools/userspace/app/errors/intercept-console-error.js:56
[ 1756559ms] [ERROR] Failed to load resource: net::ERR_CONNECTION_REFUSED @ http://localhost:3060/api/products/updates?clientId=1l40w8wuc:0
[ 1759561ms] [ERROR] SSE connection error: Event @ webpack-internal:///(app-pages-browser)/./node_modules/next/dist/next-devtools/userspace/app/errors/intercept-console-error.js:56
[ 1759561ms] [ERROR] Failed to load resource: net::ERR_CONNECTION_REFUSED @ http://localhost:3060/api/products/updates?clientId=mrus2y4gw:0
[ 1759562ms] [ERROR] SSE connection error: Event @ webpack-internal:///(app-pages-browser)/./node_modules/next/dist/next-devtools/userspace/app/errors/intercept-console-error.js:56
[ 1759562ms] [ERROR] Failed to load resource: net::ERR_CONNECTION_REFUSED @ http://localhost:3060/api/products/updates?clientId=1l40w8wuc:0
[ 1762564ms] [ERROR] SSE connection error: Event @ webpack-internal:///(app-pages-browser)/./node_modules/next/dist/next-devtools/userspace/app/errors/intercept-console-error.js:56
[ 1762564ms] [ERROR] Failed to load resource: net::ERR_CONNECTION_REFUSED @ http://localhost:3060/api/products/updates?clientId=mrus2y4gw:0
[ 1762565ms] [ERROR] SSE connection error: Event @ webpack-internal:///(app-pages-browser)/./node_modules/next/dist/next-devtools/userspace/app/errors/intercept-console-error.js:56
[ 1762565ms] [ERROR] Failed to load resource: net::ERR_CONNECTION_REFUSED @ http://localhost:3060/api/products/updates?clientId=1l40w8wuc:0
[ 1765567ms] [ERROR] SSE connection error: Event @ webpack-internal:///(app-pages-browser)/./node_modules/next/dist/next-devtools/userspace/app/errors/intercept-console-error.js:56
[ 1765568ms] [ERROR] Failed to load resource: net::ERR_CONNECTION_REFUSED @ http://localhost:3060/api/products/updates?clientId=mrus2y4gw:0
[ 1765568ms] [ERROR] SSE connection error: Event @ webpack-internal:///(app-pages-browser)/./node_modules/next/dist/next-devtools/userspace/app/errors/intercept-console-error.js:56
[ 1765568ms] [ERROR] Failed to load resource: net::ERR_CONNECTION_REFUSED @ http://localhost:3060/api/products/updates?clientId=1l40w8wuc:0
[ 1768571ms] [ERROR] SSE connection error: Event @ webpack-internal:///(app-pages-browser)/./node_modules/next/dist/next-devtools/userspace/app/errors/intercept-console-error.js:56
[ 1768571ms] [ERROR] Failed to load resource: net::ERR_CONNECTION_REFUSED @ http://localhost:3060/api/products/updates?clientId=mrus2y4gw:0
[ 1768572ms] [ERROR] SSE connection error: Event @ webpack-internal:///(app-pages-browser)/./node_modules/next/dist/next-devtools/userspace/app/errors/intercept-console-error.js:56
[ 1768572ms] [ERROR] Failed to load resource: net::ERR_CONNECTION_REFUSED @ http://localhost:3060/api/products/updates?clientId=1l40w8wuc:0
[ 1771573ms] [ERROR] SSE connection error: Event @ webpack-internal:///(app-pages-browser)/./node_modules/next/dist/next-devtools/userspace/app/errors/intercept-console-error.js:56
[ 1771573ms] [ERROR] Failed to load resource: net::ERR_CONNECTION_REFUSED @ http://localhost:3060/api/products/updates?clientId=mrus2y4gw:0
[ 1771573ms] [ERROR] SSE connection error: Event @ webpack-internal:///(app-pages-browser)/./node_modules/next/dist/next-devtools/userspace/app/errors/intercept-console-error.js:56
[ 1771573ms] [ERROR] Failed to load resource: net::ERR_CONNECTION_REFUSED @ http://localhost:3060/api/products/updates?clientId=1l40w8wuc:0
[ 1774576ms] [ERROR] SSE connection error: Event @ webpack-internal:///(app-pages-browser)/./node_modules/next/dist/next-devtools/userspace/app/errors/intercept-console-error.js:56
[ 1774576ms] [ERROR] Failed to load resource: net::ERR_CONNECTION_REFUSED @ http://localhost:3060/api/products/updates?clientId=mrus2y4gw:0
[ 1774576ms] [ERROR] SSE connection error: Event @ webpack-internal:///(app-pages-browser)/./node_modules/next/dist/next-devtools/userspace/app/errors/intercept-console-error.js:56
[ 1774577ms] [ERROR] Failed to load resource: net::ERR_CONNECTION_REFUSED @ http://localhost:3060/api/products/updates?clientId=1l40w8wuc:0
[ 1777580ms] [ERROR] SSE connection error: Event @ webpack-internal:///(app-pages-browser)/./node_modules/next/dist/next-devtools/userspace/app/errors/intercept-console-error.js:56
[ 1777580ms] [ERROR] Failed to load resource: net::ERR_CONNECTION_REFUSED @ http://localhost:3060/api/products/updates?clientId=mrus2y4gw:0
[ 1777580ms] [ERROR] SSE connection error: Event @ webpack-internal:///(app-pages-browser)/./node_modules/next/dist/next-devtools/userspace/app/errors/intercept-console-error.js:56
[ 1777580ms] [ERROR] Failed to load resource: net::ERR_CONNECTION_REFUSED @ http://localhost:3060/api/products/updates?clientId=1l40w8wuc:0
[ 1780583ms] [ERROR] SSE connection error: Event @ webpack-internal:///(app-pages-browser)/./node_modules/next/dist/next-devtools/userspace/app/errors/intercept-console-error.js:56
[ 1780583ms] [ERROR] Failed to load resource: net::ERR_CONNECTION_REFUSED @ http://localhost:3060/api/products/updates?clientId=mrus2y4gw:0
[ 1780583ms] [ERROR] SSE connection error: Event @ webpack-internal:///(app-pages-browser)/./node_modules/next/dist/next-devtools/userspace/app/errors/intercept-console-error.js:56
[ 1780583ms] [ERROR] Failed to load resource: net::ERR_CONNECTION_REFUSED @ http://localhost:3060/api/products/updates?clientId=1l40w8wuc:0
[ 1783586ms] [ERROR] SSE connection error: Event @ webpack-internal:///(app-pages-browser)/./node_modules/next/dist/next-devtools/userspace/app/errors/intercept-console-error.js:56
[ 1783586ms] [ERROR] Failed to load resource: net::ERR_CONNECTION_REFUSED @ http://localhost:3060/api/products/updates?clientId=mrus2y4gw:0
[ 1783586ms] [ERROR] SSE connection error: Event @ webpack-internal:///(app-pages-browser)/./node_modules/next/dist/next-devtools/userspace/app/errors/intercept-console-error.js:56
[ 1783586ms] [ERROR] Failed to load resource: net::ERR_CONNECTION_REFUSED @ http://localhost:3060/api/products/updates?clientId=1l40w8wuc:0
[ 1786588ms] [ERROR] SSE connection error: Event @ webpack-internal:///(app-pages-browser)/./node_modules/next/dist/next-devtools/userspace/app/errors/intercept-console-error.js:56
[ 1786588ms] [ERROR] Failed to load resource: net::ERR_CONNECTION_REFUSED @ http://localhost:3060/api/products/updates?clientId=mrus2y4gw:0
[ 1786589ms] [ERROR] SSE connection error: Event @ webpack-internal:///(app-pages-browser)/./node_modules/next/dist/next-devtools/userspace/app/errors/intercept-console-error.js:56
[ 1786589ms] [ERROR] Failed to load resource: net::ERR_CONNECTION_REFUSED @ http://localhost:3060/api/products/updates?clientId=1l40w8wuc:0
[ 1789591ms] [ERROR] SSE connection error: Event @ webpack-internal:///(app-pages-browser)/./node_modules/next/dist/next-devtools/userspace/app/errors/intercept-console-error.js:56
[ 1789591ms] [ERROR] Failed to load resource: net::ERR_CONNECTION_REFUSED @ http://localhost:3060/api/products/updates?clientId=mrus2y4gw:0
[ 1789591ms] [ERROR] SSE connection error: Event @ webpack-internal:///(app-pages-browser)/./node_modules/next/dist/next-devtools/userspace/app/errors/intercept-console-error.js:56
[ 1789591ms] [ERROR] Failed to load resource: net::ERR_CONNECTION_REFUSED @ http://localhost:3060/api/products/updates?clientId=1l40w8wuc:0
[ 1792594ms] [ERROR] SSE connection error: Event @ webpack-internal:///(app-pages-browser)/./node_modules/next/dist/next-devtools/userspace/app/errors/intercept-console-error.js:56
[ 1792594ms] [ERROR] Failed to load resource: net::ERR_CONNECTION_REFUSED @ http://localhost:3060/api/products/updates?clientId=mrus2y4gw:0
[ 1792594ms] [ERROR] SSE connection error: Event @ webpack-internal:///(app-pages-browser)/./node_modules/next/dist/next-devtools/userspace/app/errors/intercept-console-error.js:56
[ 1792595ms] [ERROR] Failed to load resource: net::ERR_CONNECTION_REFUSED @ http://localhost:3060/api/products/updates?clientId=1l40w8wuc:0
[ 1795597ms] [ERROR] SSE connection error: Event @ webpack-internal:///(app-pages-browser)/./node_modules/next/dist/next-devtools/userspace/app/errors/intercept-console-error.js:56
[ 1795597ms] [ERROR] Failed to load resource: net::ERR_CONNECTION_REFUSED @ http://localhost:3060/api/products/updates?clientId=mrus2y4gw:0
[ 1795598ms] [ERROR] SSE connection error: Event @ webpack-internal:///(app-pages-browser)/./node_modules/next/dist/next-devtools/userspace/app/errors/intercept-console-error.js:56
[ 1795598ms] [ERROR] Failed to load resource: net::ERR_CONNECTION_REFUSED @ http://localhost:3060/api/products/updates?clientId=1l40w8wuc:0
[ 1798599ms] [ERROR] SSE connection error: Event @ webpack-internal:///(app-pages-browser)/./node_modules/next/dist/next-devtools/userspace/app/errors/intercept-console-error.js:56
[ 1798599ms] [ERROR] Failed to load resource: net::ERR_CONNECTION_REFUSED @ http://localhost:3060/api/products/updates?clientId=mrus2y4gw:0
[ 1798599ms] [ERROR] SSE connection error: Event @ webpack-internal:///(app-pages-browser)/./node_modules/next/dist/next-devtools/userspace/app/errors/intercept-console-error.js:56
[ 1798599ms] [ERROR] Failed to load resource: net::ERR_CONNECTION_REFUSED @ http://localhost:3060/api/products/updates?clientId=1l40w8wuc:0
[ 1801602ms] [ERROR] SSE connection error: Event @ webpack-internal:///(app-pages-browser)/./node_modules/next/dist/next-devtools/userspace/app/errors/intercept-console-error.js:56
[ 1801602ms] [ERROR] Failed to load resource: net::ERR_CONNECTION_REFUSED @ http://localhost:3060/api/products/updates?clientId=mrus2y4gw:0
[ 1801602ms] [ERROR] SSE connection error: Event @ webpack-internal:///(app-pages-browser)/./node_modules/next/dist/next-devtools/userspace/app/errors/intercept-console-error.js:56
[ 1801602ms] [ERROR] Failed to load resource: net::ERR_CONNECTION_REFUSED @ http://localhost:3060/api/products/updates?clientId=1l40w8wuc:0
[ 1804605ms] [ERROR] SSE connection error: Event @ webpack-internal:///(app-pages-browser)/./node_modules/next/dist/next-devtools/userspace/app/errors/intercept-console-error.js:56
[ 1804605ms] [ERROR] Failed to load resource: net::ERR_CONNECTION_REFUSED @ http://localhost:3060/api/products/updates?clientId=mrus2y4gw:0
[ 1804605ms] [ERROR] SSE connection error: Event @ webpack-internal:///(app-pages-browser)/./node_modules/next/dist/next-devtools/userspace/app/errors/intercept-console-error.js:56
[ 1804605ms] [ERROR] Failed to load resource: net::ERR_CONNECTION_REFUSED @ http://localhost:3060/api/products/updates?clientId=1l40w8wuc:0
[ 1807609ms] [ERROR] SSE connection error: Event @ webpack-internal:///(app-pages-browser)/./node_modules/next/dist/next-devtools/userspace/app/errors/intercept-console-error.js:56
[ 1807609ms] [ERROR] Failed to load resource: net::ERR_CONNECTION_REFUSED @ http://localhost:3060/api/products/updates?clientId=mrus2y4gw:0
[ 1807610ms] [ERROR] SSE connection error: Event @ webpack-internal:///(app-pages-browser)/./node_modules/next/dist/next-devtools/userspace/app/errors/intercept-console-error.js:56
[ 1807610ms] [ERROR] Failed to load resource: net::ERR_CONNECTION_REFUSED @ http://localhost:3060/api/products/updates?clientId=1l40w8wuc:0
[ 1810614ms] [ERROR] SSE connection error: Event @ webpack-internal:///(app-pages-browser)/./node_modules/next/dist/next-devtools/userspace/app/errors/intercept-console-error.js:56
[ 1810615ms] [ERROR] Failed to load resource: net::ERR_CONNECTION_REFUSED @ http://localhost:3060/api/products/updates?clientId=mrus2y4gw:0
[ 1810615ms] [ERROR] SSE connection error: Event @ webpack-internal:///(app-pages-browser)/./node_modules/next/dist/next-devtools/userspace/app/errors/intercept-console-error.js:56
[ 1810615ms] [ERROR] Failed to load resource: net::ERR_CONNECTION_REFUSED @ http://localhost:3060/api/products/updates?clientId=1l40w8wuc:0
[ 1813617ms] [ERROR] SSE connection error: Event @ webpack-internal:///(app-pages-browser)/./node_modules/next/dist/next-devtools/userspace/app/errors/intercept-console-error.js:56
[ 1813618ms] [ERROR] Failed to load resource: net::ERR_CONNECTION_REFUSED @ http://localhost:3060/api/products/updates?clientId=mrus2y4gw:0
[ 1813618ms] [ERROR] SSE connection error: Event @ webpack-internal:///(app-pages-browser)/./node_modules/next/dist/next-devtools/userspace/app/errors/intercept-console-error.js:56
[ 1813618ms] [ERROR] Failed to load resource: net::ERR_CONNECTION_REFUSED @ http://localhost:3060/api/products/updates?clientId=1l40w8wuc:0
[ 1816620ms] [ERROR] SSE connection error: Event @ webpack-internal:///(app-pages-browser)/./node_modules/next/dist/next-devtools/userspace/app/errors/intercept-console-error.js:56
[ 1816620ms] [ERROR] Failed to load resource: net::ERR_CONNECTION_REFUSED @ http://localhost:3060/api/products/updates?clientId=mrus2y4gw:0
[ 1816620ms] [ERROR] SSE connection error: Event @ webpack-internal:///(app-pages-browser)/./node_modules/next/dist/next-devtools/userspace/app/errors/intercept-console-error.js:56
[ 1816620ms] [ERROR] Failed to load resource: net::ERR_CONNECTION_REFUSED @ http://localhost:3060/api/products/updates?clientId=1l40w8wuc:0
[ 1819622ms] [ERROR] SSE connection error: Event @ webpack-internal:///(app-pages-browser)/./node_modules/next/dist/next-devtools/userspace/app/errors/intercept-console-error.js:56
[ 1819623ms] [ERROR] Failed to load resource: net::ERR_CONNECTION_REFUSED @ http://localhost:3060/api/products/updates?clientId=mrus2y4gw:0
[ 1819623ms] [ERROR] SSE connection error: Event @ webpack-internal:///(app-pages-browser)/./node_modules/next/dist/next-devtools/userspace/app/errors/intercept-console-error.js:56
[ 1819623ms] [ERROR] Failed to load resource: net::ERR_CONNECTION_REFUSED @ http://localhost:3060/api/products/updates?clientId=1l40w8wuc:0
[ 1822625ms] [ERROR] SSE connection error: Event @ webpack-internal:///(app-pages-browser)/./node_modules/next/dist/next-devtools/userspace/app/errors/intercept-console-error.js:56
[ 1822625ms] [ERROR] Failed to load resource: net::ERR_CONNECTION_REFUSED @ http://localhost:3060/api/products/updates?clientId=mrus2y4gw:0
[ 1822627ms] [ERROR] SSE connection error: Event @ webpack-internal:///(app-pages-browser)/./node_modules/next/dist/next-devtools/userspace/app/errors/intercept-console-error.js:56
[ 1822627ms] [ERROR] Failed to load resource: net::ERR_CONNECTION_REFUSED @ http://localhost:3060/api/products/updates?clientId=1l40w8wuc:0
[ 1825628ms] [ERROR] SSE connection error: Event @ webpack-internal:///(app-pages-browser)/./node_modules/next/dist/next-devtools/userspace/app/errors/intercept-console-error.js:56
[ 1825628ms] [ERROR] Failed to load resource: net::ERR_CONNECTION_REFUSED @ http://localhost:3060/api/products/updates?clientId=mrus2y4gw:0
[ 1825629ms] [ERROR] SSE connection error: Event @ webpack-internal:///(app-pages-browser)/./node_modules/next/dist/next-devtools/userspace/app/errors/intercept-console-error.js:56
[ 1825629ms] [ERROR] Failed to load resource: net::ERR_CONNECTION_REFUSED @ http://localhost:3060/api/products/updates?clientId=1l40w8wuc:0
[ 1828630ms] [ERROR] SSE connection error: Event @ webpack-internal:///(app-pages-browser)/./node_modules/next/dist/next-devtools/userspace/app/errors/intercept-console-error.js:56
[ 1828630ms] [ERROR] Failed to load resource: net::ERR_CONNECTION_REFUSED @ http://localhost:3060/api/products/updates?clientId=mrus2y4gw:0
[ 1828631ms] [ERROR] SSE connection error: Event @ webpack-internal:///(app-pages-browser)/./node_modules/next/dist/next-devtools/userspace/app/errors/intercept-console-error.js:56
[ 1828631ms] [ERROR] Failed to load resource: net::ERR_CONNECTION_REFUSED @ http://localhost:3060/api/products/updates?clientId=1l40w8wuc:0
[ 1831632ms] [ERROR] SSE connection error: Event @ webpack-internal:///(app-pages-browser)/./node_modules/next/dist/next-devtools/userspace/app/errors/intercept-console-error.js:56
[ 1831632ms] [ERROR] Failed to load resource: net::ERR_CONNECTION_REFUSED @ http://localhost:3060/api/products/updates?clientId=mrus2y4gw:0
[ 1831633ms] [ERROR] SSE connection error: Event @ webpack-internal:///(app-pages-browser)/./node_modules/next/dist/next-devtools/userspace/app/errors/intercept-console-error.js:56
[ 1831634ms] [ERROR] Failed to load resource: net::ERR_CONNECTION_REFUSED @ http://localhost:3060/api/products/updates?clientId=1l40w8wuc:0
[ 1834635ms] [ERROR] SSE connection error: Event @ webpack-internal:///(app-pages-browser)/./node_modules/next/dist/next-devtools/userspace/app/errors/intercept-console-error.js:56
[ 1834635ms] [ERROR] Failed to load resource: net::ERR_CONNECTION_REFUSED @ http://localhost:3060/api/products/updates?clientId=mrus2y4gw:0
[ 1834636ms] [ERROR] SSE connection error: Event @ webpack-internal:///(app-pages-browser)/./node_modules/next/dist/next-devtools/userspace/app/errors/intercept-console-error.js:56
[ 1834636ms] [ERROR] Failed to load resource: net::ERR_CONNECTION_REFUSED @ http://localhost:3060/api/products/updates?clientId=1l40w8wuc:0
[ 1837638ms] [ERROR] SSE connection error: Event @ webpack-internal:///(app-pages-browser)/./node_modules/next/dist/next-devtools/userspace/app/errors/intercept-console-error.js:56
[ 1837638ms] [ERROR] Failed to load resource: net::ERR_CONNECTION_REFUSED @ http://localhost:3060/api/products/updates?clientId=mrus2y4gw:0
[ 1837638ms] [ERROR] SSE connection error: Event @ webpack-internal:///(app-pages-browser)/./node_modules/next/dist/next-devtools/userspace/app/errors/intercept-console-error.js:56
[ 1837638ms] [ERROR] Failed to load resource: net::ERR_CONNECTION_REFUSED @ http://localhost:3060/api/products/updates?clientId=1l40w8wuc:0
[ 1840640ms] [ERROR] SSE connection error: Event @ webpack-internal:///(app-pages-browser)/./node_modules/next/dist/next-devtools/userspace/app/errors/intercept-console-error.js:56
[ 1840640ms] [ERROR] Failed to load resource: net::ERR_CONNECTION_REFUSED @ http://localhost:3060/api/products/updates?clientId=mrus2y4gw:0
[ 1840640ms] [ERROR] SSE connection error: Event @ webpack-internal:///(app-pages-browser)/./node_modules/next/dist/next-devtools/userspace/app/errors/intercept-console-error.js:56
[ 1840640ms] [ERROR] Failed to load resource: net::ERR_CONNECTION_REFUSED @ http://localhost:3060/api/products/updates?clientId=1l40w8wuc:0
[ 1843644ms] [ERROR] SSE connection error: Event @ webpack-internal:///(app-pages-browser)/./node_modules/next/dist/next-devtools/userspace/app/errors/intercept-console-error.js:56
[ 1843645ms] [ERROR] Failed to load resource: net::ERR_CONNECTION_REFUSED @ http://localhost:3060/api/products/updates?clientId=mrus2y4gw:0
[ 1843645ms] [ERROR] SSE connection error: Event @ webpack-internal:///(app-pages-browser)/./node_modules/next/dist/next-devtools/userspace/app/errors/intercept-console-error.js:56
[ 1843645ms] [ERROR] Failed to load resource: net::ERR_CONNECTION_REFUSED @ http://localhost:3060/api/products/updates?clientId=1l40w8wuc:0
[ 1846648ms] [ERROR] SSE connection error: Event @ webpack-internal:///(app-pages-browser)/./node_modules/next/dist/next-devtools/userspace/app/errors/intercept-console-error.js:56
[ 1846648ms] [ERROR] Failed to load resource: net::ERR_CONNECTION_REFUSED @ http://localhost:3060/api/products/updates?clientId=mrus2y4gw:0
[ 1846648ms] [ERROR] SSE connection error: Event @ webpack-internal:///(app-pages-browser)/./node_modules/next/dist/next-devtools/userspace/app/errors/intercept-console-error.js:56
[ 1846649ms] [ERROR] Failed to load resource: net::ERR_CONNECTION_REFUSED @ http://localhost:3060/api/products/updates?clientId=1l40w8wuc:0
[ 1849651ms] [ERROR] SSE connection error: Event @ webpack-internal:///(app-pages-browser)/./node_modules/next/dist/next-devtools/userspace/app/errors/intercept-console-error.js:56
[ 1849652ms] [ERROR] Failed to load resource: net::ERR_CONNECTION_REFUSED @ http://localhost:3060/api/products/updates?clientId=mrus2y4gw:0
[ 1849652ms] [ERROR] SSE connection error: Event @ webpack-internal:///(app-pages-browser)/./node_modules/next/dist/next-devtools/userspace/app/errors/intercept-console-error.js:56
[ 1849652ms] [ERROR] Failed to load resource: net::ERR_CONNECTION_REFUSED @ http://localhost:3060/api/products/updates?clientId=1l40w8wuc:0
[ 1852656ms] [ERROR] SSE connection error: Event @ webpack-internal:///(app-pages-browser)/./node_modules/next/dist/next-devtools/userspace/app/errors/intercept-console-error.js:56
[ 1852656ms] [ERROR] Failed to load resource: net::ERR_CONNECTION_REFUSED @ http://localhost:3060/api/products/updates?clientId=mrus2y4gw:0
[ 1852656ms] [ERROR] SSE connection error: Event @ webpack-internal:///(app-pages-browser)/./node_modules/next/dist/next-devtools/userspace/app/errors/intercept-console-error.js:56
[ 1852656ms] [ERROR] Failed to load resource: net::ERR_CONNECTION_REFUSED @ http://localhost:3060/api/products/updates?clientId=1l40w8wuc:0
[ 1855659ms] [ERROR] SSE connection error: Event @ webpack-internal:///(app-pages-browser)/./node_modules/next/dist/next-devtools/userspace/app/errors/intercept-console-error.js:56
[ 1855659ms] [ERROR] Failed to load resource: net::ERR_CONNECTION_REFUSED @ http://localhost:3060/api/products/updates?clientId=mrus2y4gw:0
[ 1855659ms] [ERROR] SSE connection error: Event @ webpack-internal:///(app-pages-browser)/./node_modules/next/dist/next-devtools/userspace/app/errors/intercept-console-error.js:56
[ 1855659ms] [ERROR] Failed to load resource: net::ERR_CONNECTION_REFUSED @ http://localhost:3060/api/products/updates?clientId=1l40w8wuc:0
[ 1858662ms] [ERROR] SSE connection error: Event @ webpack-internal:///(app-pages-browser)/./node_modules/next/dist/next-devtools/userspace/app/errors/intercept-console-error.js:56
[ 1858662ms] [ERROR] Failed to load resource: net::ERR_CONNECTION_REFUSED @ http://localhost:3060/api/products/updates?clientId=mrus2y4gw:0
[ 1858663ms] [ERROR] SSE connection error: Event @ webpack-internal:///(app-pages-browser)/./node_modules/next/dist/next-devtools/userspace/app/errors/intercept-console-error.js:56
[ 1858663ms] [ERROR] Failed to load resource: net::ERR_CONNECTION_REFUSED @ http://localhost:3060/api/products/updates?clientId=1l40w8wuc:0
[ 1861665ms] [ERROR] SSE connection error: Event @ webpack-internal:///(app-pages-browser)/./node_modules/next/dist/next-devtools/userspace/app/errors/intercept-console-error.js:56
[ 1861665ms] [ERROR] Failed to load resource: net::ERR_CONNECTION_REFUSED @ http://localhost:3060/api/products/updates?clientId=mrus2y4gw:0
[ 1861665ms] [ERROR] SSE connection error: Event @ webpack-internal:///(app-pages-browser)/./node_modules/next/dist/next-devtools/userspace/app/errors/intercept-console-error.js:56
[ 1861665ms] [ERROR] Failed to load resource: net::ERR_CONNECTION_REFUSED @ http://localhost:3060/api/products/updates?clientId=1l40w8wuc:0
[ 1864668ms] [ERROR] SSE connection error: Event @ webpack-internal:///(app-pages-browser)/./node_modules/next/dist/next-devtools/userspace/app/errors/intercept-console-error.js:56
[ 1864668ms] [ERROR] Failed to load resource: net::ERR_CONNECTION_REFUSED @ http://localhost:3060/api/products/updates?clientId=mrus2y4gw:0
[ 1864669ms] [ERROR] SSE connection error: Event @ webpack-internal:///(app-pages-browser)/./node_modules/next/dist/next-devtools/userspace/app/errors/intercept-console-error.js:56
[ 1864669ms] [ERROR] Failed to load resource: net::ERR_CONNECTION_REFUSED @ http://localhost:3060/api/products/updates?clientId=1l40w8wuc:0
[ 1867672ms] [ERROR] SSE connection error: Event @ webpack-internal:///(app-pages-browser)/./node_modules/next/dist/next-devtools/userspace/app/errors/intercept-console-error.js:56
[ 1867672ms] [ERROR] Failed to load resource: net::ERR_CONNECTION_REFUSED @ http://localhost:3060/api/products/updates?clientId=mrus2y4gw:0
[ 1867672ms] [ERROR] SSE connection error: Event @ webpack-internal:///(app-pages-browser)/./node_modules/next/dist/next-devtools/userspace/app/errors/intercept-console-error.js:56
[ 1867672ms] [ERROR] Failed to load resource: net::ERR_CONNECTION_REFUSED @ http://localhost:3060/api/products/updates?clientId=1l40w8wuc:0
[ 1870675ms] [ERROR] SSE connection error: Event @ webpack-internal:///(app-pages-browser)/./node_modules/next/dist/next-devtools/userspace/app/errors/intercept-console-error.js:56
[ 1870675ms] [ERROR] Failed to load resource: net::ERR_CONNECTION_REFUSED @ http://localhost:3060/api/products/updates?clientId=mrus2y4gw:0
[ 1870676ms] [ERROR] SSE connection error: Event @ webpack-internal:///(app-pages-browser)/./node_modules/next/dist/next-devtools/userspace/app/errors/intercept-console-error.js:56
[ 1870676ms] [ERROR] Failed to load resource: net::ERR_CONNECTION_REFUSED @ http://localhost:3060/api/products/updates?clientId=1l40w8wuc:0
[ 1873681ms] [ERROR] SSE connection error: Event @ webpack-internal:///(app-pages-browser)/./node_modules/next/dist/next-devtools/userspace/app/errors/intercept-console-error.js:56
[ 1873681ms] [ERROR] Failed to load resource: net::ERR_CONNECTION_REFUSED @ http://localhost:3060/api/products/updates?clientId=mrus2y4gw:0
[ 1873681ms] [ERROR] SSE connection error: Event @ webpack-internal:///(app-pages-browser)/./node_modules/next/dist/next-devtools/userspace/app/errors/intercept-console-error.js:56
[ 1873681ms] [ERROR] Failed to load resource: net::ERR_CONNECTION_REFUSED @ http://localhost:3060/api/products/updates?clientId=1l40w8wuc:0
[ 1876684ms] [ERROR] SSE connection error: Event @ webpack-internal:///(app-pages-browser)/./node_modules/next/dist/next-devtools/userspace/app/errors/intercept-console-error.js:56
[ 1876685ms] [ERROR] Failed to load resource: net::ERR_CONNECTION_REFUSED @ http://localhost:3060/api/products/updates?clientId=mrus2y4gw:0
[ 1876685ms] [ERROR] SSE connection error: Event @ webpack-internal:///(app-pages-browser)/./node_modules/next/dist/next-devtools/userspace/app/errors/intercept-console-error.js:56
[ 1876685ms] [ERROR] Failed to load resource: net::ERR_CONNECTION_REFUSED @ http://localhost:3060/api/products/updates?clientId=1l40w8wuc:0
[ 1879688ms] [ERROR] SSE connection error: Event @ webpack-internal:///(app-pages-browser)/./node_modules/next/dist/next-devtools/userspace/app/errors/intercept-console-error.js:56
[ 1879689ms] [ERROR] Failed to load resource: net::ERR_CONNECTION_REFUSED @ http://localhost:3060/api/products/updates?clientId=mrus2y4gw:0
[ 1879689ms] [ERROR] SSE connection error: Event @ webpack-internal:///(app-pages-browser)/./node_modules/next/dist/next-devtools/userspace/app/errors/intercept-console-error.js:56
[ 1879689ms] [ERROR] Failed to load resource: net::ERR_CONNECTION_REFUSED @ http://localhost:3060/api/products/updates?clientId=1l40w8wuc:0
[ 1882691ms] [ERROR] SSE connection error: Event @ webpack-internal:///(app-pages-browser)/./node_modules/next/dist/next-devtools/userspace/app/errors/intercept-console-error.js:56
[ 1882692ms] [ERROR] Failed to load resource: net::ERR_CONNECTION_REFUSED @ http://localhost:3060/api/products/updates?clientId=mrus2y4gw:0
[ 1882692ms] [ERROR] SSE connection error: Event @ webpack-internal:///(app-pages-browser)/./node_modules/next/dist/next-devtools/userspace/app/errors/intercept-console-error.js:56
[ 1882692ms] [ERROR] Failed to load resource: net::ERR_CONNECTION_REFUSED @ http://localhost:3060/api/products/updates?clientId=1l40w8wuc:0
[ 1885695ms] [ERROR] SSE connection error: Event @ webpack-internal:///(app-pages-browser)/./node_modules/next/dist/next-devtools/userspace/app/errors/intercept-console-error.js:56
[ 1885695ms] [ERROR] Failed to load resource: net::ERR_CONNECTION_REFUSED @ http://localhost:3060/api/products/updates?clientId=mrus2y4gw:0
[ 1885695ms] [ERROR] SSE connection error: Event @ webpack-internal:///(app-pages-browser)/./node_modules/next/dist/next-devtools/userspace/app/errors/intercept-console-error.js:56
[ 1885695ms] [ERROR] Failed to load resource: net::ERR_CONNECTION_REFUSED @ http://localhost:3060/api/products/updates?clientId=1l40w8wuc:0
[ 1888697ms] [ERROR] SSE connection error: Event @ webpack-internal:///(app-pages-browser)/./node_modules/next/dist/next-devtools/userspace/app/errors/intercept-console-error.js:56
[ 1888697ms] [ERROR] Failed to load resource: net::ERR_CONNECTION_REFUSED @ http://localhost:3060/api/products/updates?clientId=mrus2y4gw:0
[ 1888697ms] [ERROR] SSE connection error: Event @ webpack-internal:///(app-pages-browser)/./node_modules/next/dist/next-devtools/userspace/app/errors/intercept-console-error.js:56
[ 1888698ms] [ERROR] Failed to load resource: net::ERR_CONNECTION_REFUSED @ http://localhost:3060/api/products/updates?clientId=1l40w8wuc:0
[ 1891700ms] [ERROR] SSE connection error: Event @ webpack-internal:///(app-pages-browser)/./node_modules/next/dist/next-devtools/userspace/app/errors/intercept-console-error.js:56
[ 1891700ms] [ERROR] Failed to load resource: net::ERR_CONNECTION_REFUSED @ http://localhost:3060/api/products/updates?clientId=mrus2y4gw:0
[ 1891700ms] [ERROR] SSE connection error: Event @ webpack-internal:///(app-pages-browser)/./node_modules/next/dist/next-devtools/userspace/app/errors/intercept-console-error.js:56
[ 1891701ms] [ERROR] Failed to load resource: net::ERR_CONNECTION_REFUSED @ http://localhost:3060/api/products/updates?clientId=1l40w8wuc:0
[ 1894704ms] [ERROR] SSE connection error: Event @ webpack-internal:///(app-pages-browser)/./node_modules/next/dist/next-devtools/userspace/app/errors/intercept-console-error.js:56
[ 1894704ms] [ERROR] Failed to load resource: net::ERR_CONNECTION_REFUSED @ http://localhost:3060/api/products/updates?clientId=mrus2y4gw:0
[ 1894704ms] [ERROR] SSE connection error: Event @ webpack-internal:///(app-pages-browser)/./node_modules/next/dist/next-devtools/userspace/app/errors/intercept-console-error.js:56
[ 1894704ms] [ERROR] Failed to load resource: net::ERR_CONNECTION_REFUSED @ http://localhost:3060/api/products/updates?clientId=1l40w8wuc:0
[ 1897706ms] [ERROR] SSE connection error: Event @ webpack-internal:///(app-pages-browser)/./node_modules/next/dist/next-devtools/userspace/app/errors/intercept-console-error.js:56
[ 1897706ms] [ERROR] Failed to load resource: net::ERR_CONNECTION_REFUSED @ http://localhost:3060/api/products/updates?clientId=mrus2y4gw:0
[ 1897706ms] [ERROR] SSE connection error: Event @ webpack-internal:///(app-pages-browser)/./node_modules/next/dist/next-devtools/userspace/app/errors/intercept-console-error.js:56
[ 1897706ms] [ERROR] Failed to load resource: net::ERR_CONNECTION_REFUSED @ http://localhost:3060/api/products/updates?clientId=1l40w8wuc:0
[ 1900709ms] [ERROR] SSE connection error: Event @ webpack-internal:///(app-pages-browser)/./node_modules/next/dist/next-devtools/userspace/app/errors/intercept-console-error.js:56
[ 1900710ms] [ERROR] Failed to load resource: net::ERR_CONNECTION_REFUSED @ http://localhost:3060/api/products/updates?clientId=mrus2y4gw:0
[ 1900710ms] [ERROR] SSE connection error: Event @ webpack-internal:///(app-pages-browser)/./node_modules/next/dist/next-devtools/userspace/app/errors/intercept-console-error.js:56
[ 1900710ms] [ERROR] Failed to load resource: net::ERR_CONNECTION_REFUSED @ http://localhost:3060/api/products/updates?clientId=1l40w8wuc:0
[ 1903712ms] [ERROR] SSE connection error: Event @ webpack-internal:///(app-pages-browser)/./node_modules/next/dist/next-devtools/userspace/app/errors/intercept-console-error.js:56
[ 1903713ms] [ERROR] Failed to load resource: net::ERR_CONNECTION_REFUSED @ http://localhost:3060/api/products/updates?clientId=mrus2y4gw:0
[ 1903713ms] [ERROR] SSE connection error: Event @ webpack-internal:///(app-pages-browser)/./node_modules/next/dist/next-devtools/userspace/app/errors/intercept-console-error.js:56
[ 1903713ms] [ERROR] Failed to load resource: net::ERR_CONNECTION_REFUSED @ http://localhost:3060/api/products/updates?clientId=1l40w8wuc:0
[ 1906715ms] [ERROR] SSE connection error: Event @ webpack-internal:///(app-pages-browser)/./node_modules/next/dist/next-devtools/userspace/app/errors/intercept-console-error.js:56
[ 1906715ms] [ERROR] Failed to load resource: net::ERR_CONNECTION_REFUSED @ http://localhost:3060/api/products/updates?clientId=mrus2y4gw:0
[ 1906715ms] [ERROR] SSE connection error: Event @ webpack-internal:///(app-pages-browser)/./node_modules/next/dist/next-devtools/userspace/app/errors/intercept-console-error.js:56
[ 1906715ms] [ERROR] Failed to load resource: net::ERR_CONNECTION_REFUSED @ http://localhost:3060/api/products/updates?clientId=1l40w8wuc:0
[ 1909718ms] [ERROR] SSE connection error: Event @ webpack-internal:///(app-pages-browser)/./node_modules/next/dist/next-devtools/userspace/app/errors/intercept-console-error.js:56
[ 1909718ms] [ERROR] Failed to load resource: net::ERR_CONNECTION_REFUSED @ http://localhost:3060/api/products/updates?clientId=mrus2y4gw:0
[ 1909719ms] [ERROR] SSE connection error: Event @ webpack-internal:///(app-pages-browser)/./node_modules/next/dist/next-devtools/userspace/app/errors/intercept-console-error.js:56
[ 1909719ms] [ERROR] Failed to load resource: net::ERR_CONNECTION_REFUSED @ http://localhost:3060/api/products/updates?clientId=1l40w8wuc:0
[ 1912722ms] [ERROR] SSE connection error: Event @ webpack-internal:///(app-pages-browser)/./node_modules/next/dist/next-devtools/userspace/app/errors/intercept-console-error.js:56
[ 1912723ms] [ERROR] Failed to load resource: net::ERR_CONNECTION_REFUSED @ http://localhost:3060/api/products/updates?clientId=mrus2y4gw:0
[ 1912723ms] [ERROR] SSE connection error: Event @ webpack-internal:///(app-pages-browser)/./node_modules/next/dist/next-devtools/userspace/app/errors/intercept-console-error.js:56
[ 1912723ms] [ERROR] Failed to load resource: net::ERR_CONNECTION_REFUSED @ http://localhost:3060/api/products/updates?clientId=1l40w8wuc:0
[ 1915726ms] [ERROR] SSE connection error: Event @ webpack-internal:///(app-pages-browser)/./node_modules/next/dist/next-devtools/userspace/app/errors/intercept-console-error.js:56
[ 1915726ms] [ERROR] Failed to load resource: net::ERR_CONNECTION_REFUSED @ http://localhost:3060/api/products/updates?clientId=mrus2y4gw:0
[ 1915727ms] [ERROR] SSE connection error: Event @ webpack-internal:///(app-pages-browser)/./node_modules/next/dist/next-devtools/userspace/app/errors/intercept-console-error.js:56
[ 1915727ms] [ERROR] Failed to load resource: net::ERR_CONNECTION_REFUSED @ http://localhost:3060/api/products/updates?clientId=1l40w8wuc:0
[ 1918730ms] [ERROR] SSE connection error: Event @ webpack-internal:///(app-pages-browser)/./node_modules/next/dist/next-devtools/userspace/app/errors/intercept-console-error.js:56
[ 1918730ms] [ERROR] Failed to load resource: net::ERR_CONNECTION_REFUSED @ http://localhost:3060/api/products/updates?clientId=mrus2y4gw:0
[ 1918730ms] [ERROR] SSE connection error: Event @ webpack-internal:///(app-pages-browser)/./node_modules/next/dist/next-devtools/userspace/app/errors/intercept-console-error.js:56
[ 1918730ms] [ERROR] Failed to load resource: net::ERR_CONNECTION_REFUSED @ http://localhost:3060/api/products/updates?clientId=1l40w8wuc:0
[ 1921733ms] [ERROR] SSE connection error: Event @ webpack-internal:///(app-pages-browser)/./node_modules/next/dist/next-devtools/userspace/app/errors/intercept-console-error.js:56
[ 1921733ms] [ERROR] Failed to load resource: net::ERR_CONNECTION_REFUSED @ http://localhost:3060/api/products/updates?clientId=mrus2y4gw:0
[ 1921733ms] [ERROR] SSE connection error: Event @ webpack-internal:///(app-pages-browser)/./node_modules/next/dist/next-devtools/userspace/app/errors/intercept-console-error.js:56
[ 1921734ms] [ERROR] Failed to load resource: net::ERR_CONNECTION_REFUSED @ http://localhost:3060/api/products/updates?clientId=1l40w8wuc:0
[ 1924736ms] [ERROR] SSE connection error: Event @ webpack-internal:///(app-pages-browser)/./node_modules/next/dist/next-devtools/userspace/app/errors/intercept-console-error.js:56
[ 1924736ms] [ERROR] Failed to load resource: net::ERR_CONNECTION_REFUSED @ http://localhost:3060/api/products/updates?clientId=mrus2y4gw:0
[ 1924737ms] [ERROR] SSE connection error: Event @ webpack-internal:///(app-pages-browser)/./node_modules/next/dist/next-devtools/userspace/app/errors/intercept-console-error.js:56
[ 1924737ms] [ERROR] Failed to load resource: net::ERR_CONNECTION_REFUSED @ http://localhost:3060/api/products/updates?clientId=1l40w8wuc:0
[ 1927739ms] [ERROR] SSE connection error: Event @ webpack-internal:///(app-pages-browser)/./node_modules/next/dist/next-devtools/userspace/app/errors/intercept-console-error.js:56
[ 1927739ms] [ERROR] Failed to load resource: net::ERR_CONNECTION_REFUSED @ http://localhost:3060/api/products/updates?clientId=mrus2y4gw:0
[ 1927739ms] [ERROR] SSE connection error: Event @ webpack-internal:///(app-pages-browser)/./node_modules/next/dist/next-devtools/userspace/app/errors/intercept-console-error.js:56
[ 1927739ms] [ERROR] Failed to load resource: net::ERR_CONNECTION_REFUSED @ http://localhost:3060/api/products/updates?clientId=1l40w8wuc:0
[ 1930742ms] [ERROR] SSE connection error: Event @ webpack-internal:///(app-pages-browser)/./node_modules/next/dist/next-devtools/userspace/app/errors/intercept-console-error.js:56
[ 1930743ms] [ERROR] Failed to load resource: net::ERR_CONNECTION_REFUSED @ http://localhost:3060/api/products/updates?clientId=mrus2y4gw:0
[ 1930743ms] [ERROR] SSE connection error: Event @ webpack-internal:///(app-pages-browser)/./node_modules/next/dist/next-devtools/userspace/app/errors/intercept-console-error.js:56
[ 1930743ms] [ERROR] Failed to load resource: net::ERR_CONNECTION_REFUSED @ http://localhost:3060/api/products/updates?clientId=1l40w8wuc:0
[ 1933746ms] [ERROR] SSE connection error: Event @ webpack-internal:///(app-pages-browser)/./node_modules/next/dist/next-devtools/userspace/app/errors/intercept-console-error.js:56
[ 1933746ms] [ERROR] Failed to load resource: net::ERR_CONNECTION_REFUSED @ http://localhost:3060/api/products/updates?clientId=mrus2y4gw:0
[ 1933746ms] [ERROR] SSE connection error: Event @ webpack-internal:///(app-pages-browser)/./node_modules/next/dist/next-devtools/userspace/app/errors/intercept-console-error.js:56
[ 1933747ms] [ERROR] Failed to load resource: net::ERR_CONNECTION_REFUSED @ http://localhost:3060/api/products/updates?clientId=1l40w8wuc:0
[ 1936749ms] [ERROR] SSE connection error: Event @ webpack-internal:///(app-pages-browser)/./node_modules/next/dist/next-devtools/userspace/app/errors/intercept-console-error.js:56
[ 1936750ms] [ERROR] Failed to load resource: net::ERR_CONNECTION_REFUSED @ http://localhost:3060/api/products/updates?clientId=mrus2y4gw:0
[ 1936750ms] [ERROR] SSE connection error: Event @ webpack-internal:///(app-pages-browser)/./node_modules/next/dist/next-devtools/userspace/app/errors/intercept-console-error.js:56
[ 1936750ms] [ERROR] Failed to load resource: net::ERR_CONNECTION_REFUSED @ http://localhost:3060/api/products/updates?clientId=1l40w8wuc:0
[ 1939754ms] [ERROR] SSE connection error: Event @ webpack-internal:///(app-pages-browser)/./node_modules/next/dist/next-devtools/userspace/app/errors/intercept-console-error.js:56
[ 1939754ms] [ERROR] Failed to load resource: net::ERR_CONNECTION_REFUSED @ http://localhost:3060/api/products/updates?clientId=mrus2y4gw:0
[ 1939754ms] [ERROR] SSE connection error: Event @ webpack-internal:///(app-pages-browser)/./node_modules/next/dist/next-devtools/userspace/app/errors/intercept-console-error.js:56
[ 1939754ms] [ERROR] Failed to load resource: net::ERR_CONNECTION_REFUSED @ http://localhost:3060/api/products/updates?clientId=1l40w8wuc:0
[ 1942756ms] [ERROR] SSE connection error: Event @ webpack-internal:///(app-pages-browser)/./node_modules/next/dist/next-devtools/userspace/app/errors/intercept-console-error.js:56
[ 1942757ms] [ERROR] Failed to load resource: net::ERR_CONNECTION_REFUSED @ http://localhost:3060/api/products/updates?clientId=mrus2y4gw:0
[ 1942757ms] [ERROR] SSE connection error: Event @ webpack-internal:///(app-pages-browser)/./node_modules/next/dist/next-devtools/userspace/app/errors/intercept-console-error.js:56
[ 1942757ms] [ERROR] Failed to load resource: net::ERR_CONNECTION_REFUSED @ http://localhost:3060/api/products/updates?clientId=1l40w8wuc:0
[ 1945760ms] [ERROR] SSE connection error: Event @ webpack-internal:///(app-pages-browser)/./node_modules/next/dist/next-devtools/userspace/app/errors/intercept-console-error.js:56
[ 1945760ms] [ERROR] Failed to load resource: net::ERR_CONNECTION_REFUSED @ http://localhost:3060/api/products/updates?clientId=mrus2y4gw:0
[ 1945760ms] [ERROR] SSE connection error: Event @ webpack-internal:///(app-pages-browser)/./node_modules/next/dist/next-devtools/userspace/app/errors/intercept-console-error.js:56
[ 1945760ms] [ERROR] Failed to load resource: net::ERR_CONNECTION_REFUSED @ http://localhost:3060/api/products/updates?clientId=1l40w8wuc:0
[ 1948763ms] [ERROR] SSE connection error: Event @ webpack-internal:///(app-pages-browser)/./node_modules/next/dist/next-devtools/userspace/app/errors/intercept-console-error.js:56
[ 1948764ms] [ERROR] Failed to load resource: net::ERR_CONNECTION_REFUSED @ http://localhost:3060/api/products/updates?clientId=mrus2y4gw:0
[ 1948764ms] [ERROR] SSE connection error: Event @ webpack-internal:///(app-pages-browser)/./node_modules/next/dist/next-devtools/userspace/app/errors/intercept-console-error.js:56
[ 1948764ms] [ERROR] Failed to load resource: net::ERR_CONNECTION_REFUSED @ http://localhost:3060/api/products/updates?clientId=1l40w8wuc:0
[ 1951766ms] [ERROR] SSE connection error: Event @ webpack-internal:///(app-pages-browser)/./node_modules/next/dist/next-devtools/userspace/app/errors/intercept-console-error.js:56
[ 1951767ms] [ERROR] Failed to load resource: net::ERR_CONNECTION_REFUSED @ http://localhost:3060/api/products/updates?clientId=mrus2y4gw:0
[ 1951767ms] [ERROR] SSE connection error: Event @ webpack-internal:///(app-pages-browser)/./node_modules/next/dist/next-devtools/userspace/app/errors/intercept-console-error.js:56
[ 1951767ms] [ERROR] Failed to load resource: net::ERR_CONNECTION_REFUSED @ http://localhost:3060/api/products/updates?clientId=1l40w8wuc:0
[ 1954771ms] [ERROR] SSE connection error: Event @ webpack-internal:///(app-pages-browser)/./node_modules/next/dist/next-devtools/userspace/app/errors/intercept-console-error.js:56
[ 1954772ms] [ERROR] Failed to load resource: net::ERR_CONNECTION_REFUSED @ http://localhost:3060/api/products/updates?clientId=mrus2y4gw:0
[ 1954772ms] [ERROR] SSE connection error: Event @ webpack-internal:///(app-pages-browser)/./node_modules/next/dist/next-devtools/userspace/app/errors/intercept-console-error.js:56
[ 1954772ms] [ERROR] Failed to load resource: net::ERR_CONNECTION_REFUSED @ http://localhost:3060/api/products/updates?clientId=1l40w8wuc:0
[ 1957774ms] [ERROR] SSE connection error: Event @ webpack-internal:///(app-pages-browser)/./node_modules/next/dist/next-devtools/userspace/app/errors/intercept-console-error.js:56
[ 1957774ms] [ERROR] Failed to load resource: net::ERR_CONNECTION_REFUSED @ http://localhost:3060/api/products/updates?clientId=mrus2y4gw:0
[ 1957774ms] [ERROR] SSE connection error: Event @ webpack-internal:///(app-pages-browser)/./node_modules/next/dist/next-devtools/userspace/app/errors/intercept-console-error.js:56
[ 1957775ms] [ERROR] Failed to load resource: net::ERR_CONNECTION_REFUSED @ http://localhost:3060/api/products/updates?clientId=1l40w8wuc:0
[ 1960778ms] [ERROR] SSE connection error: Event @ webpack-internal:///(app-pages-browser)/./node_modules/next/dist/next-devtools/userspace/app/errors/intercept-console-error.js:56
[ 1960778ms] [ERROR] Failed to load resource: net::ERR_CONNECTION_REFUSED @ http://localhost:3060/api/products/updates?clientId=mrus2y4gw:0
[ 1960778ms] [ERROR] SSE connection error: Event @ webpack-internal:///(app-pages-browser)/./node_modules/next/dist/next-devtools/userspace/app/errors/intercept-console-error.js:56
[ 1960778ms] [ERROR] Failed to load resource: net::ERR_CONNECTION_REFUSED @ http://localhost:3060/api/products/updates?clientId=1l40w8wuc:0
[ 1963780ms] [ERROR] SSE connection error: Event @ webpack-internal:///(app-pages-browser)/./node_modules/next/dist/next-devtools/userspace/app/errors/intercept-console-error.js:56
[ 1963780ms] [ERROR] Failed to load resource: net::ERR_CONNECTION_REFUSED @ http://localhost:3060/api/products/updates?clientId=mrus2y4gw:0
[ 1963780ms] [ERROR] SSE connection error: Event @ webpack-internal:///(app-pages-browser)/./node_modules/next/dist/next-devtools/userspace/app/errors/intercept-console-error.js:56
[ 1963780ms] [ERROR] Failed to load resource: net::ERR_CONNECTION_REFUSED @ http://localhost:3060/api/products/updates?clientId=1l40w8wuc:0
[ 1966783ms] [ERROR] SSE connection error: Event @ webpack-internal:///(app-pages-browser)/./node_modules/next/dist/next-devtools/userspace/app/errors/intercept-console-error.js:56
[ 1966783ms] [ERROR] Failed to load resource: net::ERR_CONNECTION_REFUSED @ http://localhost:3060/api/products/updates?clientId=mrus2y4gw:0
[ 1966783ms] [ERROR] SSE connection error: Event @ webpack-internal:///(app-pages-browser)/./node_modules/next/dist/next-devtools/userspace/app/errors/intercept-console-error.js:56
[ 1966783ms] [ERROR] Failed to load resource: net::ERR_CONNECTION_REFUSED @ http://localhost:3060/api/products/updates?clientId=1l40w8wuc:0
[ 1969787ms] [ERROR] SSE connection error: Event @ webpack-internal:///(app-pages-browser)/./node_modules/next/dist/next-devtools/userspace/app/errors/intercept-console-error.js:56
[ 1969788ms] [ERROR] Failed to load resource: net::ERR_CONNECTION_REFUSED @ http://localhost:3060/api/products/updates?clientId=mrus2y4gw:0
[ 1969788ms] [ERROR] SSE connection error: Event @ webpack-internal:///(app-pages-browser)/./node_modules/next/dist/next-devtools/userspace/app/errors/intercept-console-error.js:56
[ 1969788ms] [ERROR] Failed to load resource: net::ERR_CONNECTION_REFUSED @ http://localhost:3060/api/products/updates?clientId=1l40w8wuc:0
[ 1972791ms] [ERROR] SSE connection error: Event @ webpack-internal:///(app-pages-browser)/./node_modules/next/dist/next-devtools/userspace/app/errors/intercept-console-error.js:56
[ 1972791ms] [ERROR] Failed to load resource: net::ERR_CONNECTION_REFUSED @ http://localhost:3060/api/products/updates?clientId=mrus2y4gw:0
[ 1972791ms] [ERROR] SSE connection error: Event @ webpack-internal:///(app-pages-browser)/./node_modules/next/dist/next-devtools/userspace/app/errors/intercept-console-error.js:56
[ 1972792ms] [ERROR] Failed to load resource: net::ERR_CONNECTION_REFUSED @ http://localhost:3060/api/products/updates?clientId=1l40w8wuc:0
[ 1975795ms] [ERROR] SSE connection error: Event @ webpack-internal:///(app-pages-browser)/./node_modules/next/dist/next-devtools/userspace/app/errors/intercept-console-error.js:56
[ 1975795ms] [ERROR] Failed to load resource: net::ERR_CONNECTION_REFUSED @ http://localhost:3060/api/products/updates?clientId=mrus2y4gw:0
[ 1975795ms] [ERROR] SSE connection error: Event @ webpack-internal:///(app-pages-browser)/./node_modules/next/dist/next-devtools/userspace/app/errors/intercept-console-error.js:56
[ 1975795ms] [ERROR] Failed to load resource: net::ERR_CONNECTION_REFUSED @ http://localhost:3060/api/products/updates?clientId=1l40w8wuc:0
[ 1978798ms] [ERROR] SSE connection error: Event @ webpack-internal:///(app-pages-browser)/./node_modules/next/dist/next-devtools/userspace/app/errors/intercept-console-error.js:56
[ 1978798ms] [ERROR] Failed to load resource: net::ERR_CONNECTION_REFUSED @ http://localhost:3060/api/products/updates?clientId=mrus2y4gw:0
[ 1978798ms] [ERROR] SSE connection error: Event @ webpack-internal:///(app-pages-browser)/./node_modules/next/dist/next-devtools/userspace/app/errors/intercept-console-error.js:56
[ 1978799ms] [ERROR] Failed to load resource: net::ERR_CONNECTION_REFUSED @ http://localhost:3060/api/products/updates?clientId=1l40w8wuc:0
[ 1981802ms] [ERROR] SSE connection error: Event @ webpack-internal:///(app-pages-browser)/./node_modules/next/dist/next-devtools/userspace/app/errors/intercept-console-error.js:56
[ 1981802ms] [ERROR] Failed to load resource: net::ERR_CONNECTION_REFUSED @ http://localhost:3060/api/products/updates?clientId=mrus2y4gw:0
[ 1981803ms] [ERROR] SSE connection error: Event @ webpack-internal:///(app-pages-browser)/./node_modules/next/dist/next-devtools/userspace/app/errors/intercept-console-error.js:56
[ 1981803ms] [ERROR] Failed to load resource: net::ERR_CONNECTION_REFUSED @ http://localhost:3060/api/products/updates?clientId=1l40w8wuc:0
[ 1984805ms] [ERROR] SSE connection error: Event @ webpack-internal:///(app-pages-browser)/./node_modules/next/dist/next-devtools/userspace/app/errors/intercept-console-error.js:56
[ 1984806ms] [ERROR] Failed to load resource: net::ERR_CONNECTION_REFUSED @ http://localhost:3060/api/products/updates?clientId=mrus2y4gw:0
[ 1984806ms] [ERROR] SSE connection error: Event @ webpack-internal:///(app-pages-browser)/./node_modules/next/dist/next-devtools/userspace/app/errors/intercept-console-error.js:56
[ 1984806ms] [ERROR] Failed to load resource: net::ERR_CONNECTION_REFUSED @ http://localhost:3060/api/products/updates?clientId=1l40w8wuc:0
[ 1987808ms] [ERROR] SSE connection error: Event @ webpack-internal:///(app-pages-browser)/./node_modules/next/dist/next-devtools/userspace/app/errors/intercept-console-error.js:56
[ 1987809ms] [ERROR] Failed to load resource: net::ERR_CONNECTION_REFUSED @ http://localhost:3060/api/products/updates?clientId=mrus2y4gw:0
[ 1987809ms] [ERROR] SSE connection error: Event @ webpack-internal:///(app-pages-browser)/./node_modules/next/dist/next-devtools/userspace/app/errors/intercept-console-error.js:56
[ 1987809ms] [ERROR] Failed to load resource: net::ERR_CONNECTION_REFUSED @ http://localhost:3060/api/products/updates?clientId=1l40w8wuc:0
[ 1990815ms] [ERROR] SSE connection error: Event @ webpack-internal:///(app-pages-browser)/./node_modules/next/dist/next-devtools/userspace/app/errors/intercept-console-error.js:56
[ 1990815ms] [ERROR] Failed to load resource: net::ERR_CONNECTION_REFUSED @ http://localhost:3060/api/products/updates?clientId=mrus2y4gw:0
[ 1990816ms] [ERROR] SSE connection error: Event @ webpack-internal:///(app-pages-browser)/./node_modules/next/dist/next-devtools/userspace/app/errors/intercept-console-error.js:56
[ 1990816ms] [ERROR] Failed to load resource: net::ERR_CONNECTION_REFUSED @ http://localhost:3060/api/products/updates?clientId=1l40w8wuc:0
[ 1993819ms] [ERROR] SSE connection error: Event @ webpack-internal:///(app-pages-browser)/./node_modules/next/dist/next-devtools/userspace/app/errors/intercept-console-error.js:56
[ 1993819ms] [ERROR] Failed to load resource: net::ERR_CONNECTION_REFUSED @ http://localhost:3060/api/products/updates?clientId=mrus2y4gw:0
[ 1993820ms] [ERROR] SSE connection error: Event @ webpack-internal:///(app-pages-browser)/./node_modules/next/dist/next-devtools/userspace/app/errors/intercept-console-error.js:56
[ 1993820ms] [ERROR] Failed to load resource: net::ERR_CONNECTION_REFUSED @ http://localhost:3060/api/products/updates?clientId=1l40w8wuc:0
[ 1996822ms] [ERROR] SSE connection error: Event @ webpack-internal:///(app-pages-browser)/./node_modules/next/dist/next-devtools/userspace/app/errors/intercept-console-error.js:56
[ 1996822ms] [ERROR] Failed to load resource: net::ERR_CONNECTION_REFUSED @ http://localhost:3060/api/products/updates?clientId=mrus2y4gw:0
[ 1996822ms] [ERROR] SSE connection error: Event @ webpack-internal:///(app-pages-browser)/./node_modules/next/dist/next-devtools/userspace/app/errors/intercept-console-error.js:56
[ 1996822ms] [ERROR] Failed to load resource: net::ERR_CONNECTION_REFUSED @ http://localhost:3060/api/products/updates?clientId=1l40w8wuc:0
[ 1999826ms] [ERROR] SSE connection error: Event @ webpack-internal:///(app-pages-browser)/./node_modules/next/dist/next-devtools/userspace/app/errors/intercept-console-error.js:56
[ 1999826ms] [ERROR] Failed to load resource: net::ERR_CONNECTION_REFUSED @ http://localhost:3060/api/products/updates?clientId=mrus2y4gw:0
[ 1999826ms] [ERROR] SSE connection error: Event @ webpack-internal:///(app-pages-browser)/./node_modules/next/dist/next-devtools/userspace/app/errors/intercept-console-error.js:56
[ 1999827ms] [ERROR] Failed to load resource: net::ERR_CONNECTION_REFUSED @ http://localhost:3060/api/products/updates?clientId=1l40w8wuc:0
[ 2002828ms] [ERROR] SSE connection error: Event @ webpack-internal:///(app-pages-browser)/./node_modules/next/dist/next-devtools/userspace/app/errors/intercept-console-error.js:56
[ 2002828ms] [ERROR] Failed to load resource: net::ERR_CONNECTION_REFUSED @ http://localhost:3060/api/products/updates?clientId=mrus2y4gw:0
[ 2002828ms] [ERROR] SSE connection error: Event @ webpack-internal:///(app-pages-browser)/./node_modules/next/dist/next-devtools/userspace/app/errors/intercept-console-error.js:56
[ 2002828ms] [ERROR] Failed to load resource: net::ERR_CONNECTION_REFUSED @ http://localhost:3060/api/products/updates?clientId=1l40w8wuc:0
[ 2005830ms] [ERROR] SSE connection error: Event @ webpack-internal:///(app-pages-browser)/./node_modules/next/dist/next-devtools/userspace/app/errors/intercept-console-error.js:56
[ 2005830ms] [ERROR] Failed to load resource: net::ERR_CONNECTION_REFUSED @ http://localhost:3060/api/products/updates?clientId=mrus2y4gw:0
[ 2005830ms] [ERROR] SSE connection error: Event @ webpack-internal:///(app-pages-browser)/./node_modules/next/dist/next-devtools/userspace/app/errors/intercept-console-error.js:56
[ 2005830ms] [ERROR] Failed to load resource: net::ERR_CONNECTION_REFUSED @ http://localhost:3060/api/products/updates?clientId=1l40w8wuc:0
[ 2008833ms] [ERROR] SSE connection error: Event @ webpack-internal:///(app-pages-browser)/./node_modules/next/dist/next-devtools/userspace/app/errors/intercept-console-error.js:56
[ 2008834ms] [ERROR] Failed to load resource: net::ERR_CONNECTION_REFUSED @ http://localhost:3060/api/products/updates?clientId=mrus2y4gw:0
[ 2008834ms] [ERROR] SSE connection error: Event @ webpack-internal:///(app-pages-browser)/./node_modules/next/dist/next-devtools/userspace/app/errors/intercept-console-error.js:56
[ 2008834ms] [ERROR] Failed to load resource: net::ERR_CONNECTION_REFUSED @ http://localhost:3060/api/products/updates?clientId=1l40w8wuc:0
[ 2011837ms] [ERROR] SSE connection error: Event @ webpack-internal:///(app-pages-browser)/./node_modules/next/dist/next-devtools/userspace/app/errors/intercept-console-error.js:56
[ 2011838ms] [ERROR] Failed to load resource: net::ERR_CONNECTION_REFUSED @ http://localhost:3060/api/products/updates?clientId=mrus2y4gw:0
[ 2011838ms] [ERROR] SSE connection error: Event @ webpack-internal:///(app-pages-browser)/./node_modules/next/dist/next-devtools/userspace/app/errors/intercept-console-error.js:56
[ 2011838ms] [ERROR] Failed to load resource: net::ERR_CONNECTION_REFUSED @ http://localhost:3060/api/products/updates?clientId=1l40w8wuc:0
[ 2014839ms] [ERROR] SSE connection error: Event @ webpack-internal:///(app-pages-browser)/./node_modules/next/dist/next-devtools/userspace/app/errors/intercept-console-error.js:56
[ 2014840ms] [ERROR] Failed to load resource: net::ERR_CONNECTION_REFUSED @ http://localhost:3060/api/products/updates?clientId=mrus2y4gw:0
[ 2014840ms] [ERROR] SSE connection error: Event @ webpack-internal:///(app-pages-browser)/./node_modules/next/dist/next-devtools/userspace/app/errors/intercept-console-error.js:56
[ 2014840ms] [ERROR] Failed to load resource: net::ERR_CONNECTION_REFUSED @ http://localhost:3060/api/products/updates?clientId=1l40w8wuc:0
[ 2017843ms] [ERROR] SSE connection error: Event @ webpack-internal:///(app-pages-browser)/./node_modules/next/dist/next-devtools/userspace/app/errors/intercept-console-error.js:56
[ 2017844ms] [ERROR] Failed to load resource: net::ERR_CONNECTION_REFUSED @ http://localhost:3060/api/products/updates?clientId=mrus2y4gw:0
[ 2017844ms] [ERROR] SSE connection error: Event @ webpack-internal:///(app-pages-browser)/./node_modules/next/dist/next-devtools/userspace/app/errors/intercept-console-error.js:56
[ 2017844ms] [ERROR] Failed to load resource: net::ERR_CONNECTION_REFUSED @ http://localhost:3060/api/products/updates?clientId=1l40w8wuc:0
[ 2020847ms] [ERROR] SSE connection error: Event @ webpack-internal:///(app-pages-browser)/./node_modules/next/dist/next-devtools/userspace/app/errors/intercept-console-error.js:56
[ 2020847ms] [ERROR] Failed to load resource: net::ERR_CONNECTION_REFUSED @ http://localhost:3060/api/products/updates?clientId=mrus2y4gw:0
[ 2020847ms] [ERROR] SSE connection error: Event @ webpack-internal:///(app-pages-browser)/./node_modules/next/dist/next-devtools/userspace/app/errors/intercept-console-error.js:56
[ 2020848ms] [ERROR] Failed to load resource: net::ERR_CONNECTION_REFUSED @ http://localhost:3060/api/products/updates?clientId=1l40w8wuc:0
[ 2023849ms] [ERROR] SSE connection error: Event @ webpack-internal:///(app-pages-browser)/./node_modules/next/dist/next-devtools/userspace/app/errors/intercept-console-error.js:56
[ 2023850ms] [ERROR] Failed to load resource: net::ERR_CONNECTION_REFUSED @ http://localhost:3060/api/products/updates?clientId=mrus2y4gw:0
[ 2023850ms] [ERROR] SSE connection error: Event @ webpack-internal:///(app-pages-browser)/./node_modules/next/dist/next-devtools/userspace/app/errors/intercept-console-error.js:56
[ 2023850ms] [ERROR] Failed to load resource: net::ERR_CONNECTION_REFUSED @ http://localhost:3060/api/products/updates?clientId=1l40w8wuc:0
[ 2026852ms] [ERROR] SSE connection error: Event @ webpack-internal:///(app-pages-browser)/./node_modules/next/dist/next-devtools/userspace/app/errors/intercept-console-error.js:56
[ 2026853ms] [ERROR] Failed to load resource: net::ERR_CONNECTION_REFUSED @ http://localhost:3060/api/products/updates?clientId=mrus2y4gw:0
[ 2026853ms] [ERROR] SSE connection error: Event @ webpack-internal:///(app-pages-browser)/./node_modules/next/dist/next-devtools/userspace/app/errors/intercept-console-error.js:56
[ 2026853ms] [ERROR] Failed to load resource: net::ERR_CONNECTION_REFUSED @ http://localhost:3060/api/products/updates?clientId=1l40w8wuc:0
[ 2029856ms] [ERROR] SSE connection error: Event @ webpack-internal:///(app-pages-browser)/./node_modules/next/dist/next-devtools/userspace/app/errors/intercept-console-error.js:56
[ 2029856ms] [ERROR] Failed to load resource: net::ERR_CONNECTION_REFUSED @ http://localhost:3060/api/products/updates?clientId=mrus2y4gw:0
[ 2029856ms] [ERROR] SSE connection error: Event @ webpack-internal:///(app-pages-browser)/./node_modules/next/dist/next-devtools/userspace/app/errors/intercept-console-error.js:56
[ 2029856ms] [ERROR] Failed to load resource: net::ERR_CONNECTION_REFUSED @ http://localhost:3060/api/products/updates?clientId=1l40w8wuc:0
[ 2032861ms] [ERROR] SSE connection error: Event @ webpack-internal:///(app-pages-browser)/./node_modules/next/dist/next-devtools/userspace/app/errors/intercept-console-error.js:56
[ 2032862ms] [ERROR] Failed to load resource: net::ERR_CONNECTION_REFUSED @ http://localhost:3060/api/products/updates?clientId=mrus2y4gw:0
[ 2032862ms] [ERROR] SSE connection error: Event @ webpack-internal:///(app-pages-browser)/./node_modules/next/dist/next-devtools/userspace/app/errors/intercept-console-error.js:56
[ 2032862ms] [ERROR] Failed to load resource: net::ERR_CONNECTION_REFUSED @ http://localhost:3060/api/products/updates?clientId=1l40w8wuc:0
[ 2035866ms] [ERROR] SSE connection error: Event @ webpack-internal:///(app-pages-browser)/./node_modules/next/dist/next-devtools/userspace/app/errors/intercept-console-error.js:56
[ 2035866ms] [ERROR] Failed to load resource: net::ERR_CONNECTION_REFUSED @ http://localhost:3060/api/products/updates?clientId=mrus2y4gw:0
[ 2035866ms] [ERROR] SSE connection error: Event @ webpack-internal:///(app-pages-browser)/./node_modules/next/dist/next-devtools/userspace/app/errors/intercept-console-error.js:56
[ 2035866ms] [ERROR] Failed to load resource: net::ERR_CONNECTION_REFUSED @ http://localhost:3060/api/products/updates?clientId=1l40w8wuc:0
[ 2038871ms] [ERROR] SSE connection error: Event @ webpack-internal:///(app-pages-browser)/./node_modules/next/dist/next-devtools/userspace/app/errors/intercept-console-error.js:56
[ 2038871ms] [ERROR] Failed to load resource: net::ERR_CONNECTION_REFUSED @ http://localhost:3060/api/products/updates?clientId=mrus2y4gw:0
[ 2038871ms] [ERROR] SSE connection error: Event @ webpack-internal:///(app-pages-browser)/./node_modules/next/dist/next-devtools/userspace/app/errors/intercept-console-error.js:56
[ 2038872ms] [ERROR] Failed to load resource: net::ERR_CONNECTION_REFUSED @ http://localhost:3060/api/products/updates?clientId=1l40w8wuc:0
[ 2041876ms] [ERROR] SSE connection error: Event @ webpack-internal:///(app-pages-browser)/./node_modules/next/dist/next-devtools/userspace/app/errors/intercept-console-error.js:56
[ 2041877ms] [ERROR] Failed to load resource: net::ERR_CONNECTION_REFUSED @ http://localhost:3060/api/products/updates?clientId=mrus2y4gw:0
[ 2041877ms] [ERROR] SSE connection error: Event @ webpack-internal:///(app-pages-browser)/./node_modules/next/dist/next-devtools/userspace/app/errors/intercept-console-error.js:56
[ 2041877ms] [ERROR] Failed to load resource: net::ERR_CONNECTION_REFUSED @ http://localhost:3060/api/products/updates?clientId=1l40w8wuc:0
[ 2044878ms] [ERROR] SSE connection error: Event @ webpack-internal:///(app-pages-browser)/./node_modules/next/dist/next-devtools/userspace/app/errors/intercept-console-error.js:56
[ 2044878ms] [ERROR] Failed to load resource: net::ERR_CONNECTION_REFUSED @ http://localhost:3060/api/products/updates?clientId=mrus2y4gw:0
[ 2044878ms] [ERROR] SSE connection error: Event @ webpack-internal:///(app-pages-browser)/./node_modules/next/dist/next-devtools/userspace/app/errors/intercept-console-error.js:56
[ 2044878ms] [ERROR] Failed to load resource: net::ERR_CONNECTION_REFUSED @ http://localhost:3060/api/products/updates?clientId=1l40w8wuc:0
[ 2047881ms] [ERROR] SSE connection error: Event @ webpack-internal:///(app-pages-browser)/./node_modules/next/dist/next-devtools/userspace/app/errors/intercept-console-error.js:56
[ 2047881ms] [ERROR] Failed to load resource: net::ERR_CONNECTION_REFUSED @ http://localhost:3060/api/products/updates?clientId=mrus2y4gw:0
[ 2047881ms] [ERROR] SSE connection error: Event @ webpack-internal:///(app-pages-browser)/./node_modules/next/dist/next-devtools/userspace/app/errors/intercept-console-error.js:56
[ 2047882ms] [ERROR] Failed to load resource: net::ERR_CONNECTION_REFUSED @ http://localhost:3060/api/products/updates?clientId=1l40w8wuc:0
[ 2050883ms] [ERROR] SSE connection error: Event @ webpack-internal:///(app-pages-browser)/./node_modules/next/dist/next-devtools/userspace/app/errors/intercept-console-error.js:56
[ 2050883ms] [ERROR] Failed to load resource: net::ERR_CONNECTION_REFUSED @ http://localhost:3060/api/products/updates?clientId=mrus2y4gw:0
[ 2050883ms] [ERROR] SSE connection error: Event @ webpack-internal:///(app-pages-browser)/./node_modules/next/dist/next-devtools/userspace/app/errors/intercept-console-error.js:56
[ 2050883ms] [ERROR] Failed to load resource: net::ERR_CONNECTION_REFUSED @ http://localhost:3060/api/products/updates?clientId=1l40w8wuc:0
[ 2053887ms] [ERROR] SSE connection error: Event @ webpack-internal:///(app-pages-browser)/./node_modules/next/dist/next-devtools/userspace/app/errors/intercept-console-error.js:56
[ 2053887ms] [ERROR] Failed to load resource: net::ERR_CONNECTION_REFUSED @ http://localhost:3060/api/products/updates?clientId=mrus2y4gw:0
[ 2053888ms] [ERROR] SSE connection error: Event @ webpack-internal:///(app-pages-browser)/./node_modules/next/dist/next-devtools/userspace/app/errors/intercept-console-error.js:56
[ 2053888ms] [ERROR] Failed to load resource: net::ERR_CONNECTION_REFUSED @ http://localhost:3060/api/products/updates?clientId=1l40w8wuc:0
[ 2056890ms] [ERROR] SSE connection error: Event @ webpack-internal:///(app-pages-browser)/./node_modules/next/dist/next-devtools/userspace/app/errors/intercept-console-error.js:56
[ 2056890ms] [ERROR] Failed to load resource: net::ERR_CONNECTION_REFUSED @ http://localhost:3060/api/products/updates?clientId=mrus2y4gw:0
[ 2056890ms] [ERROR] SSE connection error: Event @ webpack-internal:///(app-pages-browser)/./node_modules/next/dist/next-devtools/userspace/app/errors/intercept-console-error.js:56
[ 2056890ms] [ERROR] Failed to load resource: net::ERR_CONNECTION_REFUSED @ http://localhost:3060/api/products/updates?clientId=1l40w8wuc:0
[ 2059893ms] [ERROR] SSE connection error: Event @ webpack-internal:///(app-pages-browser)/./node_modules/next/dist/next-devtools/userspace/app/errors/intercept-console-error.js:56
[ 2059893ms] [ERROR] Failed to load resource: net::ERR_CONNECTION_REFUSED @ http://localhost:3060/api/products/updates?clientId=mrus2y4gw:0
[ 2059894ms] [ERROR] SSE connection error: Event @ webpack-internal:///(app-pages-browser)/./node_modules/next/dist/next-devtools/userspace/app/errors/intercept-console-error.js:56
[ 2059894ms] [ERROR] Failed to load resource: net::ERR_CONNECTION_REFUSED @ http://localhost:3060/api/products/updates?clientId=1l40w8wuc:0
[ 2062896ms] [ERROR] SSE connection error: Event @ webpack-internal:///(app-pages-browser)/./node_modules/next/dist/next-devtools/userspace/app/errors/intercept-console-error.js:56
[ 2062896ms] [ERROR] Failed to load resource: net::ERR_CONNECTION_REFUSED @ http://localhost:3060/api/products/updates?clientId=mrus2y4gw:0
[ 2062896ms] [ERROR] SSE connection error: Event @ webpack-internal:///(app-pages-browser)/./node_modules/next/dist/next-devtools/userspace/app/errors/intercept-console-error.js:56
[ 2062896ms] [ERROR] Failed to load resource: net::ERR_CONNECTION_REFUSED @ http://localhost:3060/api/products/updates?clientId=1l40w8wuc:0
[ 2065899ms] [ERROR] SSE connection error: Event @ webpack-internal:///(app-pages-browser)/./node_modules/next/dist/next-devtools/userspace/app/errors/intercept-console-error.js:56
[ 2065899ms] [ERROR] Failed to load resource: net::ERR_CONNECTION_REFUSED @ http://localhost:3060/api/products/updates?clientId=mrus2y4gw:0
[ 2065899ms] [ERROR] SSE connection error: Event @ webpack-internal:///(app-pages-browser)/./node_modules/next/dist/next-devtools/userspace/app/errors/intercept-console-error.js:56
[ 2065899ms] [ERROR] Failed to load resource: net::ERR_CONNECTION_REFUSED @ http://localhost:3060/api/products/updates?clientId=1l40w8wuc:0
[ 2068902ms] [ERROR] SSE connection error: Event @ webpack-internal:///(app-pages-browser)/./node_modules/next/dist/next-devtools/userspace/app/errors/intercept-console-error.js:56
[ 2068903ms] [ERROR] Failed to load resource: net::ERR_CONNECTION_REFUSED @ http://localhost:3060/api/products/updates?clientId=mrus2y4gw:0
[ 2068903ms] [ERROR] SSE connection error: Event @ webpack-internal:///(app-pages-browser)/./node_modules/next/dist/next-devtools/userspace/app/errors/intercept-console-error.js:56
[ 2068903ms] [ERROR] Failed to load resource: net::ERR_CONNECTION_REFUSED @ http://localhost:3060/api/products/updates?clientId=1l40w8wuc:0
[ 2071904ms] [ERROR] SSE connection error: Event @ webpack-internal:///(app-pages-browser)/./node_modules/next/dist/next-devtools/userspace/app/errors/intercept-console-error.js:56
[ 2071904ms] [ERROR] Failed to load resource: net::ERR_CONNECTION_REFUSED @ http://localhost:3060/api/products/updates?clientId=mrus2y4gw:0
[ 2071905ms] [ERROR] SSE connection error: Event @ webpack-internal:///(app-pages-browser)/./node_modules/next/dist/next-devtools/userspace/app/errors/intercept-console-error.js:56
[ 2071905ms] [ERROR] Failed to load resource: net::ERR_CONNECTION_REFUSED @ http://localhost:3060/api/products/updates?clientId=1l40w8wuc:0
[ 2074907ms] [ERROR] SSE connection error: Event @ webpack-internal:///(app-pages-browser)/./node_modules/next/dist/next-devtools/userspace/app/errors/intercept-console-error.js:56
[ 2074907ms] [ERROR] Failed to load resource: net::ERR_CONNECTION_REFUSED @ http://localhost:3060/api/products/updates?clientId=mrus2y4gw:0
[ 2074907ms] [ERROR] SSE connection error: Event @ webpack-internal:///(app-pages-browser)/./node_modules/next/dist/next-devtools/userspace/app/errors/intercept-console-error.js:56
[ 2074908ms] [ERROR] Failed to load resource: net::ERR_CONNECTION_REFUSED @ http://localhost:3060/api/products/updates?clientId=1l40w8wuc:0
[ 2077917ms] [ERROR] SSE connection error: Event @ webpack-internal:///(app-pages-browser)/./node_modules/next/dist/next-devtools/userspace/app/errors/intercept-console-error.js:56
[ 2077920ms] [ERROR] Failed to load resource: net::ERR_CONNECTION_REFUSED @ http://localhost:3060/api/products/updates?clientId=mrus2y4gw:0
[ 2077920ms] [ERROR] SSE connection error: Event @ webpack-internal:///(app-pages-browser)/./node_modules/next/dist/next-devtools/userspace/app/errors/intercept-console-error.js:56
[ 2077920ms] [ERROR] Failed to load resource: net::ERR_CONNECTION_REFUSED @ http://localhost:3060/api/products/updates?clientId=1l40w8wuc:0
[ 2080921ms] [ERROR] SSE connection error: Event @ webpack-internal:///(app-pages-browser)/./node_modules/next/dist/next-devtools/userspace/app/errors/intercept-console-error.js:56
[ 2080922ms] [ERROR] Failed to load resource: net::ERR_CONNECTION_REFUSED @ http://localhost:3060/api/products/updates?clientId=mrus2y4gw:0
[ 2080923ms] [ERROR] SSE connection error: Event @ webpack-internal:///(app-pages-browser)/./node_modules/next/dist/next-devtools/userspace/app/errors/intercept-console-error.js:56
[ 2080924ms] [ERROR] Failed to load resource: net::ERR_CONNECTION_REFUSED @ http://localhost:3060/api/products/updates?clientId=1l40w8wuc:0
[ 2083924ms] [ERROR] SSE connection error: Event @ webpack-internal:///(app-pages-browser)/./node_modules/next/dist/next-devtools/userspace/app/errors/intercept-console-error.js:56
[ 2083924ms] [ERROR] Failed to load resource: net::ERR_CONNECTION_REFUSED @ http://localhost:3060/api/products/updates?clientId=mrus2y4gw:0
[ 2083926ms] [ERROR] SSE connection error: Event @ webpack-internal:///(app-pages-browser)/./node_modules/next/dist/next-devtools/userspace/app/errors/intercept-console-error.js:56
[ 2083926ms] [ERROR] Failed to load resource: net::ERR_CONNECTION_REFUSED @ http://localhost:3060/api/products/updates?clientId=1l40w8wuc:0
[ 2086927ms] [ERROR] SSE connection error: Event @ webpack-internal:///(app-pages-browser)/./node_modules/next/dist/next-devtools/userspace/app/errors/intercept-console-error.js:56
[ 2086927ms] [ERROR] Failed to load resource: net::ERR_CONNECTION_REFUSED @ http://localhost:3060/api/products/updates?clientId=mrus2y4gw:0
[ 2086928ms] [ERROR] SSE connection error: Event @ webpack-internal:///(app-pages-browser)/./node_modules/next/dist/next-devtools/userspace/app/errors/intercept-console-error.js:56
[ 2086928ms] [ERROR] Failed to load resource: net::ERR_CONNECTION_REFUSED @ http://localhost:3060/api/products/updates?clientId=1l40w8wuc:0
[ 2089930ms] [ERROR] SSE connection error: Event @ webpack-internal:///(app-pages-browser)/./node_modules/next/dist/next-devtools/userspace/app/errors/intercept-console-error.js:56
[ 2089930ms] [ERROR] Failed to load resource: net::ERR_CONNECTION_REFUSED @ http://localhost:3060/api/products/updates?clientId=mrus2y4gw:0
[ 2089930ms] [ERROR] SSE connection error: Event @ webpack-internal:///(app-pages-browser)/./node_modules/next/dist/next-devtools/userspace/app/errors/intercept-console-error.js:56
[ 2089931ms] [ERROR] Failed to load resource: net::ERR_CONNECTION_REFUSED @ http://localhost:3060/api/products/updates?clientId=1l40w8wuc:0
[ 2092933ms] [ERROR] SSE connection error: Event @ webpack-internal:///(app-pages-browser)/./node_modules/next/dist/next-devtools/userspace/app/errors/intercept-console-error.js:56
[ 2092933ms] [ERROR] Failed to load resource: net::ERR_CONNECTION_REFUSED @ http://localhost:3060/api/products/updates?clientId=mrus2y4gw:0
[ 2092933ms] [ERROR] SSE connection error: Event @ webpack-internal:///(app-pages-browser)/./node_modules/next/dist/next-devtools/userspace/app/errors/intercept-console-error.js:56
[ 2092933ms] [ERROR] Failed to load resource: net::ERR_CONNECTION_REFUSED @ http://localhost:3060/api/products/updates?clientId=1l40w8wuc:0
[ 2095938ms] [ERROR] SSE connection error: Event @ webpack-internal:///(app-pages-browser)/./node_modules/next/dist/next-devtools/userspace/app/errors/intercept-console-error.js:56
[ 2095938ms] [ERROR] Failed to load resource: net::ERR_CONNECTION_REFUSED @ http://localhost:3060/api/products/updates?clientId=mrus2y4gw:0
[ 2095939ms] [ERROR] SSE connection error: Event @ webpack-internal:///(app-pages-browser)/./node_modules/next/dist/next-devtools/userspace/app/errors/intercept-console-error.js:56
[ 2095939ms] [ERROR] Failed to load resource: net::ERR_CONNECTION_REFUSED @ http://localhost:3060/api/products/updates?clientId=1l40w8wuc:0
[ 2098942ms] [ERROR] SSE connection error: Event @ webpack-internal:///(app-pages-browser)/./node_modules/next/dist/next-devtools/userspace/app/errors/intercept-console-error.js:56
[ 2098942ms] [ERROR] Failed to load resource: net::ERR_CONNECTION_REFUSED @ http://localhost:3060/api/products/updates?clientId=mrus2y4gw:0
[ 2098942ms] [ERROR] SSE connection error: Event @ webpack-internal:///(app-pages-browser)/./node_modules/next/dist/next-devtools/userspace/app/errors/intercept-console-error.js:56
[ 2098942ms] [ERROR] Failed to load resource: net::ERR_CONNECTION_REFUSED @ http://localhost:3060/api/products/updates?clientId=1l40w8wuc:0
[ 2101946ms] [ERROR] SSE connection error: Event @ webpack-internal:///(app-pages-browser)/./node_modules/next/dist/next-devtools/userspace/app/errors/intercept-console-error.js:56
[ 2101946ms] [ERROR] Failed to load resource: net::ERR_CONNECTION_REFUSED @ http://localhost:3060/api/products/updates?clientId=mrus2y4gw:0
[ 2101946ms] [ERROR] SSE connection error: Event @ webpack-internal:///(app-pages-browser)/./node_modules/next/dist/next-devtools/userspace/app/errors/intercept-console-error.js:56
[ 2101946ms] [ERROR] Failed to load resource: net::ERR_CONNECTION_REFUSED @ http://localhost:3060/api/products/updates?clientId=1l40w8wuc:0
[ 2104949ms] [ERROR] SSE connection error: Event @ webpack-internal:///(app-pages-browser)/./node_modules/next/dist/next-devtools/userspace/app/errors/intercept-console-error.js:56
[ 2104949ms] [ERROR] Failed to load resource: net::ERR_CONNECTION_REFUSED @ http://localhost:3060/api/products/updates?clientId=mrus2y4gw:0
[ 2104949ms] [ERROR] SSE connection error: Event @ webpack-internal:///(app-pages-browser)/./node_modules/next/dist/next-devtools/userspace/app/errors/intercept-console-error.js:56
[ 2104949ms] [ERROR] Failed to load resource: net::ERR_CONNECTION_REFUSED @ http://localhost:3060/api/products/updates?clientId=1l40w8wuc:0
[ 2107951ms] [ERROR] SSE connection error: Event @ webpack-internal:///(app-pages-browser)/./node_modules/next/dist/next-devtools/userspace/app/errors/intercept-console-error.js:56
[ 2107952ms] [ERROR] Failed to load resource: net::ERR_CONNECTION_REFUSED @ http://localhost:3060/api/products/updates?clientId=mrus2y4gw:0
[ 2107952ms] [ERROR] SSE connection error: Event @ webpack-internal:///(app-pages-browser)/./node_modules/next/dist/next-devtools/userspace/app/errors/intercept-console-error.js:56
[ 2107952ms] [ERROR] Failed to load resource: net::ERR_CONNECTION_REFUSED @ http://localhost:3060/api/products/updates?clientId=1l40w8wuc:0
[ 2110954ms] [ERROR] SSE connection error: Event @ webpack-internal:///(app-pages-browser)/./node_modules/next/dist/next-devtools/userspace/app/errors/intercept-console-error.js:56
[ 2110954ms] [ERROR] Failed to load resource: net::ERR_CONNECTION_REFUSED @ http://localhost:3060/api/products/updates?clientId=mrus2y4gw:0
[ 2110954ms] [ERROR] SSE connection error: Event @ webpack-internal:///(app-pages-browser)/./node_modules/next/dist/next-devtools/userspace/app/errors/intercept-console-error.js:56
[ 2110954ms] [ERROR] Failed to load resource: net::ERR_CONNECTION_REFUSED @ http://localhost:3060/api/products/updates?clientId=1l40w8wuc:0
[ 2113957ms] [ERROR] SSE connection error: Event @ webpack-internal:///(app-pages-browser)/./node_modules/next/dist/next-devtools/userspace/app/errors/intercept-console-error.js:56
[ 2113957ms] [ERROR] Failed to load resource: net::ERR_CONNECTION_REFUSED @ http://localhost:3060/api/products/updates?clientId=mrus2y4gw:0
[ 2113958ms] [ERROR] SSE connection error: Event @ webpack-internal:///(app-pages-browser)/./node_modules/next/dist/next-devtools/userspace/app/errors/intercept-console-error.js:56
[ 2113958ms] [ERROR] Failed to load resource: net::ERR_CONNECTION_REFUSED @ http://localhost:3060/api/products/updates?clientId=1l40w8wuc:0
[ 2116959ms] [ERROR] SSE connection error: Event @ webpack-internal:///(app-pages-browser)/./node_modules/next/dist/next-devtools/userspace/app/errors/intercept-console-error.js:56
[ 2116960ms] [ERROR] Failed to load resource: net::ERR_CONNECTION_REFUSED @ http://localhost:3060/api/products/updates?clientId=mrus2y4gw:0
[ 2116960ms] [ERROR] SSE connection error: Event @ webpack-internal:///(app-pages-browser)/./node_modules/next/dist/next-devtools/userspace/app/errors/intercept-console-error.js:56
[ 2116960ms] [ERROR] Failed to load resource: net::ERR_CONNECTION_REFUSED @ http://localhost:3060/api/products/updates?clientId=1l40w8wuc:0
[ 2119961ms] [ERROR] SSE connection error: Event @ webpack-internal:///(app-pages-browser)/./node_modules/next/dist/next-devtools/userspace/app/errors/intercept-console-error.js:56
[ 2119962ms] [ERROR] Failed to load resource: net::ERR_CONNECTION_REFUSED @ http://localhost:3060/api/products/updates?clientId=mrus2y4gw:0
[ 2119962ms] [ERROR] SSE connection error: Event @ webpack-internal:///(app-pages-browser)/./node_modules/next/dist/next-devtools/userspace/app/errors/intercept-console-error.js:56
[ 2119962ms] [ERROR] Failed to load resource: net::ERR_CONNECTION_REFUSED @ http://localhost:3060/api/products/updates?clientId=1l40w8wuc:0
[ 2122964ms] [ERROR] SSE connection error: Event @ webpack-internal:///(app-pages-browser)/./node_modules/next/dist/next-devtools/userspace/app/errors/intercept-console-error.js:56
[ 2122964ms] [ERROR] Failed to load resource: net::ERR_CONNECTION_REFUSED @ http://localhost:3060/api/products/updates?clientId=mrus2y4gw:0
[ 2122965ms] [ERROR] SSE connection error: Event @ webpack-internal:///(app-pages-browser)/./node_modules/next/dist/next-devtools/userspace/app/errors/intercept-console-error.js:56
[ 2122965ms] [ERROR] Failed to load resource: net::ERR_CONNECTION_REFUSED @ http://localhost:3060/api/products/updates?clientId=1l40w8wuc:0
[ 2125969ms] [ERROR] SSE connection error: Event @ webpack-internal:///(app-pages-browser)/./node_modules/next/dist/next-devtools/userspace/app/errors/intercept-console-error.js:56
[ 2125970ms] [ERROR] Failed to load resource: net::ERR_CONNECTION_REFUSED @ http://localhost:3060/api/products/updates?clientId=mrus2y4gw:0
[ 2125970ms] [ERROR] SSE connection error: Event @ webpack-internal:///(app-pages-browser)/./node_modules/next/dist/next-devtools/userspace/app/errors/intercept-console-error.js:56
[ 2125970ms] [ERROR] Failed to load resource: net::ERR_CONNECTION_REFUSED @ http://localhost:3060/api/products/updates?clientId=1l40w8wuc:0
[ 2128973ms] [ERROR] SSE connection error: Event @ webpack-internal:///(app-pages-browser)/./node_modules/next/dist/next-devtools/userspace/app/errors/intercept-console-error.js:56
[ 2128973ms] [ERROR] Failed to load resource: net::ERR_CONNECTION_REFUSED @ http://localhost:3060/api/products/updates?clientId=mrus2y4gw:0
[ 2128973ms] [ERROR] SSE connection error: Event @ webpack-internal:///(app-pages-browser)/./node_modules/next/dist/next-devtools/userspace/app/errors/intercept-console-error.js:56
[ 2128973ms] [ERROR] Failed to load resource: net::ERR_CONNECTION_REFUSED @ http://localhost:3060/api/products/updates?clientId=1l40w8wuc:0
[ 2131975ms] [ERROR] SSE connection error: Event @ webpack-internal:///(app-pages-browser)/./node_modules/next/dist/next-devtools/userspace/app/errors/intercept-console-error.js:56
[ 2131975ms] [ERROR] Failed to load resource: net::ERR_CONNECTION_REFUSED @ http://localhost:3060/api/products/updates?clientId=mrus2y4gw:0
[ 2131975ms] [ERROR] SSE connection error: Event @ webpack-internal:///(app-pages-browser)/./node_modules/next/dist/next-devtools/userspace/app/errors/intercept-console-error.js:56
[ 2131975ms] [ERROR] Failed to load resource: net::ERR_CONNECTION_REFUSED @ http://localhost:3060/api/products/updates?clientId=1l40w8wuc:0
[ 2134978ms] [ERROR] SSE connection error: Event @ webpack-internal:///(app-pages-browser)/./node_modules/next/dist/next-devtools/userspace/app/errors/intercept-console-error.js:56
[ 2134978ms] [ERROR] Failed to load resource: net::ERR_CONNECTION_REFUSED @ http://localhost:3060/api/products/updates?clientId=mrus2y4gw:0
[ 2134978ms] [ERROR] SSE connection error: Event @ webpack-internal:///(app-pages-browser)/./node_modules/next/dist/next-devtools/userspace/app/errors/intercept-console-error.js:56
[ 2134979ms] [ERROR] Failed to load resource: net::ERR_CONNECTION_REFUSED @ http://localhost:3060/api/products/updates?clientId=1l40w8wuc:0
[ 2137981ms] [ERROR] SSE connection error: Event @ webpack-internal:///(app-pages-browser)/./node_modules/next/dist/next-devtools/userspace/app/errors/intercept-console-error.js:56
[ 2137981ms] [ERROR] Failed to load resource: net::ERR_CONNECTION_REFUSED @ http://localhost:3060/api/products/updates?clientId=mrus2y4gw:0
[ 2137981ms] [ERROR] SSE connection error: Event @ webpack-internal:///(app-pages-browser)/./node_modules/next/dist/next-devtools/userspace/app/errors/intercept-console-error.js:56
[ 2137981ms] [ERROR] Failed to load resource: net::ERR_CONNECTION_REFUSED @ http://localhost:3060/api/products/updates?clientId=1l40w8wuc:0
[ 2140986ms] [ERROR] SSE connection error: Event @ webpack-internal:///(app-pages-browser)/./node_modules/next/dist/next-devtools/userspace/app/errors/intercept-console-error.js:56
[ 2140987ms] [ERROR] Failed to load resource: net::ERR_CONNECTION_REFUSED @ http://localhost:3060/api/products/updates?clientId=mrus2y4gw:0
[ 2140987ms] [ERROR] SSE connection error: Event @ webpack-internal:///(app-pages-browser)/./node_modules/next/dist/next-devtools/userspace/app/errors/intercept-console-error.js:56
[ 2140987ms] [ERROR] Failed to load resource: net::ERR_CONNECTION_REFUSED @ http://localhost:3060/api/products/updates?clientId=1l40w8wuc:0
[ 2143989ms] [ERROR] SSE connection error: Event @ webpack-internal:///(app-pages-browser)/./node_modules/next/dist/next-devtools/userspace/app/errors/intercept-console-error.js:56
[ 2143989ms] [ERROR] Failed to load resource: net::ERR_CONNECTION_REFUSED @ http://localhost:3060/api/products/updates?clientId=mrus2y4gw:0
[ 2143990ms] [ERROR] SSE connection error: Event @ webpack-internal:///(app-pages-browser)/./node_modules/next/dist/next-devtools/userspace/app/errors/intercept-console-error.js:56
[ 2143990ms] [ERROR] Failed to load resource: net::ERR_CONNECTION_REFUSED @ http://localhost:3060/api/products/updates?clientId=1l40w8wuc:0
[ 2146992ms] [ERROR] SSE connection error: Event @ webpack-internal:///(app-pages-browser)/./node_modules/next/dist/next-devtools/userspace/app/errors/intercept-console-error.js:56
[ 2146992ms] [ERROR] Failed to load resource: net::ERR_CONNECTION_REFUSED @ http://localhost:3060/api/products/updates?clientId=mrus2y4gw:0
[ 2146992ms] [ERROR] SSE connection error: Event @ webpack-internal:///(app-pages-browser)/./node_modules/next/dist/next-devtools/userspace/app/errors/intercept-console-error.js:56
[ 2146992ms] [ERROR] Failed to load resource: net::ERR_CONNECTION_REFUSED @ http://localhost:3060/api/products/updates?clientId=1l40w8wuc:0
[ 2149996ms] [ERROR] SSE connection error: Event @ webpack-internal:///(app-pages-browser)/./node_modules/next/dist/next-devtools/userspace/app/errors/intercept-console-error.js:56
[ 2149996ms] [ERROR] Failed to load resource: net::ERR_CONNECTION_REFUSED @ http://localhost:3060/api/products/updates?clientId=mrus2y4gw:0
[ 2149996ms] [ERROR] SSE connection error: Event @ webpack-internal:///(app-pages-browser)/./node_modules/next/dist/next-devtools/userspace/app/errors/intercept-console-error.js:56
[ 2149996ms] [ERROR] Failed to load resource: net::ERR_CONNECTION_REFUSED @ http://localhost:3060/api/products/updates?clientId=1l40w8wuc:0
[ 2152998ms] [ERROR] SSE connection error: Event @ webpack-internal:///(app-pages-browser)/./node_modules/next/dist/next-devtools/userspace/app/errors/intercept-console-error.js:56
[ 2152998ms] [ERROR] Failed to load resource: net::ERR_CONNECTION_REFUSED @ http://localhost:3060/api/products/updates?clientId=mrus2y4gw:0
[ 2152998ms] [ERROR] SSE connection error: Event @ webpack-internal:///(app-pages-browser)/./node_modules/next/dist/next-devtools/userspace/app/errors/intercept-console-error.js:56
[ 2152998ms] [ERROR] Failed to load resource: net::ERR_CONNECTION_REFUSED @ http://localhost:3060/api/products/updates?clientId=1l40w8wuc:0
[ 2156001ms] [ERROR] SSE connection error: Event @ webpack-internal:///(app-pages-browser)/./node_modules/next/dist/next-devtools/userspace/app/errors/intercept-console-error.js:56
[ 2156001ms] [ERROR] Failed to load resource: net::ERR_CONNECTION_REFUSED @ http://localhost:3060/api/products/updates?clientId=mrus2y4gw:0
[ 2156001ms] [ERROR] SSE connection error: Event @ webpack-internal:///(app-pages-browser)/./node_modules/next/dist/next-devtools/userspace/app/errors/intercept-console-error.js:56
[ 2156001ms] [ERROR] Failed to load resource: net::ERR_CONNECTION_REFUSED @ http://localhost:3060/api/products/updates?clientId=1l40w8wuc:0
[ 2159003ms] [ERROR] SSE connection error: Event @ webpack-internal:///(app-pages-browser)/./node_modules/next/dist/next-devtools/userspace/app/errors/intercept-console-error.js:56
[ 2159003ms] [ERROR] Failed to load resource: net::ERR_CONNECTION_REFUSED @ http://localhost:3060/api/products/updates?clientId=mrus2y4gw:0
[ 2159003ms] [ERROR] SSE connection error: Event @ webpack-internal:///(app-pages-browser)/./node_modules/next/dist/next-devtools/userspace/app/errors/intercept-console-error.js:56
[ 2159004ms] [ERROR] Failed to load resource: net::ERR_CONNECTION_REFUSED @ http://localhost:3060/api/products/updates?clientId=1l40w8wuc:0
[ 2162006ms] [ERROR] SSE connection error: Event @ webpack-internal:///(app-pages-browser)/./node_modules/next/dist/next-devtools/userspace/app/errors/intercept-console-error.js:56
[ 2162006ms] [ERROR] Failed to load resource: net::ERR_CONNECTION_REFUSED @ http://localhost:3060/api/products/updates?clientId=mrus2y4gw:0
[ 2162007ms] [ERROR] SSE connection error: Event @ webpack-internal:///(app-pages-browser)/./node_modules/next/dist/next-devtools/userspace/app/errors/intercept-console-error.js:56
[ 2162007ms] [ERROR] Failed to load resource: net::ERR_CONNECTION_REFUSED @ http://localhost:3060/api/products/updates?clientId=1l40w8wuc:0
[ 2165009ms] [ERROR] SSE connection error: Event @ webpack-internal:///(app-pages-browser)/./node_modules/next/dist/next-devtools/userspace/app/errors/intercept-console-error.js:56
[ 2165009ms] [ERROR] Failed to load resource: net::ERR_CONNECTION_REFUSED @ http://localhost:3060/api/products/updates?clientId=mrus2y4gw:0
[ 2165009ms] [ERROR] SSE connection error: Event @ webpack-internal:///(app-pages-browser)/./node_modules/next/dist/next-devtools/userspace/app/errors/intercept-console-error.js:56
[ 2165009ms] [ERROR] Failed to load resource: net::ERR_CONNECTION_REFUSED @ http://localhost:3060/api/products/updates?clientId=1l40w8wuc:0
[ 2168010ms] [ERROR] SSE connection error: Event @ webpack-internal:///(app-pages-browser)/./node_modules/next/dist/next-devtools/userspace/app/errors/intercept-console-error.js:56
[ 2168010ms] [ERROR] Failed to load resource: net::ERR_CONNECTION_REFUSED @ http://localhost:3060/api/products/updates?clientId=mrus2y4gw:0
[ 2168010ms] [ERROR] SSE connection error: Event @ webpack-internal:///(app-pages-browser)/./node_modules/next/dist/next-devtools/userspace/app/errors/intercept-console-error.js:56
[ 2168011ms] [ERROR] Failed to load resource: net::ERR_CONNECTION_REFUSED @ http://localhost:3060/api/products/updates?clientId=1l40w8wuc:0
[ 2171012ms] [ERROR] SSE connection error: Event @ webpack-internal:///(app-pages-browser)/./node_modules/next/dist/next-devtools/userspace/app/errors/intercept-console-error.js:56
[ 2171013ms] [ERROR] Failed to load resource: net::ERR_CONNECTION_REFUSED @ http://localhost:3060/api/products/updates?clientId=mrus2y4gw:0
[ 2171013ms] [ERROR] SSE connection error: Event @ webpack-internal:///(app-pages-browser)/./node_modules/next/dist/next-devtools/userspace/app/errors/intercept-console-error.js:56
[ 2171013ms] [ERROR] Failed to load resource: net::ERR_CONNECTION_REFUSED @ http://localhost:3060/api/products/updates?clientId=1l40w8wuc:0
[ 2174016ms] [ERROR] SSE connection error: Event @ webpack-internal:///(app-pages-browser)/./node_modules/next/dist/next-devtools/userspace/app/errors/intercept-console-error.js:56
[ 2174017ms] [ERROR] Failed to load resource: net::ERR_CONNECTION_REFUSED @ http://localhost:3060/api/products/updates?clientId=mrus2y4gw:0
[ 2174017ms] [ERROR] SSE connection error: Event @ webpack-internal:///(app-pages-browser)/./node_modules/next/dist/next-devtools/userspace/app/errors/intercept-console-error.js:56
[ 2174017ms] [ERROR] Failed to load resource: net::ERR_CONNECTION_REFUSED @ http://localhost:3060/api/products/updates?clientId=1l40w8wuc:0
[ 2177021ms] [ERROR] SSE connection error: Event @ webpack-internal:///(app-pages-browser)/./node_modules/next/dist/next-devtools/userspace/app/errors/intercept-console-error.js:56
[ 2177021ms] [ERROR] Failed to load resource: net::ERR_CONNECTION_REFUSED @ http://localhost:3060/api/products/updates?clientId=mrus2y4gw:0
[ 2177021ms] [ERROR] SSE connection error: Event @ webpack-internal:///(app-pages-browser)/./node_modules/next/dist/next-devtools/userspace/app/errors/intercept-console-error.js:56
[ 2177021ms] [ERROR] Failed to load resource: net::ERR_CONNECTION_REFUSED @ http://localhost:3060/api/products/updates?clientId=1l40w8wuc:0
[ 2180023ms] [ERROR] SSE connection error: Event @ webpack-internal:///(app-pages-browser)/./node_modules/next/dist/next-devtools/userspace/app/errors/intercept-console-error.js:56
[ 2180023ms] [ERROR] Failed to load resource: net::ERR_CONNECTION_REFUSED @ http://localhost:3060/api/products/updates?clientId=mrus2y4gw:0
[ 2180023ms] [ERROR] SSE connection error: Event @ webpack-internal:///(app-pages-browser)/./node_modules/next/dist/next-devtools/userspace/app/errors/intercept-console-error.js:56
[ 2180023ms] [ERROR] Failed to load resource: net::ERR_CONNECTION_REFUSED @ http://localhost:3060/api/products/updates?clientId=1l40w8wuc:0
[ 2183025ms] [ERROR] SSE connection error: Event @ webpack-internal:///(app-pages-browser)/./node_modules/next/dist/next-devtools/userspace/app/errors/intercept-console-error.js:56
[ 2183025ms] [ERROR] Failed to load resource: net::ERR_CONNECTION_REFUSED @ http://localhost:3060/api/products/updates?clientId=mrus2y4gw:0
[ 2183025ms] [ERROR] SSE connection error: Event @ webpack-internal:///(app-pages-browser)/./node_modules/next/dist/next-devtools/userspace/app/errors/intercept-console-error.js:56
[ 2183025ms] [ERROR] Failed to load resource: net::ERR_CONNECTION_REFUSED @ http://localhost:3060/api/products/updates?clientId=1l40w8wuc:0
[ 2186026ms] [ERROR] SSE connection error: Event @ webpack-internal:///(app-pages-browser)/./node_modules/next/dist/next-devtools/userspace/app/errors/intercept-console-error.js:56
[ 2186027ms] [ERROR] Failed to load resource: net::ERR_CONNECTION_REFUSED @ http://localhost:3060/api/products/updates?clientId=mrus2y4gw:0
[ 2186027ms] [ERROR] SSE connection error: Event @ webpack-internal:///(app-pages-browser)/./node_modules/next/dist/next-devtools/userspace/app/errors/intercept-console-error.js:56
[ 2186027ms] [ERROR] Failed to load resource: net::ERR_CONNECTION_REFUSED @ http://localhost:3060/api/products/updates?clientId=1l40w8wuc:0
[ 2189030ms] [ERROR] SSE connection error: Event @ webpack-internal:///(app-pages-browser)/./node_modules/next/dist/next-devtools/userspace/app/errors/intercept-console-error.js:56
[ 2189030ms] [ERROR] Failed to load resource: net::ERR_CONNECTION_REFUSED @ http://localhost:3060/api/products/updates?clientId=mrus2y4gw:0
[ 2189031ms] [ERROR] SSE connection error: Event @ webpack-internal:///(app-pages-browser)/./node_modules/next/dist/next-devtools/userspace/app/errors/intercept-console-error.js:56
[ 2189031ms] [ERROR] Failed to load resource: net::ERR_CONNECTION_REFUSED @ http://localhost:3060/api/products/updates?clientId=1l40w8wuc:0
[ 2192032ms] [ERROR] SSE connection error: Event @ webpack-internal:///(app-pages-browser)/./node_modules/next/dist/next-devtools/userspace/app/errors/intercept-console-error.js:56
[ 2192032ms] [ERROR] Failed to load resource: net::ERR_CONNECTION_REFUSED @ http://localhost:3060/api/products/updates?clientId=mrus2y4gw:0
[ 2192032ms] [ERROR] SSE connection error: Event @ webpack-internal:///(app-pages-browser)/./node_modules/next/dist/next-devtools/userspace/app/errors/intercept-console-error.js:56
[ 2192032ms] [ERROR] Failed to load resource: net::ERR_CONNECTION_REFUSED @ http://localhost:3060/api/products/updates?clientId=1l40w8wuc:0
[ 2195034ms] [ERROR] SSE connection error: Event @ webpack-internal:///(app-pages-browser)/./node_modules/next/dist/next-devtools/userspace/app/errors/intercept-console-error.js:56
[ 2195034ms] [ERROR] Failed to load resource: net::ERR_CONNECTION_REFUSED @ http://localhost:3060/api/products/updates?clientId=mrus2y4gw:0
[ 2195034ms] [ERROR] SSE connection error: Event @ webpack-internal:///(app-pages-browser)/./node_modules/next/dist/next-devtools/userspace/app/errors/intercept-console-error.js:56
[ 2195034ms] [ERROR] Failed to load resource: net::ERR_CONNECTION_REFUSED @ http://localhost:3060/api/products/updates?clientId=1l40w8wuc:0
[ 2198036ms] [ERROR] SSE connection error: Event @ webpack-internal:///(app-pages-browser)/./node_modules/next/dist/next-devtools/userspace/app/errors/intercept-console-error.js:56
[ 2198036ms] [ERROR] Failed to load resource: net::ERR_CONNECTION_REFUSED @ http://localhost:3060/api/products/updates?clientId=mrus2y4gw:0
[ 2198036ms] [ERROR] SSE connection error: Event @ webpack-internal:///(app-pages-browser)/./node_modules/next/dist/next-devtools/userspace/app/errors/intercept-console-error.js:56
[ 2198036ms] [ERROR] Failed to load resource: net::ERR_CONNECTION_REFUSED @ http://localhost:3060/api/products/updates?clientId=1l40w8wuc:0
[ 2201038ms] [ERROR] SSE connection error: Event @ webpack-internal:///(app-pages-browser)/./node_modules/next/dist/next-devtools/userspace/app/errors/intercept-console-error.js:56
[ 2201038ms] [ERROR] Failed to load resource: net::ERR_CONNECTION_REFUSED @ http://localhost:3060/api/products/updates?clientId=mrus2y4gw:0
[ 2201038ms] [ERROR] SSE connection error: Event @ webpack-internal:///(app-pages-browser)/./node_modules/next/dist/next-devtools/userspace/app/errors/intercept-console-error.js:56
[ 2201038ms] [ERROR] Failed to load resource: net::ERR_CONNECTION_REFUSED @ http://localhost:3060/api/products/updates?clientId=1l40w8wuc:0
[ 2204040ms] [ERROR] SSE connection error: Event @ webpack-internal:///(app-pages-browser)/./node_modules/next/dist/next-devtools/userspace/app/errors/intercept-console-error.js:56
[ 2204040ms] [ERROR] Failed to load resource: net::ERR_CONNECTION_REFUSED @ http://localhost:3060/api/products/updates?clientId=mrus2y4gw:0
[ 2204040ms] [ERROR] SSE connection error: Event @ webpack-internal:///(app-pages-browser)/./node_modules/next/dist/next-devtools/userspace/app/errors/intercept-console-error.js:56
[ 2204041ms] [ERROR] Failed to load resource: net::ERR_CONNECTION_REFUSED @ http://localhost:3060/api/products/updates?clientId=1l40w8wuc:0
[ 2207043ms] [ERROR] SSE connection error: Event @ webpack-internal:///(app-pages-browser)/./node_modules/next/dist/next-devtools/userspace/app/errors/intercept-console-error.js:56
[ 2207043ms] [ERROR] Failed to load resource: net::ERR_CONNECTION_REFUSED @ http://localhost:3060/api/products/updates?clientId=mrus2y4gw:0
[ 2207043ms] [ERROR] SSE connection error: Event @ webpack-internal:///(app-pages-browser)/./node_modules/next/dist/next-devtools/userspace/app/errors/intercept-console-error.js:56
[ 2207043ms] [ERROR] Failed to load resource: net::ERR_CONNECTION_REFUSED @ http://localhost:3060/api/products/updates?clientId=1l40w8wuc:0
[ 2210044ms] [ERROR] SSE connection error: Event @ webpack-internal:///(app-pages-browser)/./node_modules/next/dist/next-devtools/userspace/app/errors/intercept-console-error.js:56
[ 2210045ms] [ERROR] Failed to load resource: net::ERR_CONNECTION_REFUSED @ http://localhost:3060/api/products/updates?clientId=mrus2y4gw:0
[ 2210045ms] [ERROR] SSE connection error: Event @ webpack-internal:///(app-pages-browser)/./node_modules/next/dist/next-devtools/userspace/app/errors/intercept-console-error.js:56
[ 2210045ms] [ERROR] Failed to load resource: net::ERR_CONNECTION_REFUSED @ http://localhost:3060/api/products/updates?clientId=1l40w8wuc:0
[ 2213047ms] [ERROR] SSE connection error: Event @ webpack-internal:///(app-pages-browser)/./node_modules/next/dist/next-devtools/userspace/app/errors/intercept-console-error.js:56
[ 2213047ms] [ERROR] Failed to load resource: net::ERR_CONNECTION_REFUSED @ http://localhost:3060/api/products/updates?clientId=mrus2y4gw:0
[ 2213047ms] [ERROR] SSE connection error: Event @ webpack-internal:///(app-pages-browser)/./node_modules/next/dist/next-devtools/userspace/app/errors/intercept-console-error.js:56
[ 2213047ms] [ERROR] Failed to load resource: net::ERR_CONNECTION_REFUSED @ http://localhost:3060/api/products/updates?clientId=1l40w8wuc:0
[ 2216049ms] [ERROR] SSE connection error: Event @ webpack-internal:///(app-pages-browser)/./node_modules/next/dist/next-devtools/userspace/app/errors/intercept-console-error.js:56
[ 2216049ms] [ERROR] Failed to load resource: net::ERR_CONNECTION_REFUSED @ http://localhost:3060/api/products/updates?clientId=mrus2y4gw:0
[ 2216049ms] [ERROR] SSE connection error: Event @ webpack-internal:///(app-pages-browser)/./node_modules/next/dist/next-devtools/userspace/app/errors/intercept-console-error.js:56
[ 2216049ms] [ERROR] Failed to load resource: net::ERR_CONNECTION_REFUSED @ http://localhost:3060/api/products/updates?clientId=1l40w8wuc:0
[ 2219051ms] [ERROR] SSE connection error: Event @ webpack-internal:///(app-pages-browser)/./node_modules/next/dist/next-devtools/userspace/app/errors/intercept-console-error.js:56
[ 2219051ms] [ERROR] Failed to load resource: net::ERR_CONNECTION_REFUSED @ http://localhost:3060/api/products/updates?clientId=mrus2y4gw:0
[ 2219051ms] [ERROR] SSE connection error: Event @ webpack-internal:///(app-pages-browser)/./node_modules/next/dist/next-devtools/userspace/app/errors/intercept-console-error.js:56
[ 2219051ms] [ERROR] Failed to load resource: net::ERR_CONNECTION_REFUSED @ http://localhost:3060/api/products/updates?clientId=1l40w8wuc:0
[ 2222053ms] [ERROR] SSE connection error: Event @ webpack-internal:///(app-pages-browser)/./node_modules/next/dist/next-devtools/userspace/app/errors/intercept-console-error.js:56
[ 2222053ms] [ERROR] Failed to load resource: net::ERR_CONNECTION_REFUSED @ http://localhost:3060/api/products/updates?clientId=mrus2y4gw:0
[ 2222053ms] [ERROR] SSE connection error: Event @ webpack-internal:///(app-pages-browser)/./node_modules/next/dist/next-devtools/userspace/app/errors/intercept-console-error.js:56
[ 2222053ms] [ERROR] Failed to load resource: net::ERR_CONNECTION_REFUSED @ http://localhost:3060/api/products/updates?clientId=1l40w8wuc:0
[ 2225055ms] [ERROR] SSE connection error: Event @ webpack-internal:///(app-pages-browser)/./node_modules/next/dist/next-devtools/userspace/app/errors/intercept-console-error.js:56
[ 2225056ms] [ERROR] Failed to load resource: net::ERR_CONNECTION_REFUSED @ http://localhost:3060/api/products/updates?clientId=mrus2y4gw:0
[ 2225056ms] [ERROR] SSE connection error: Event @ webpack-internal:///(app-pages-browser)/./node_modules/next/dist/next-devtools/userspace/app/errors/intercept-console-error.js:56
[ 2225056ms] [ERROR] Failed to load resource: net::ERR_CONNECTION_REFUSED @ http://localhost:3060/api/products/updates?clientId=1l40w8wuc:0
[ 2228058ms] [ERROR] SSE connection error: Event @ webpack-internal:///(app-pages-browser)/./node_modules/next/dist/next-devtools/userspace/app/errors/intercept-console-error.js:56
[ 2228059ms] [ERROR] Failed to load resource: net::ERR_CONNECTION_REFUSED @ http://localhost:3060/api/products/updates?clientId=mrus2y4gw:0
[ 2228059ms] [ERROR] SSE connection error: Event @ webpack-internal:///(app-pages-browser)/./node_modules/next/dist/next-devtools/userspace/app/errors/intercept-console-error.js:56
[ 2228060ms] [ERROR] Failed to load resource: net::ERR_CONNECTION_REFUSED @ http://localhost:3060/api/products/updates?clientId=1l40w8wuc:0
[ 2231060ms] [ERROR] SSE connection error: Event @ webpack-internal:///(app-pages-browser)/./node_modules/next/dist/next-devtools/userspace/app/errors/intercept-console-error.js:56
[ 2231060ms] [ERROR] Failed to load resource: net::ERR_CONNECTION_REFUSED @ http://localhost:3060/api/products/updates?clientId=mrus2y4gw:0
[ 2231060ms] [ERROR] SSE connection error: Event @ webpack-internal:///(app-pages-browser)/./node_modules/next/dist/next-devtools/userspace/app/errors/intercept-console-error.js:56
[ 2231060ms] [ERROR] Failed to load resource: net::ERR_CONNECTION_REFUSED @ http://localhost:3060/api/products/updates?clientId=1l40w8wuc:0
[ 2234062ms] [ERROR] SSE connection error: Event @ webpack-internal:///(app-pages-browser)/./node_modules/next/dist/next-devtools/userspace/app/errors/intercept-console-error.js:56
[ 2234062ms] [ERROR] Failed to load resource: net::ERR_CONNECTION_REFUSED @ http://localhost:3060/api/products/updates?clientId=mrus2y4gw:0
[ 2234062ms] [ERROR] SSE connection error: Event @ webpack-internal:///(app-pages-browser)/./node_modules/next/dist/next-devtools/userspace/app/errors/intercept-console-error.js:56
[ 2234062ms] [ERROR] Failed to load resource: net::ERR_CONNECTION_REFUSED @ http://localhost:3060/api/products/updates?clientId=1l40w8wuc:0
[ 2237064ms] [ERROR] SSE connection error: Event @ webpack-internal:///(app-pages-browser)/./node_modules/next/dist/next-devtools/userspace/app/errors/intercept-console-error.js:56
[ 2237064ms] [ERROR] Failed to load resource: net::ERR_CONNECTION_REFUSED @ http://localhost:3060/api/products/updates?clientId=mrus2y4gw:0
[ 2237064ms] [ERROR] SSE connection error: Event @ webpack-internal:///(app-pages-browser)/./node_modules/next/dist/next-devtools/userspace/app/errors/intercept-console-error.js:56
[ 2237064ms] [ERROR] Failed to load resource: net::ERR_CONNECTION_REFUSED @ http://localhost:3060/api/products/updates?clientId=1l40w8wuc:0
[ 2240066ms] [ERROR] SSE connection error: Event @ webpack-internal:///(app-pages-browser)/./node_modules/next/dist/next-devtools/userspace/app/errors/intercept-console-error.js:56
[ 2240066ms] [ERROR] Failed to load resource: net::ERR_CONNECTION_REFUSED @ http://localhost:3060/api/products/updates?clientId=mrus2y4gw:0
[ 2240066ms] [ERROR] SSE connection error: Event @ webpack-internal:///(app-pages-browser)/./node_modules/next/dist/next-devtools/userspace/app/errors/intercept-console-error.js:56
[ 2240066ms] [ERROR] Failed to load resource: net::ERR_CONNECTION_REFUSED @ http://localhost:3060/api/products/updates?clientId=1l40w8wuc:0
[ 2243068ms] [ERROR] SSE connection error: Event @ webpack-internal:///(app-pages-browser)/./node_modules/next/dist/next-devtools/userspace/app/errors/intercept-console-error.js:56
[ 2243068ms] [ERROR] Failed to load resource: net::ERR_CONNECTION_REFUSED @ http://localhost:3060/api/products/updates?clientId=mrus2y4gw:0
[ 2243068ms] [ERROR] SSE connection error: Event @ webpack-internal:///(app-pages-browser)/./node_modules/next/dist/next-devtools/userspace/app/errors/intercept-console-error.js:56
[ 2243068ms] [ERROR] Failed to load resource: net::ERR_CONNECTION_REFUSED @ http://localhost:3060/api/products/updates?clientId=1l40w8wuc:0
[ 2246071ms] [ERROR] SSE connection error: Event @ webpack-internal:///(app-pages-browser)/./node_modules/next/dist/next-devtools/userspace/app/errors/intercept-console-error.js:56
[ 2246072ms] [ERROR] Failed to load resource: net::ERR_CONNECTION_REFUSED @ http://localhost:3060/api/products/updates?clientId=mrus2y4gw:0
[ 2246072ms] [ERROR] SSE connection error: Event @ webpack-internal:///(app-pages-browser)/./node_modules/next/dist/next-devtools/userspace/app/errors/intercept-console-error.js:56
[ 2246072ms] [ERROR] Failed to load resource: net::ERR_CONNECTION_REFUSED @ http://localhost:3060/api/products/updates?clientId=1l40w8wuc:0
[ 2249073ms] [ERROR] SSE connection error: Event @ webpack-internal:///(app-pages-browser)/./node_modules/next/dist/next-devtools/userspace/app/errors/intercept-console-error.js:56
[ 2249073ms] [ERROR] Failed to load resource: net::ERR_CONNECTION_REFUSED @ http://localhost:3060/api/products/updates?clientId=mrus2y4gw:0
[ 2249073ms] [ERROR] SSE connection error: Event @ webpack-internal:///(app-pages-browser)/./node_modules/next/dist/next-devtools/userspace/app/errors/intercept-console-error.js:56
[ 2249073ms] [ERROR] Failed to load resource: net::ERR_CONNECTION_REFUSED @ http://localhost:3060/api/products/updates?clientId=1l40w8wuc:0
[ 2252076ms] [ERROR] SSE connection error: Event @ webpack-internal:///(app-pages-browser)/./node_modules/next/dist/next-devtools/userspace/app/errors/intercept-console-error.js:56
[ 2252076ms] [ERROR] Failed to load resource: net::ERR_CONNECTION_REFUSED @ http://localhost:3060/api/products/updates?clientId=mrus2y4gw:0
[ 2252076ms] [ERROR] SSE connection error: Event @ webpack-internal:///(app-pages-browser)/./node_modules/next/dist/next-devtools/userspace/app/errors/intercept-console-error.js:56
[ 2252076ms] [ERROR] Failed to load resource: net::ERR_CONNECTION_REFUSED @ http://localhost:3060/api/products/updates?clientId=1l40w8wuc:0
[ 2255079ms] [ERROR] SSE connection error: Event @ webpack-internal:///(app-pages-browser)/./node_modules/next/dist/next-devtools/userspace/app/errors/intercept-console-error.js:56
[ 2255080ms] [ERROR] Failed to load resource: net::ERR_CONNECTION_REFUSED @ http://localhost:3060/api/products/updates?clientId=mrus2y4gw:0
[ 2255080ms] [ERROR] SSE connection error: Event @ webpack-internal:///(app-pages-browser)/./node_modules/next/dist/next-devtools/userspace/app/errors/intercept-console-error.js:56
[ 2255080ms] [ERROR] Failed to load resource: net::ERR_CONNECTION_REFUSED @ http://localhost:3060/api/products/updates?clientId=1l40w8wuc:0
[ 2258082ms] [ERROR] SSE connection error: Event @ webpack-internal:///(app-pages-browser)/./node_modules/next/dist/next-devtools/userspace/app/errors/intercept-console-error.js:56
[ 2258082ms] [ERROR] Failed to load resource: net::ERR_CONNECTION_REFUSED @ http://localhost:3060/api/products/updates?clientId=mrus2y4gw:0
[ 2258082ms] [ERROR] SSE connection error: Event @ webpack-internal:///(app-pages-browser)/./node_modules/next/dist/next-devtools/userspace/app/errors/intercept-console-error.js:56
[ 2258082ms] [ERROR] Failed to load resource: net::ERR_CONNECTION_REFUSED @ http://localhost:3060/api/products/updates?clientId=1l40w8wuc:0
[ 2261084ms] [ERROR] SSE connection error: Event @ webpack-internal:///(app-pages-browser)/./node_modules/next/dist/next-devtools/userspace/app/errors/intercept-console-error.js:56
[ 2261084ms] [ERROR] Failed to load resource: net::ERR_CONNECTION_REFUSED @ http://localhost:3060/api/products/updates?clientId=mrus2y4gw:0
[ 2261084ms] [ERROR] SSE connection error: Event @ webpack-internal:///(app-pages-browser)/./node_modules/next/dist/next-devtools/userspace/app/errors/intercept-console-error.js:56
[ 2261084ms] [ERROR] Failed to load resource: net::ERR_CONNECTION_REFUSED @ http://localhost:3060/api/products/updates?clientId=1l40w8wuc:0
[ 2264087ms] [ERROR] SSE connection error: Event @ webpack-internal:///(app-pages-browser)/./node_modules/next/dist/next-devtools/userspace/app/errors/intercept-console-error.js:56
[ 2264088ms] [ERROR] Failed to load resource: net::ERR_CONNECTION_REFUSED @ http://localhost:3060/api/products/updates?clientId=mrus2y4gw:0
[ 2264089ms] [ERROR] SSE connection error: Event @ webpack-internal:///(app-pages-browser)/./node_modules/next/dist/next-devtools/userspace/app/errors/intercept-console-error.js:56
[ 2264089ms] [ERROR] Failed to load resource: net::ERR_CONNECTION_REFUSED @ http://localhost:3060/api/products/updates?clientId=1l40w8wuc:0
[ 2267090ms] [ERROR] SSE connection error: Event @ webpack-internal:///(app-pages-browser)/./node_modules/next/dist/next-devtools/userspace/app/errors/intercept-console-error.js:56
[ 2267090ms] [ERROR] Failed to load resource: net::ERR_CONNECTION_REFUSED @ http://localhost:3060/api/products/updates?clientId=mrus2y4gw:0
[ 2267090ms] [ERROR] SSE connection error: Event @ webpack-internal:///(app-pages-browser)/./node_modules/next/dist/next-devtools/userspace/app/errors/intercept-console-error.js:56
[ 2267090ms] [ERROR] Failed to load resource: net::ERR_CONNECTION_REFUSED @ http://localhost:3060/api/products/updates?clientId=1l40w8wuc:0
[ 2270092ms] [ERROR] SSE connection error: Event @ webpack-internal:///(app-pages-browser)/./node_modules/next/dist/next-devtools/userspace/app/errors/intercept-console-error.js:56
[ 2270093ms] [ERROR] Failed to load resource: net::ERR_CONNECTION_REFUSED @ http://localhost:3060/api/products/updates?clientId=mrus2y4gw:0
[ 2270093ms] [ERROR] SSE connection error: Event @ webpack-internal:///(app-pages-browser)/./node_modules/next/dist/next-devtools/userspace/app/errors/intercept-console-error.js:56
[ 2270093ms] [ERROR] Failed to load resource: net::ERR_CONNECTION_REFUSED @ http://localhost:3060/api/products/updates?clientId=1l40w8wuc:0
[ 2273094ms] [ERROR] SSE connection error: Event @ webpack-internal:///(app-pages-browser)/./node_modules/next/dist/next-devtools/userspace/app/errors/intercept-console-error.js:56
[ 2273094ms] [ERROR] Failed to load resource: net::ERR_CONNECTION_REFUSED @ http://localhost:3060/api/products/updates?clientId=1l40w8wuc:0
[ 2273095ms] [ERROR] SSE connection error: Event @ webpack-internal:///(app-pages-browser)/./node_modules/next/dist/next-devtools/userspace/app/errors/intercept-console-error.js:56
[ 2273095ms] [ERROR] Failed to load resource: net::ERR_CONNECTION_REFUSED @ http://localhost:3060/api/products/updates?clientId=mrus2y4gw:0
[ 2276099ms] [ERROR] SSE connection error: Event @ webpack-internal:///(app-pages-browser)/./node_modules/next/dist/next-devtools/userspace/app/errors/intercept-console-error.js:56
[ 2276099ms] [ERROR] Failed to load resource: net::ERR_CONNECTION_REFUSED @ http://localhost:3060/api/products/updates?clientId=1l40w8wuc:0
[ 2276099ms] [ERROR] SSE connection error: Event @ webpack-internal:///(app-pages-browser)/./node_modules/next/dist/next-devtools/userspace/app/errors/intercept-console-error.js:56
[ 2276099ms] [ERROR] Failed to load resource: net::ERR_CONNECTION_REFUSED @ http://localhost:3060/api/products/updates?clientId=mrus2y4gw:0
[ 2279101ms] [ERROR] SSE connection error: Event @ webpack-internal:///(app-pages-browser)/./node_modules/next/dist/next-devtools/userspace/app/errors/intercept-console-error.js:56
[ 2279102ms] [ERROR] Failed to load resource: net::ERR_CONNECTION_REFUSED @ http://localhost:3060/api/products/updates?clientId=1l40w8wuc:0
[ 2279102ms] [ERROR] SSE connection error: Event @ webpack-internal:///(app-pages-browser)/./node_modules/next/dist/next-devtools/userspace/app/errors/intercept-console-error.js:56
[ 2279102ms] [ERROR] Failed to load resource: net::ERR_CONNECTION_REFUSED @ http://localhost:3060/api/products/updates?clientId=mrus2y4gw:0
[ 2282103ms] [ERROR] SSE connection error: Event @ webpack-internal:///(app-pages-browser)/./node_modules/next/dist/next-devtools/userspace/app/errors/intercept-console-error.js:56
[ 2282103ms] [ERROR] Failed to load resource: net::ERR_CONNECTION_REFUSED @ http://localhost:3060/api/products/updates?clientId=1l40w8wuc:0
[ 2282103ms] [ERROR] SSE connection error: Event @ webpack-internal:///(app-pages-browser)/./node_modules/next/dist/next-devtools/userspace/app/errors/intercept-console-error.js:56
[ 2282103ms] [ERROR] Failed to load resource: net::ERR_CONNECTION_REFUSED @ http://localhost:3060/api/products/updates?clientId=mrus2y4gw:0
[ 2285105ms] [ERROR] SSE connection error: Event @ webpack-internal:///(app-pages-browser)/./node_modules/next/dist/next-devtools/userspace/app/errors/intercept-console-error.js:56
[ 2285105ms] [ERROR] Failed to load resource: net::ERR_CONNECTION_REFUSED @ http://localhost:3060/api/products/updates?clientId=1l40w8wuc:0
[ 2285105ms] [ERROR] SSE connection error: Event @ webpack-internal:///(app-pages-browser)/./node_modules/next/dist/next-devtools/userspace/app/errors/intercept-console-error.js:56
[ 2285105ms] [ERROR] Failed to load resource: net::ERR_CONNECTION_REFUSED @ http://localhost:3060/api/products/updates?clientId=mrus2y4gw:0
[ 2288109ms] [ERROR] SSE connection error: Event @ webpack-internal:///(app-pages-browser)/./node_modules/next/dist/next-devtools/userspace/app/errors/intercept-console-error.js:56
[ 2288109ms] [ERROR] Failed to load resource: net::ERR_CONNECTION_REFUSED @ http://localhost:3060/api/products/updates?clientId=1l40w8wuc:0
[ 2288109ms] [ERROR] SSE connection error: Event @ webpack-internal:///(app-pages-browser)/./node_modules/next/dist/next-devtools/userspace/app/errors/intercept-console-error.js:56
[ 2288109ms] [ERROR] Failed to load resource: net::ERR_CONNECTION_REFUSED @ http://localhost:3060/api/products/updates?clientId=mrus2y4gw:0
[ 2291111ms] [ERROR] SSE connection error: Event @ webpack-internal:///(app-pages-browser)/./node_modules/next/dist/next-devtools/userspace/app/errors/intercept-console-error.js:56
[ 2291111ms] [ERROR] Failed to load resource: net::ERR_CONNECTION_REFUSED @ http://localhost:3060/api/products/updates?clientId=1l40w8wuc:0
[ 2291111ms] [ERROR] SSE connection error: Event @ webpack-internal:///(app-pages-browser)/./node_modules/next/dist/next-devtools/userspace/app/errors/intercept-console-error.js:56
[ 2291111ms] [ERROR] Failed to load resource: net::ERR_CONNECTION_REFUSED @ http://localhost:3060/api/products/updates?clientId=mrus2y4gw:0
[ 2294113ms] [ERROR] SSE connection error: Event @ webpack-internal:///(app-pages-browser)/./node_modules/next/dist/next-devtools/userspace/app/errors/intercept-console-error.js:56
[ 2294113ms] [ERROR] Failed to load resource: net::ERR_CONNECTION_REFUSED @ http://localhost:3060/api/products/updates?clientId=1l40w8wuc:0
[ 2294113ms] [ERROR] SSE connection error: Event @ webpack-internal:///(app-pages-browser)/./node_modules/next/dist/next-devtools/userspace/app/errors/intercept-console-error.js:56
[ 2294113ms] [ERROR] Failed to load resource: net::ERR_CONNECTION_REFUSED @ http://localhost:3060/api/products/updates?clientId=mrus2y4gw:0
[ 2297115ms] [ERROR] SSE connection error: Event @ webpack-internal:///(app-pages-browser)/./node_modules/next/dist/next-devtools/userspace/app/errors/intercept-console-error.js:56
[ 2297115ms] [ERROR] Failed to load resource: net::ERR_CONNECTION_REFUSED @ http://localhost:3060/api/products/updates?clientId=1l40w8wuc:0
[ 2297115ms] [ERROR] SSE connection error: Event @ webpack-internal:///(app-pages-browser)/./node_modules/next/dist/next-devtools/userspace/app/errors/intercept-console-error.js:56
[ 2297115ms] [ERROR] Failed to load resource: net::ERR_CONNECTION_REFUSED @ http://localhost:3060/api/products/updates?clientId=mrus2y4gw:0
[ 2300117ms] [ERROR] SSE connection error: Event @ webpack-internal:///(app-pages-browser)/./node_modules/next/dist/next-devtools/userspace/app/errors/intercept-console-error.js:56
[ 2300118ms] [ERROR] Failed to load resource: net::ERR_CONNECTION_REFUSED @ http://localhost:3060/api/products/updates?clientId=1l40w8wuc:0
[ 2300118ms] [ERROR] SSE connection error: Event @ webpack-internal:///(app-pages-browser)/./node_modules/next/dist/next-devtools/userspace/app/errors/intercept-console-error.js:56
[ 2300118ms] [ERROR] Failed to load resource: net::ERR_CONNECTION_REFUSED @ http://localhost:3060/api/products/updates?clientId=mrus2y4gw:0
[ 2303120ms] [ERROR] SSE connection error: Event @ webpack-internal:///(app-pages-browser)/./node_modules/next/dist/next-devtools/userspace/app/errors/intercept-console-error.js:56
[ 2303120ms] [ERROR] Failed to load resource: net::ERR_CONNECTION_REFUSED @ http://localhost:3060/api/products/updates?clientId=1l40w8wuc:0
[ 2303120ms] [ERROR] SSE connection error: Event @ webpack-internal:///(app-pages-browser)/./node_modules/next/dist/next-devtools/userspace/app/errors/intercept-console-error.js:56
[ 2303120ms] [ERROR] Failed to load resource: net::ERR_CONNECTION_REFUSED @ http://localhost:3060/api/products/updates?clientId=mrus2y4gw:0
[ 2306125ms] [ERROR] SSE connection error: Event @ webpack-internal:///(app-pages-browser)/./node_modules/next/dist/next-devtools/userspace/app/errors/intercept-console-error.js:56
[ 2306126ms] [ERROR] Failed to load resource: net::ERR_CONNECTION_REFUSED @ http://localhost:3060/api/products/updates?clientId=1l40w8wuc:0
[ 2306126ms] [ERROR] SSE connection error: Event @ webpack-internal:///(app-pages-browser)/./node_modules/next/dist/next-devtools/userspace/app/errors/intercept-console-error.js:56
[ 2306126ms] [ERROR] Failed to load resource: net::ERR_CONNECTION_REFUSED @ http://localhost:3060/api/products/updates?clientId=mrus2y4gw:0
[ 2309126ms] [ERROR] SSE connection error: Event @ webpack-internal:///(app-pages-browser)/./node_modules/next/dist/next-devtools/userspace/app/errors/intercept-console-error.js:56
[ 2309126ms] [ERROR] Failed to load resource: net::ERR_CONNECTION_REFUSED @ http://localhost:3060/api/products/updates?clientId=1l40w8wuc:0
[ 2309128ms] [ERROR] SSE connection error: Event @ webpack-internal:///(app-pages-browser)/./node_modules/next/dist/next-devtools/userspace/app/errors/intercept-console-error.js:56
[ 2309128ms] [ERROR] Failed to load resource: net::ERR_CONNECTION_REFUSED @ http://localhost:3060/api/products/updates?clientId=mrus2y4gw:0
[ 2312128ms] [ERROR] SSE connection error: Event @ webpack-internal:///(app-pages-browser)/./node_modules/next/dist/next-devtools/userspace/app/errors/intercept-console-error.js:56
[ 2312128ms] [ERROR] Failed to load resource: net::ERR_CONNECTION_REFUSED @ http://localhost:3060/api/products/updates?clientId=1l40w8wuc:0
[ 2312129ms] [ERROR] SSE connection error: Event @ webpack-internal:///(app-pages-browser)/./node_modules/next/dist/next-devtools/userspace/app/errors/intercept-console-error.js:56
[ 2312129ms] [ERROR] Failed to load resource: net::ERR_CONNECTION_REFUSED @ http://localhost:3060/api/products/updates?clientId=mrus2y4gw:0
[ 2315130ms] [ERROR] SSE connection error: Event @ webpack-internal:///(app-pages-browser)/./node_modules/next/dist/next-devtools/userspace/app/errors/intercept-console-error.js:56
[ 2315130ms] [ERROR] Failed to load resource: net::ERR_CONNECTION_REFUSED @ http://localhost:3060/api/products/updates?clientId=1l40w8wuc:0
[ 2315130ms] [ERROR] SSE connection error: Event @ webpack-internal:///(app-pages-browser)/./node_modules/next/dist/next-devtools/userspace/app/errors/intercept-console-error.js:56
[ 2315130ms] [ERROR] Failed to load resource: net::ERR_CONNECTION_REFUSED @ http://localhost:3060/api/products/updates?clientId=mrus2y4gw:0
[ 2318134ms] [ERROR] SSE connection error: Event @ webpack-internal:///(app-pages-browser)/./node_modules/next/dist/next-devtools/userspace/app/errors/intercept-console-error.js:56
[ 2318134ms] [ERROR] Failed to load resource: net::ERR_CONNECTION_REFUSED @ http://localhost:3060/api/products/updates?clientId=1l40w8wuc:0
[ 2318135ms] [ERROR] SSE connection error: Event @ webpack-internal:///(app-pages-browser)/./node_modules/next/dist/next-devtools/userspace/app/errors/intercept-console-error.js:56
[ 2318135ms] [ERROR] Failed to load resource: net::ERR_CONNECTION_REFUSED @ http://localhost:3060/api/products/updates?clientId=mrus2y4gw:0
[ 2321135ms] [ERROR] SSE connection error: Event @ webpack-internal:///(app-pages-browser)/./node_modules/next/dist/next-devtools/userspace/app/errors/intercept-console-error.js:56
[ 2321136ms] [ERROR] Failed to load resource: net::ERR_CONNECTION_REFUSED @ http://localhost:3060/api/products/updates?clientId=1l40w8wuc:0
[ 2321136ms] [ERROR] SSE connection error: Event @ webpack-internal:///(app-pages-browser)/./node_modules/next/dist/next-devtools/userspace/app/errors/intercept-console-error.js:56
[ 2321136ms] [ERROR] Failed to load resource: net::ERR_CONNECTION_REFUSED @ http://localhost:3060/api/products/updates?clientId=mrus2y4gw:0
[ 2324138ms] [ERROR] SSE connection error: Event @ webpack-internal:///(app-pages-browser)/./node_modules/next/dist/next-devtools/userspace/app/errors/intercept-console-error.js:56
[ 2324139ms] [ERROR] Failed to load resource: net::ERR_CONNECTION_REFUSED @ http://localhost:3060/api/products/updates?clientId=mrus2y4gw:0
[ 2324139ms] [ERROR] SSE connection error: Event @ webpack-internal:///(app-pages-browser)/./node_modules/next/dist/next-devtools/userspace/app/errors/intercept-console-error.js:56
[ 2324139ms] [ERROR] Failed to load resource: net::ERR_CONNECTION_REFUSED @ http://localhost:3060/api/products/updates?clientId=1l40w8wuc:0
[ 2327141ms] [ERROR] SSE connection error: Event @ webpack-internal:///(app-pages-browser)/./node_modules/next/dist/next-devtools/userspace/app/errors/intercept-console-error.js:56
[ 2327142ms] [ERROR] Failed to load resource: net::ERR_CONNECTION_REFUSED @ http://localhost:3060/api/products/updates?clientId=mrus2y4gw:0
[ 2327142ms] [ERROR] SSE connection error: Event @ webpack-internal:///(app-pages-browser)/./node_modules/next/dist/next-devtools/userspace/app/errors/intercept-console-error.js:56
[ 2327142ms] [ERROR] Failed to load resource: net::ERR_CONNECTION_REFUSED @ http://localhost:3060/api/products/updates?clientId=1l40w8wuc:0
[ 2330143ms] [ERROR] SSE connection error: Event @ webpack-internal:///(app-pages-browser)/./node_modules/next/dist/next-devtools/userspace/app/errors/intercept-console-error.js:56
[ 2330143ms] [ERROR] Failed to load resource: net::ERR_CONNECTION_REFUSED @ http://localhost:3060/api/products/updates?clientId=mrus2y4gw:0
[ 2330143ms] [ERROR] SSE connection error: Event @ webpack-internal:///(app-pages-browser)/./node_modules/next/dist/next-devtools/userspace/app/errors/intercept-console-error.js:56
[ 2330143ms] [ERROR] Failed to load resource: net::ERR_CONNECTION_REFUSED @ http://localhost:3060/api/products/updates?clientId=1l40w8wuc:0
[ 2333146ms] [ERROR] SSE connection error: Event @ webpack-internal:///(app-pages-browser)/./node_modules/next/dist/next-devtools/userspace/app/errors/intercept-console-error.js:56
[ 2333146ms] [ERROR] Failed to load resource: net::ERR_CONNECTION_REFUSED @ http://localhost:3060/api/products/updates?clientId=mrus2y4gw:0
[ 2333146ms] [ERROR] SSE connection error: Event @ webpack-internal:///(app-pages-browser)/./node_modules/next/dist/next-devtools/userspace/app/errors/intercept-console-error.js:56
[ 2333147ms] [ERROR] Failed to load resource: net::ERR_CONNECTION_REFUSED @ http://localhost:3060/api/products/updates?clientId=1l40w8wuc:0
[ 2336152ms] [ERROR] SSE connection error: Event @ webpack-internal:///(app-pages-browser)/./node_modules/next/dist/next-devtools/userspace/app/errors/intercept-console-error.js:56
[ 2336153ms] [ERROR] Failed to load resource: net::ERR_CONNECTION_REFUSED @ http://localhost:3060/api/products/updates?clientId=mrus2y4gw:0
[ 2336153ms] [ERROR] SSE connection error: Event @ webpack-internal:///(app-pages-browser)/./node_modules/next/dist/next-devtools/userspace/app/errors/intercept-console-error.js:56
[ 2336154ms] [ERROR] Failed to load resource: net::ERR_CONNECTION_REFUSED @ http://localhost:3060/api/products/updates?clientId=1l40w8wuc:0
[ 2339156ms] [ERROR] SSE connection error: Event @ webpack-internal:///(app-pages-browser)/./node_modules/next/dist/next-devtools/userspace/app/errors/intercept-console-error.js:56
[ 2339156ms] [ERROR] Failed to load resource: net::ERR_CONNECTION_REFUSED @ http://localhost:3060/api/products/updates?clientId=mrus2y4gw:0
[ 2339156ms] [ERROR] SSE connection error: Event @ webpack-internal:///(app-pages-browser)/./node_modules/next/dist/next-devtools/userspace/app/errors/intercept-console-error.js:56
[ 2339156ms] [ERROR] Failed to load resource: net::ERR_CONNECTION_REFUSED @ http://localhost:3060/api/products/updates?clientId=1l40w8wuc:0
[ 2342160ms] [ERROR] SSE connection error: Event @ webpack-internal:///(app-pages-browser)/./node_modules/next/dist/next-devtools/userspace/app/errors/intercept-console-error.js:56
[ 2342160ms] [ERROR] Failed to load resource: net::ERR_CONNECTION_REFUSED @ http://localhost:3060/api/products/updates?clientId=mrus2y4gw:0
[ 2342160ms] [ERROR] SSE connection error: Event @ webpack-internal:///(app-pages-browser)/./node_modules/next/dist/next-devtools/userspace/app/errors/intercept-console-error.js:56
[ 2342160ms] [ERROR] Failed to load resource: net::ERR_CONNECTION_REFUSED @ http://localhost:3060/api/products/updates?clientId=1l40w8wuc:0
[ 2345164ms] [ERROR] SSE connection error: Event @ webpack-internal:///(app-pages-browser)/./node_modules/next/dist/next-devtools/userspace/app/errors/intercept-console-error.js:56
[ 2345164ms] [ERROR] Failed to load resource: net::ERR_CONNECTION_REFUSED @ http://localhost:3060/api/products/updates?clientId=mrus2y4gw:0
[ 2345164ms] [ERROR] SSE connection error: Event @ webpack-internal:///(app-pages-browser)/./node_modules/next/dist/next-devtools/userspace/app/errors/intercept-console-error.js:56
[ 2345165ms] [ERROR] Failed to load resource: net::ERR_CONNECTION_REFUSED @ http://localhost:3060/api/products/updates?clientId=1l40w8wuc:0
[ 2348167ms] [ERROR] SSE connection error: Event @ webpack-internal:///(app-pages-browser)/./node_modules/next/dist/next-devtools/userspace/app/errors/intercept-console-error.js:56
[ 2348168ms] [ERROR] Failed to load resource: net::ERR_CONNECTION_REFUSED @ http://localhost:3060/api/products/updates?clientId=mrus2y4gw:0
[ 2348168ms] [ERROR] SSE connection error: Event @ webpack-internal:///(app-pages-browser)/./node_modules/next/dist/next-devtools/userspace/app/errors/intercept-console-error.js:56
[ 2348168ms] [ERROR] Failed to load resource: net::ERR_CONNECTION_REFUSED @ http://localhost:3060/api/products/updates?clientId=1l40w8wuc:0
[ 2351170ms] [ERROR] SSE connection error: Event @ webpack-internal:///(app-pages-browser)/./node_modules/next/dist/next-devtools/userspace/app/errors/intercept-console-error.js:56
[ 2351170ms] [ERROR] Failed to load resource: net::ERR_CONNECTION_REFUSED @ http://localhost:3060/api/products/updates?clientId=mrus2y4gw:0
[ 2351170ms] [ERROR] SSE connection error: Event @ webpack-internal:///(app-pages-browser)/./node_modules/next/dist/next-devtools/userspace/app/errors/intercept-console-error.js:56
[ 2351170ms] [ERROR] Failed to load resource: net::ERR_CONNECTION_REFUSED @ http://localhost:3060/api/products/updates?clientId=1l40w8wuc:0
[ 2354172ms] [ERROR] SSE connection error: Event @ webpack-internal:///(app-pages-browser)/./node_modules/next/dist/next-devtools/userspace/app/errors/intercept-console-error.js:56
[ 2354172ms] [ERROR] Failed to load resource: net::ERR_CONNECTION_REFUSED @ http://localhost:3060/api/products/updates?clientId=mrus2y4gw:0
[ 2354172ms] [ERROR] SSE connection error: Event @ webpack-internal:///(app-pages-browser)/./node_modules/next/dist/next-devtools/userspace/app/errors/intercept-console-error.js:56
[ 2354172ms] [ERROR] Failed to load resource: net::ERR_CONNECTION_REFUSED @ http://localhost:3060/api/products/updates?clientId=1l40w8wuc:0
[ 2357175ms] [ERROR] SSE connection error: Event @ webpack-internal:///(app-pages-browser)/./node_modules/next/dist/next-devtools/userspace/app/errors/intercept-console-error.js:56
[ 2357175ms] [ERROR] Failed to load resource: net::ERR_CONNECTION_REFUSED @ http://localhost:3060/api/products/updates?clientId=mrus2y4gw:0
[ 2357175ms] [ERROR] SSE connection error: Event @ webpack-internal:///(app-pages-browser)/./node_modules/next/dist/next-devtools/userspace/app/errors/intercept-console-error.js:56
[ 2357175ms] [ERROR] Failed to load resource: net::ERR_CONNECTION_REFUSED @ http://localhost:3060/api/products/updates?clientId=1l40w8wuc:0
[ 2360177ms] [ERROR] SSE connection error: Event @ webpack-internal:///(app-pages-browser)/./node_modules/next/dist/next-devtools/userspace/app/errors/intercept-console-error.js:56
[ 2360177ms] [ERROR] Failed to load resource: net::ERR_CONNECTION_REFUSED @ http://localhost:3060/api/products/updates?clientId=mrus2y4gw:0
[ 2360177ms] [ERROR] SSE connection error: Event @ webpack-internal:///(app-pages-browser)/./node_modules/next/dist/next-devtools/userspace/app/errors/intercept-console-error.js:56
[ 2360178ms] [ERROR] Failed to load resource: net::ERR_CONNECTION_REFUSED @ http://localhost:3060/api/products/updates?clientId=1l40w8wuc:0
[ 2363180ms] [ERROR] SSE connection error: Event @ webpack-internal:///(app-pages-browser)/./node_modules/next/dist/next-devtools/userspace/app/errors/intercept-console-error.js:56
[ 2363180ms] [ERROR] Failed to load resource: net::ERR_CONNECTION_REFUSED @ http://localhost:3060/api/products/updates?clientId=mrus2y4gw:0
[ 2363180ms] [ERROR] SSE connection error: Event @ webpack-internal:///(app-pages-browser)/./node_modules/next/dist/next-devtools/userspace/app/errors/intercept-console-error.js:56
[ 2363180ms] [ERROR] Failed to load resource: net::ERR_CONNECTION_REFUSED @ http://localhost:3060/api/products/updates?clientId=1l40w8wuc:0
[ 2366188ms] [ERROR] SSE connection error: Event @ webpack-internal:///(app-pages-browser)/./node_modules/next/dist/next-devtools/userspace/app/errors/intercept-console-error.js:56
[ 2366189ms] [ERROR] Failed to load resource: net::ERR_CONNECTION_REFUSED @ http://localhost:3060/api/products/updates?clientId=mrus2y4gw:0
[ 2366189ms] [ERROR] SSE connection error: Event @ webpack-internal:///(app-pages-browser)/./node_modules/next/dist/next-devtools/userspace/app/errors/intercept-console-error.js:56
[ 2366189ms] [ERROR] Failed to load resource: net::ERR_CONNECTION_REFUSED @ http://localhost:3060/api/products/updates?clientId=1l40w8wuc:0
[ 2369193ms] [ERROR] SSE connection error: Event @ webpack-internal:///(app-pages-browser)/./node_modules/next/dist/next-devtools/userspace/app/errors/intercept-console-error.js:56
[ 2369194ms] [ERROR] Failed to load resource: net::ERR_CONNECTION_REFUSED @ http://localhost:3060/api/products/updates?clientId=mrus2y4gw:0
[ 2369194ms] [ERROR] SSE connection error: Event @ webpack-internal:///(app-pages-browser)/./node_modules/next/dist/next-devtools/userspace/app/errors/intercept-console-error.js:56
[ 2369195ms] [ERROR] Failed to load resource: net::ERR_CONNECTION_REFUSED @ http://localhost:3060/api/products/updates?clientId=1l40w8wuc:0
[ 2372196ms] [ERROR] SSE connection error: Event @ webpack-internal:///(app-pages-browser)/./node_modules/next/dist/next-devtools/userspace/app/errors/intercept-console-error.js:56
[ 2372196ms] [ERROR] Failed to load resource: net::ERR_CONNECTION_REFUSED @ http://localhost:3060/api/products/updates?clientId=mrus2y4gw:0
[ 2372197ms] [ERROR] SSE connection error: Event @ webpack-internal:///(app-pages-browser)/./node_modules/next/dist/next-devtools/userspace/app/errors/intercept-console-error.js:56
[ 2372197ms] [ERROR] Failed to load resource: net::ERR_CONNECTION_REFUSED @ http://localhost:3060/api/products/updates?clientId=1l40w8wuc:0
[ 2375200ms] [ERROR] SSE connection error: Event @ webpack-internal:///(app-pages-browser)/./node_modules/next/dist/next-devtools/userspace/app/errors/intercept-console-error.js:56
[ 2375200ms] [ERROR] Failed to load resource: net::ERR_CONNECTION_REFUSED @ http://localhost:3060/api/products/updates?clientId=mrus2y4gw:0
[ 2375200ms] [ERROR] SSE connection error: Event @ webpack-internal:///(app-pages-browser)/./node_modules/next/dist/next-devtools/userspace/app/errors/intercept-console-error.js:56
[ 2375200ms] [ERROR] Failed to load resource: net::ERR_CONNECTION_REFUSED @ http://localhost:3060/api/products/updates?clientId=1l40w8wuc:0
[ 2378203ms] [ERROR] SSE connection error: Event @ webpack-internal:///(app-pages-browser)/./node_modules/next/dist/next-devtools/userspace/app/errors/intercept-console-error.js:56
[ 2378203ms] [ERROR] Failed to load resource: net::ERR_CONNECTION_REFUSED @ http://localhost:3060/api/products/updates?clientId=mrus2y4gw:0
[ 2378203ms] [ERROR] SSE connection error: Event @ webpack-internal:///(app-pages-browser)/./node_modules/next/dist/next-devtools/userspace/app/errors/intercept-console-error.js:56
[ 2378203ms] [ERROR] Failed to load resource: net::ERR_CONNECTION_REFUSED @ http://localhost:3060/api/products/updates?clientId=1l40w8wuc:0
[ 2381206ms] [ERROR] SSE connection error: Event @ webpack-internal:///(app-pages-browser)/./node_modules/next/dist/next-devtools/userspace/app/errors/intercept-console-error.js:56
[ 2381206ms] [ERROR] Failed to load resource: net::ERR_CONNECTION_REFUSED @ http://localhost:3060/api/products/updates?clientId=mrus2y4gw:0
[ 2381207ms] [ERROR] SSE connection error: Event @ webpack-internal:///(app-pages-browser)/./node_modules/next/dist/next-devtools/userspace/app/errors/intercept-console-error.js:56
[ 2381207ms] [ERROR] Failed to load resource: net::ERR_CONNECTION_REFUSED @ http://localhost:3060/api/products/updates?clientId=1l40w8wuc:0
[ 2384210ms] [ERROR] SSE connection error: Event @ webpack-internal:///(app-pages-browser)/./node_modules/next/dist/next-devtools/userspace/app/errors/intercept-console-error.js:56
[ 2384210ms] [ERROR] Failed to load resource: net::ERR_CONNECTION_REFUSED @ http://localhost:3060/api/products/updates?clientId=mrus2y4gw:0
[ 2384210ms] [ERROR] SSE connection error: Event @ webpack-internal:///(app-pages-browser)/./node_modules/next/dist/next-devtools/userspace/app/errors/intercept-console-error.js:56
[ 2384210ms] [ERROR] Failed to load resource: net::ERR_CONNECTION_REFUSED @ http://localhost:3060/api/products/updates?clientId=1l40w8wuc:0
[ 2387212ms] [ERROR] SSE connection error: Event @ webpack-internal:///(app-pages-browser)/./node_modules/next/dist/next-devtools/userspace/app/errors/intercept-console-error.js:56
[ 2387212ms] [ERROR] Failed to load resource: net::ERR_CONNECTION_REFUSED @ http://localhost:3060/api/products/updates?clientId=mrus2y4gw:0
[ 2387212ms] [ERROR] SSE connection error: Event @ webpack-internal:///(app-pages-browser)/./node_modules/next/dist/next-devtools/userspace/app/errors/intercept-console-error.js:56
[ 2387212ms] [ERROR] Failed to load resource: net::ERR_CONNECTION_REFUSED @ http://localhost:3060/api/products/updates?clientId=1l40w8wuc:0
[ 2390215ms] [ERROR] SSE connection error: Event @ webpack-internal:///(app-pages-browser)/./node_modules/next/dist/next-devtools/userspace/app/errors/intercept-console-error.js:56
[ 2390215ms] [ERROR] Failed to load resource: net::ERR_CONNECTION_REFUSED @ http://localhost:3060/api/products/updates?clientId=mrus2y4gw:0
[ 2390215ms] [ERROR] SSE connection error: Event @ webpack-internal:///(app-pages-browser)/./node_modules/next/dist/next-devtools/userspace/app/errors/intercept-console-error.js:56
[ 2390215ms] [ERROR] Failed to load resource: net::ERR_CONNECTION_REFUSED @ http://localhost:3060/api/products/updates?clientId=1l40w8wuc:0
[ 2393217ms] [ERROR] SSE connection error: Event @ webpack-internal:///(app-pages-browser)/./node_modules/next/dist/next-devtools/userspace/app/errors/intercept-console-error.js:56
[ 2393217ms] [ERROR] Failed to load resource: net::ERR_CONNECTION_REFUSED @ http://localhost:3060/api/products/updates?clientId=mrus2y4gw:0
[ 2393218ms] [ERROR] SSE connection error: Event @ webpack-internal:///(app-pages-browser)/./node_modules/next/dist/next-devtools/userspace/app/errors/intercept-console-error.js:56
[ 2393218ms] [ERROR] Failed to load resource: net::ERR_CONNECTION_REFUSED @ http://localhost:3060/api/products/updates?clientId=1l40w8wuc:0
[ 2396220ms] [ERROR] SSE connection error: Event @ webpack-internal:///(app-pages-browser)/./node_modules/next/dist/next-devtools/userspace/app/errors/intercept-console-error.js:56
[ 2396220ms] [ERROR] Failed to load resource: net::ERR_CONNECTION_REFUSED @ http://localhost:3060/api/products/updates?clientId=mrus2y4gw:0
[ 2396220ms] [ERROR] SSE connection error: Event @ webpack-internal:///(app-pages-browser)/./node_modules/next/dist/next-devtools/userspace/app/errors/intercept-console-error.js:56
[ 2396221ms] [ERROR] Failed to load resource: net::ERR_CONNECTION_REFUSED @ http://localhost:3060/api/products/updates?clientId=1l40w8wuc:0
[ 2399223ms] [ERROR] SSE connection error: Event @ webpack-internal:///(app-pages-browser)/./node_modules/next/dist/next-devtools/userspace/app/errors/intercept-console-error.js:56
[ 2399224ms] [ERROR] Failed to load resource: net::ERR_CONNECTION_REFUSED @ http://localhost:3060/api/products/updates?clientId=mrus2y4gw:0
[ 2399224ms] [ERROR] SSE connection error: Event @ webpack-internal:///(app-pages-browser)/./node_modules/next/dist/next-devtools/userspace/app/errors/intercept-console-error.js:56
[ 2399224ms] [ERROR] Failed to load resource: net::ERR_CONNECTION_REFUSED @ http://localhost:3060/api/products/updates?clientId=1l40w8wuc:0
[ 2402225ms] [ERROR] SSE connection error: Event @ webpack-internal:///(app-pages-browser)/./node_modules/next/dist/next-devtools/userspace/app/errors/intercept-console-error.js:56
[ 2402225ms] [ERROR] Failed to load resource: net::ERR_CONNECTION_REFUSED @ http://localhost:3060/api/products/updates?clientId=mrus2y4gw:0
[ 2402225ms] [ERROR] SSE connection error: Event @ webpack-internal:///(app-pages-browser)/./node_modules/next/dist/next-devtools/userspace/app/errors/intercept-console-error.js:56
[ 2402225ms] [ERROR] Failed to load resource: net::ERR_CONNECTION_REFUSED @ http://localhost:3060/api/products/updates?clientId=1l40w8wuc:0
[ 2405228ms] [ERROR] SSE connection error: Event @ webpack-internal:///(app-pages-browser)/./node_modules/next/dist/next-devtools/userspace/app/errors/intercept-console-error.js:56
[ 2405228ms] [ERROR] Failed to load resource: net::ERR_CONNECTION_REFUSED @ http://localhost:3060/api/products/updates?clientId=mrus2y4gw:0
[ 2405229ms] [ERROR] SSE connection error: Event @ webpack-internal:///(app-pages-browser)/./node_modules/next/dist/next-devtools/userspace/app/errors/intercept-console-error.js:56
[ 2405229ms] [ERROR] Failed to load resource: net::ERR_CONNECTION_REFUSED @ http://localhost:3060/api/products/updates?clientId=1l40w8wuc:0
[ 2408233ms] [ERROR] SSE connection error: Event @ webpack-internal:///(app-pages-browser)/./node_modules/next/dist/next-devtools/userspace/app/errors/intercept-console-error.js:56
[ 2408233ms] [ERROR] Failed to load resource: net::ERR_CONNECTION_REFUSED @ http://localhost:3060/api/products/updates?clientId=mrus2y4gw:0
[ 2408233ms] [ERROR] SSE connection error: Event @ webpack-internal:///(app-pages-browser)/./node_modules/next/dist/next-devtools/userspace/app/errors/intercept-console-error.js:56
[ 2408233ms] [ERROR] Failed to load resource: net::ERR_CONNECTION_REFUSED @ http://localhost:3060/api/products/updates?clientId=1l40w8wuc:0
[ 2411235ms] [ERROR] SSE connection error: Event @ webpack-internal:///(app-pages-browser)/./node_modules/next/dist/next-devtools/userspace/app/errors/intercept-console-error.js:56
[ 2411235ms] [ERROR] Failed to load resource: net::ERR_CONNECTION_REFUSED @ http://localhost:3060/api/products/updates?clientId=mrus2y4gw:0
[ 2411235ms] [ERROR] SSE connection error: Event @ webpack-internal:///(app-pages-browser)/./node_modules/next/dist/next-devtools/userspace/app/errors/intercept-console-error.js:56
[ 2411235ms] [ERROR] Failed to load resource: net::ERR_CONNECTION_REFUSED @ http://localhost:3060/api/products/updates?clientId=1l40w8wuc:0
[ 2414238ms] [ERROR] SSE connection error: Event @ webpack-internal:///(app-pages-browser)/./node_modules/next/dist/next-devtools/userspace/app/errors/intercept-console-error.js:56
[ 2414238ms] [ERROR] Failed to load resource: net::ERR_CONNECTION_REFUSED @ http://localhost:3060/api/products/updates?clientId=mrus2y4gw:0
[ 2414239ms] [ERROR] SSE connection error: Event @ webpack-internal:///(app-pages-browser)/./node_modules/next/dist/next-devtools/userspace/app/errors/intercept-console-error.js:56
[ 2414239ms] [ERROR] Failed to load resource: net::ERR_CONNECTION_REFUSED @ http://localhost:3060/api/products/updates?clientId=1l40w8wuc:0
[ 2417247ms] [ERROR] SSE connection error: Event @ webpack-internal:///(app-pages-browser)/./node_modules/next/dist/next-devtools/userspace/app/errors/intercept-console-error.js:56
[ 2417248ms] [ERROR] Failed to load resource: net::ERR_CONNECTION_REFUSED @ http://localhost:3060/api/products/updates?clientId=mrus2y4gw:0
[ 2417248ms] [ERROR] SSE connection error: Event @ webpack-internal:///(app-pages-browser)/./node_modules/next/dist/next-devtools/userspace/app/errors/intercept-console-error.js:56
[ 2417249ms] [ERROR] Failed to load resource: net::ERR_CONNECTION_REFUSED @ http://localhost:3060/api/products/updates?clientId=1l40w8wuc:0
[ 2420259ms] [ERROR] SSE connection error: Event @ webpack-internal:///(app-pages-browser)/./node_modules/next/dist/next-devtools/userspace/app/errors/intercept-console-error.js:56
[ 2420261ms] [ERROR] Failed to load resource: net::ERR_CONNECTION_REFUSED @ http://localhost:3060/api/products/updates?clientId=mrus2y4gw:0
[ 2420261ms] [ERROR] SSE connection error: Event @ webpack-internal:///(app-pages-browser)/./node_modules/next/dist/next-devtools/userspace/app/errors/intercept-console-error.js:56
[ 2420262ms] [ERROR] Failed to load resource: net::ERR_CONNECTION_REFUSED @ http://localhost:3060/api/products/updates?clientId=1l40w8wuc:0
[ 2423269ms] [ERROR] SSE connection error: Event @ webpack-internal:///(app-pages-browser)/./node_modules/next/dist/next-devtools/userspace/app/errors/intercept-console-error.js:56
[ 2423269ms] [ERROR] Failed to load resource: net::ERR_CONNECTION_REFUSED @ http://localhost:3060/api/products/updates?clientId=mrus2y4gw:0
[ 2423269ms] [ERROR] SSE connection error: Event @ webpack-internal:///(app-pages-browser)/./node_modules/next/dist/next-devtools/userspace/app/errors/intercept-console-error.js:56
[ 2423269ms] [ERROR] Failed to load resource: net::ERR_CONNECTION_REFUSED @ http://localhost:3060/api/products/updates?clientId=1l40w8wuc:0
[ 2426273ms] [ERROR] SSE connection error: Event @ webpack-internal:///(app-pages-browser)/./node_modules/next/dist/next-devtools/userspace/app/errors/intercept-console-error.js:56
[ 2426277ms] [ERROR] Failed to load resource: net::ERR_CONNECTION_REFUSED @ http://localhost:3060/api/products/updates?clientId=mrus2y4gw:0
[ 2426277ms] [ERROR] SSE connection error: Event @ webpack-internal:///(app-pages-browser)/./node_modules/next/dist/next-devtools/userspace/app/errors/intercept-console-error.js:56
[ 2426277ms] [ERROR] Failed to load resource: net::ERR_CONNECTION_REFUSED @ http://localhost:3060/api/products/updates?clientId=1l40w8wuc:0
[ 2429277ms] [ERROR] SSE connection error: Event @ webpack-internal:///(app-pages-browser)/./node_modules/next/dist/next-devtools/userspace/app/errors/intercept-console-error.js:56
[ 2429277ms] [ERROR] Failed to load resource: net::ERR_CONNECTION_REFUSED @ http://localhost:3060/api/products/updates?clientId=mrus2y4gw:0
[ 2429279ms] [ERROR] SSE connection error: Event @ webpack-internal:///(app-pages-browser)/./node_modules/next/dist/next-devtools/userspace/app/errors/intercept-console-error.js:56
[ 2429279ms] [ERROR] Failed to load resource: net::ERR_CONNECTION_REFUSED @ http://localhost:3060/api/products/updates?clientId=1l40w8wuc:0
[ 2432280ms] [ERROR] SSE connection error: Event @ webpack-internal:///(app-pages-browser)/./node_modules/next/dist/next-devtools/userspace/app/errors/intercept-console-error.js:56
[ 2432281ms] [ERROR] Failed to load resource: net::ERR_CONNECTION_REFUSED @ http://localhost:3060/api/products/updates?clientId=mrus2y4gw:0
[ 2432281ms] [ERROR] SSE connection error: Event @ webpack-internal:///(app-pages-browser)/./node_modules/next/dist/next-devtools/userspace/app/errors/intercept-console-error.js:56
[ 2432282ms] [ERROR] Failed to load resource: net::ERR_CONNECTION_REFUSED @ http://localhost:3060/api/products/updates?clientId=1l40w8wuc:0
[ 2435290ms] [ERROR] SSE connection error: Event @ webpack-internal:///(app-pages-browser)/./node_modules/next/dist/next-devtools/userspace/app/errors/intercept-console-error.js:56
[ 2435290ms] [ERROR] Failed to load resource: net::ERR_CONNECTION_REFUSED @ http://localhost:3060/api/products/updates?clientId=mrus2y4gw:0
[ 2435290ms] [ERROR] SSE connection error: Event @ webpack-internal:///(app-pages-browser)/./node_modules/next/dist/next-devtools/userspace/app/errors/intercept-console-error.js:56
[ 2435290ms] [ERROR] Failed to load resource: net::ERR_CONNECTION_REFUSED @ http://localhost:3060/api/products/updates?clientId=1l40w8wuc:0
[ 2438293ms] [ERROR] SSE connection error: Event @ webpack-internal:///(app-pages-browser)/./node_modules/next/dist/next-devtools/userspace/app/errors/intercept-console-error.js:56
[ 2438294ms] [ERROR] Failed to load resource: net::ERR_CONNECTION_REFUSED @ http://localhost:3060/api/products/updates?clientId=mrus2y4gw:0
[ 2438294ms] [ERROR] SSE connection error: Event @ webpack-internal:///(app-pages-browser)/./node_modules/next/dist/next-devtools/userspace/app/errors/intercept-console-error.js:56
[ 2438294ms] [ERROR] Failed to load resource: net::ERR_CONNECTION_REFUSED @ http://localhost:3060/api/products/updates?clientId=1l40w8wuc:0
[ 2441296ms] [ERROR] SSE connection error: Event @ webpack-internal:///(app-pages-browser)/./node_modules/next/dist/next-devtools/userspace/app/errors/intercept-console-error.js:56
[ 2441296ms] [ERROR] Failed to load resource: net::ERR_CONNECTION_REFUSED @ http://localhost:3060/api/products/updates?clientId=mrus2y4gw:0
[ 2441296ms] [ERROR] SSE connection error: Event @ webpack-internal:///(app-pages-browser)/./node_modules/next/dist/next-devtools/userspace/app/errors/intercept-console-error.js:56
[ 2441296ms] [ERROR] Failed to load resource: net::ERR_CONNECTION_REFUSED @ http://localhost:3060/api/products/updates?clientId=1l40w8wuc:0
[ 2444303ms] [ERROR] SSE connection error: Event @ webpack-internal:///(app-pages-browser)/./node_modules/next/dist/next-devtools/userspace/app/errors/intercept-console-error.js:56
[ 2444306ms] [ERROR] Failed to load resource: net::ERR_CONNECTION_REFUSED @ http://localhost:3060/api/products/updates?clientId=mrus2y4gw:0
[ 2444306ms] [ERROR] SSE connection error: Event @ webpack-internal:///(app-pages-browser)/./node_modules/next/dist/next-devtools/userspace/app/errors/intercept-console-error.js:56
[ 2444306ms] [ERROR] Failed to load resource: net::ERR_CONNECTION_REFUSED @ http://localhost:3060/api/products/updates?clientId=1l40w8wuc:0
[ 2447310ms] [ERROR] SSE connection error: Event @ webpack-internal:///(app-pages-browser)/./node_modules/next/dist/next-devtools/userspace/app/errors/intercept-console-error.js:56
[ 2447310ms] [ERROR] Failed to load resource: net::ERR_CONNECTION_REFUSED @ http://localhost:3060/api/products/updates?clientId=mrus2y4gw:0
[ 2447310ms] [ERROR] SSE connection error: Event @ webpack-internal:///(app-pages-browser)/./node_modules/next/dist/next-devtools/userspace/app/errors/intercept-console-error.js:56
[ 2447310ms] [ERROR] Failed to load resource: net::ERR_CONNECTION_REFUSED @ http://localhost:3060/api/products/updates?clientId=1l40w8wuc:0
[ 2450313ms] [ERROR] SSE connection error: Event @ webpack-internal:///(app-pages-browser)/./node_modules/next/dist/next-devtools/userspace/app/errors/intercept-console-error.js:56
[ 2450313ms] [ERROR] Failed to load resource: net::ERR_CONNECTION_REFUSED @ http://localhost:3060/api/products/updates?clientId=mrus2y4gw:0
[ 2450313ms] [ERROR] SSE connection error: Event @ webpack-internal:///(app-pages-browser)/./node_modules/next/dist/next-devtools/userspace/app/errors/intercept-console-error.js:56
[ 2450314ms] [ERROR] Failed to load resource: net::ERR_CONNECTION_REFUSED @ http://localhost:3060/api/products/updates?clientId=1l40w8wuc:0
[ 2453318ms] [ERROR] SSE connection error: Event @ webpack-internal:///(app-pages-browser)/./node_modules/next/dist/next-devtools/userspace/app/errors/intercept-console-error.js:56
[ 2453318ms] [ERROR] Failed to load resource: net::ERR_CONNECTION_REFUSED @ http://localhost:3060/api/products/updates?clientId=mrus2y4gw:0
[ 2453318ms] [ERROR] SSE connection error: Event @ webpack-internal:///(app-pages-browser)/./node_modules/next/dist/next-devtools/userspace/app/errors/intercept-console-error.js:56
[ 2453318ms] [ERROR] Failed to load resource: net::ERR_CONNECTION_REFUSED @ http://localhost:3060/api/products/updates?clientId=1l40w8wuc:0
[ 2456321ms] [ERROR] SSE connection error: Event @ webpack-internal:///(app-pages-browser)/./node_modules/next/dist/next-devtools/userspace/app/errors/intercept-console-error.js:56
[ 2456321ms] [ERROR] Failed to load resource: net::ERR_CONNECTION_REFUSED @ http://localhost:3060/api/products/updates?clientId=mrus2y4gw:0
[ 2456321ms] [ERROR] SSE connection error: Event @ webpack-internal:///(app-pages-browser)/./node_modules/next/dist/next-devtools/userspace/app/errors/intercept-console-error.js:56
[ 2456321ms] [ERROR] Failed to load resource: net::ERR_CONNECTION_REFUSED @ http://localhost:3060/api/products/updates?clientId=1l40w8wuc:0
[ 2459325ms] [ERROR] SSE connection error: Event @ webpack-internal:///(app-pages-browser)/./node_modules/next/dist/next-devtools/userspace/app/errors/intercept-console-error.js:56
[ 2459326ms] [ERROR] Failed to load resource: net::ERR_CONNECTION_REFUSED @ http://localhost:3060/api/products/updates?clientId=mrus2y4gw:0
[ 2459326ms] [ERROR] SSE connection error: Event @ webpack-internal:///(app-pages-browser)/./node_modules/next/dist/next-devtools/userspace/app/errors/intercept-console-error.js:56
[ 2459326ms] [ERROR] Failed to load resource: net::ERR_CONNECTION_REFUSED @ http://localhost:3060/api/products/updates?clientId=1l40w8wuc:0
[ 2462328ms] [ERROR] SSE connection error: Event @ webpack-internal:///(app-pages-browser)/./node_modules/next/dist/next-devtools/userspace/app/errors/intercept-console-error.js:56
[ 2462328ms] [ERROR] Failed to load resource: net::ERR_CONNECTION_REFUSED @ http://localhost:3060/api/products/updates?clientId=mrus2y4gw:0
[ 2462329ms] [ERROR] SSE connection error: Event @ webpack-internal:///(app-pages-browser)/./node_modules/next/dist/next-devtools/userspace/app/errors/intercept-console-error.js:56
[ 2462329ms] [ERROR] Failed to load resource: net::ERR_CONNECTION_REFUSED @ http://localhost:3060/api/products/updates?clientId=1l40w8wuc:0
[ 2465331ms] [ERROR] SSE connection error: Event @ webpack-internal:///(app-pages-browser)/./node_modules/next/dist/next-devtools/userspace/app/errors/intercept-console-error.js:56
[ 2465331ms] [ERROR] Failed to load resource: net::ERR_CONNECTION_REFUSED @ http://localhost:3060/api/products/updates?clientId=mrus2y4gw:0
[ 2465331ms] [ERROR] SSE connection error: Event @ webpack-internal:///(app-pages-browser)/./node_modules/next/dist/next-devtools/userspace/app/errors/intercept-console-error.js:56
[ 2465331ms] [ERROR] Failed to load resource: net::ERR_CONNECTION_REFUSED @ http://localhost:3060/api/products/updates?clientId=1l40w8wuc:0
[ 2468334ms] [ERROR] SSE connection error: Event @ webpack-internal:///(app-pages-browser)/./node_modules/next/dist/next-devtools/userspace/app/errors/intercept-console-error.js:56
[ 2468334ms] [ERROR] Failed to load resource: net::ERR_CONNECTION_REFUSED @ http://localhost:3060/api/products/updates?clientId=mrus2y4gw:0
[ 2468334ms] [ERROR] SSE connection error: Event @ webpack-internal:///(app-pages-browser)/./node_modules/next/dist/next-devtools/userspace/app/errors/intercept-console-error.js:56
[ 2468334ms] [ERROR] Failed to load resource: net::ERR_CONNECTION_REFUSED @ http://localhost:3060/api/products/updates?clientId=1l40w8wuc:0
[ 2471336ms] [ERROR] SSE connection error: Event @ webpack-internal:///(app-pages-browser)/./node_modules/next/dist/next-devtools/userspace/app/errors/intercept-console-error.js:56
[ 2471336ms] [ERROR] Failed to load resource: net::ERR_CONNECTION_REFUSED @ http://localhost:3060/api/products/updates?clientId=mrus2y4gw:0
[ 2471336ms] [ERROR] SSE connection error: Event @ webpack-internal:///(app-pages-browser)/./node_modules/next/dist/next-devtools/userspace/app/errors/intercept-console-error.js:56
[ 2471337ms] [ERROR] Failed to load resource: net::ERR_CONNECTION_REFUSED @ http://localhost:3060/api/products/updates?clientId=1l40w8wuc:0
[ 2474340ms] [ERROR] SSE connection error: Event @ webpack-internal:///(app-pages-browser)/./node_modules/next/dist/next-devtools/userspace/app/errors/intercept-console-error.js:56
[ 2474341ms] [ERROR] Failed to load resource: net::ERR_CONNECTION_REFUSED @ http://localhost:3060/api/products/updates?clientId=mrus2y4gw:0
[ 2474341ms] [ERROR] SSE connection error: Event @ webpack-internal:///(app-pages-browser)/./node_modules/next/dist/next-devtools/userspace/app/errors/intercept-console-error.js:56
[ 2474341ms] [ERROR] Failed to load resource: net::ERR_CONNECTION_REFUSED @ http://localhost:3060/api/products/updates?clientId=1l40w8wuc:0
[ 2477344ms] [ERROR] SSE connection error: Event @ webpack-internal:///(app-pages-browser)/./node_modules/next/dist/next-devtools/userspace/app/errors/intercept-console-error.js:56
[ 2477344ms] [ERROR] Failed to load resource: net::ERR_CONNECTION_REFUSED @ http://localhost:3060/api/products/updates?clientId=mrus2y4gw:0
[ 2477344ms] [ERROR] SSE connection error: Event @ webpack-internal:///(app-pages-browser)/./node_modules/next/dist/next-devtools/userspace/app/errors/intercept-console-error.js:56
[ 2477344ms] [ERROR] Failed to load resource: net::ERR_CONNECTION_REFUSED @ http://localhost:3060/api/products/updates?clientId=1l40w8wuc:0
[ 2480345ms] [ERROR] SSE connection error: Event @ webpack-internal:///(app-pages-browser)/./node_modules/next/dist/next-devtools/userspace/app/errors/intercept-console-error.js:56
[ 2480345ms] [ERROR] Failed to load resource: net::ERR_CONNECTION_REFUSED @ http://localhost:3060/api/products/updates?clientId=mrus2y4gw:0
[ 2480345ms] [ERROR] SSE connection error: Event @ webpack-internal:///(app-pages-browser)/./node_modules/next/dist/next-devtools/userspace/app/errors/intercept-console-error.js:56
[ 2480345ms] [ERROR] Failed to load resource: net::ERR_CONNECTION_REFUSED @ http://localhost:3060/api/products/updates?clientId=1l40w8wuc:0
[ 2483347ms] [ERROR] SSE connection error: Event @ webpack-internal:///(app-pages-browser)/./node_modules/next/dist/next-devtools/userspace/app/errors/intercept-console-error.js:56
[ 2483348ms] [ERROR] Failed to load resource: net::ERR_CONNECTION_REFUSED @ http://localhost:3060/api/products/updates?clientId=mrus2y4gw:0
[ 2483348ms] [ERROR] SSE connection error: Event @ webpack-internal:///(app-pages-browser)/./node_modules/next/dist/next-devtools/userspace/app/errors/intercept-console-error.js:56
[ 2483348ms] [ERROR] Failed to load resource: net::ERR_CONNECTION_REFUSED @ http://localhost:3060/api/products/updates?clientId=1l40w8wuc:0
[ 2486352ms] [ERROR] SSE connection error: Event @ webpack-internal:///(app-pages-browser)/./node_modules/next/dist/next-devtools/userspace/app/errors/intercept-console-error.js:56
[ 2486352ms] [ERROR] Failed to load resource: net::ERR_CONNECTION_REFUSED @ http://localhost:3060/api/products/updates?clientId=mrus2y4gw:0
[ 2486353ms] [ERROR] SSE connection error: Event @ webpack-internal:///(app-pages-browser)/./node_modules/next/dist/next-devtools/userspace/app/errors/intercept-console-error.js:56
[ 2486353ms] [ERROR] Failed to load resource: net::ERR_CONNECTION_REFUSED @ http://localhost:3060/api/products/updates?clientId=1l40w8wuc:0
[ 2489355ms] [ERROR] SSE connection error: Event @ webpack-internal:///(app-pages-browser)/./node_modules/next/dist/next-devtools/userspace/app/errors/intercept-console-error.js:56
[ 2489355ms] [ERROR] Failed to load resource: net::ERR_CONNECTION_REFUSED @ http://localhost:3060/api/products/updates?clientId=mrus2y4gw:0
[ 2489356ms] [ERROR] SSE connection error: Event @ webpack-internal:///(app-pages-browser)/./node_modules/next/dist/next-devtools/userspace/app/errors/intercept-console-error.js:56
[ 2489356ms] [ERROR] Failed to load resource: net::ERR_CONNECTION_REFUSED @ http://localhost:3060/api/products/updates?clientId=1l40w8wuc:0
[ 2492357ms] [ERROR] SSE connection error: Event @ webpack-internal:///(app-pages-browser)/./node_modules/next/dist/next-devtools/userspace/app/errors/intercept-console-error.js:56
[ 2492358ms] [ERROR] Failed to load resource: net::ERR_CONNECTION_REFUSED @ http://localhost:3060/api/products/updates?clientId=mrus2y4gw:0
[ 2492358ms] [ERROR] SSE connection error: Event @ webpack-internal:///(app-pages-browser)/./node_modules/next/dist/next-devtools/userspace/app/errors/intercept-console-error.js:56
[ 2492359ms] [ERROR] Failed to load resource: net::ERR_CONNECTION_REFUSED @ http://localhost:3060/api/products/updates?clientId=1l40w8wuc:0
[ 2495360ms] [ERROR] SSE connection error: Event @ webpack-internal:///(app-pages-browser)/./node_modules/next/dist/next-devtools/userspace/app/errors/intercept-console-error.js:56
[ 2495361ms] [ERROR] Failed to load resource: net::ERR_CONNECTION_REFUSED @ http://localhost:3060/api/products/updates?clientId=mrus2y4gw:0
[ 2495361ms] [ERROR] SSE connection error: Event @ webpack-internal:///(app-pages-browser)/./node_modules/next/dist/next-devtools/userspace/app/errors/intercept-console-error.js:56
[ 2495361ms] [ERROR] Failed to load resource: net::ERR_CONNECTION_REFUSED @ http://localhost:3060/api/products/updates?clientId=1l40w8wuc:0
[ 2498364ms] [ERROR] SSE connection error: Event @ webpack-internal:///(app-pages-browser)/./node_modules/next/dist/next-devtools/userspace/app/errors/intercept-console-error.js:56
[ 2498364ms] [ERROR] Failed to load resource: net::ERR_CONNECTION_REFUSED @ http://localhost:3060/api/products/updates?clientId=mrus2y4gw:0
[ 2498364ms] [ERROR] SSE connection error: Event @ webpack-internal:///(app-pages-browser)/./node_modules/next/dist/next-devtools/userspace/app/errors/intercept-console-error.js:56
[ 2498364ms] [ERROR] Failed to load resource: net::ERR_CONNECTION_REFUSED @ http://localhost:3060/api/products/updates?clientId=1l40w8wuc:0
[ 2501365ms] [ERROR] SSE connection error: Event @ webpack-internal:///(app-pages-browser)/./node_modules/next/dist/next-devtools/userspace/app/errors/intercept-console-error.js:56
[ 2501365ms] [ERROR] Failed to load resource: net::ERR_CONNECTION_REFUSED @ http://localhost:3060/api/products/updates?clientId=mrus2y4gw:0
[ 2501366ms] [ERROR] SSE connection error: Event @ webpack-internal:///(app-pages-browser)/./node_modules/next/dist/next-devtools/userspace/app/errors/intercept-console-error.js:56
[ 2501366ms] [ERROR] Failed to load resource: net::ERR_CONNECTION_REFUSED @ http://localhost:3060/api/products/updates?clientId=1l40w8wuc:0
[ 2504368ms] [ERROR] SSE connection error: Event @ webpack-internal:///(app-pages-browser)/./node_modules/next/dist/next-devtools/userspace/app/errors/intercept-console-error.js:56
[ 2504368ms] [ERROR] Failed to load resource: net::ERR_CONNECTION_REFUSED @ http://localhost:3060/api/products/updates?clientId=mrus2y4gw:0
[ 2504368ms] [ERROR] SSE connection error: Event @ webpack-internal:///(app-pages-browser)/./node_modules/next/dist/next-devtools/userspace/app/errors/intercept-console-error.js:56
[ 2504368ms] [ERROR] Failed to load resource: net::ERR_CONNECTION_REFUSED @ http://localhost:3060/api/products/updates?clientId=1l40w8wuc:0
[ 2507370ms] [ERROR] SSE connection error: Event @ webpack-internal:///(app-pages-browser)/./node_modules/next/dist/next-devtools/userspace/app/errors/intercept-console-error.js:56
[ 2507370ms] [ERROR] Failed to load resource: net::ERR_CONNECTION_REFUSED @ http://localhost:3060/api/products/updates?clientId=mrus2y4gw:0
[ 2507370ms] [ERROR] SSE connection error: Event @ webpack-internal:///(app-pages-browser)/./node_modules/next/dist/next-devtools/userspace/app/errors/intercept-console-error.js:56
[ 2507370ms] [ERROR] Failed to load resource: net::ERR_CONNECTION_REFUSED @ http://localhost:3060/api/products/updates?clientId=1l40w8wuc:0
[ 2510372ms] [ERROR] SSE connection error: Event @ webpack-internal:///(app-pages-browser)/./node_modules/next/dist/next-devtools/userspace/app/errors/intercept-console-error.js:56
[ 2510372ms] [ERROR] Failed to load resource: net::ERR_CONNECTION_REFUSED @ http://localhost:3060/api/products/updates?clientId=mrus2y4gw:0
[ 2510372ms] [ERROR] SSE connection error: Event @ webpack-internal:///(app-pages-browser)/./node_modules/next/dist/next-devtools/userspace/app/errors/intercept-console-error.js:56
[ 2510372ms] [ERROR] Failed to load resource: net::ERR_CONNECTION_REFUSED @ http://localhost:3060/api/products/updates?clientId=1l40w8wuc:0
[ 2513376ms] [ERROR] SSE connection error: Event @ webpack-internal:///(app-pages-browser)/./node_modules/next/dist/next-devtools/userspace/app/errors/intercept-console-error.js:56
[ 2513376ms] [ERROR] Failed to load resource: net::ERR_CONNECTION_REFUSED @ http://localhost:3060/api/products/updates?clientId=mrus2y4gw:0
[ 2513376ms] [ERROR] SSE connection error: Event @ webpack-internal:///(app-pages-browser)/./node_modules/next/dist/next-devtools/userspace/app/errors/intercept-console-error.js:56
[ 2513376ms] [ERROR] Failed to load resource: net::ERR_CONNECTION_REFUSED @ http://localhost:3060/api/products/updates?clientId=1l40w8wuc:0
[ 2516378ms] [ERROR] SSE connection error: Event @ webpack-internal:///(app-pages-browser)/./node_modules/next/dist/next-devtools/userspace/app/errors/intercept-console-error.js:56
[ 2516378ms] [ERROR] Failed to load resource: net::ERR_CONNECTION_REFUSED @ http://localhost:3060/api/products/updates?clientId=mrus2y4gw:0
[ 2516379ms] [ERROR] SSE connection error: Event @ webpack-internal:///(app-pages-browser)/./node_modules/next/dist/next-devtools/userspace/app/errors/intercept-console-error.js:56
[ 2516379ms] [ERROR] Failed to load resource: net::ERR_CONNECTION_REFUSED @ http://localhost:3060/api/products/updates?clientId=1l40w8wuc:0
[ 2519381ms] [ERROR] SSE connection error: Event @ webpack-internal:///(app-pages-browser)/./node_modules/next/dist/next-devtools/userspace/app/errors/intercept-console-error.js:56
[ 2519381ms] [ERROR] Failed to load resource: net::ERR_CONNECTION_REFUSED @ http://localhost:3060/api/products/updates?clientId=mrus2y4gw:0
[ 2519381ms] [ERROR] SSE connection error: Event @ webpack-internal:///(app-pages-browser)/./node_modules/next/dist/next-devtools/userspace/app/errors/intercept-console-error.js:56
[ 2519381ms] [ERROR] Failed to load resource: net::ERR_CONNECTION_REFUSED @ http://localhost:3060/api/products/updates?clientId=1l40w8wuc:0
[ 2522383ms] [ERROR] SSE connection error: Event @ webpack-internal:///(app-pages-browser)/./node_modules/next/dist/next-devtools/userspace/app/errors/intercept-console-error.js:56
[ 2522383ms] [ERROR] Failed to load resource: net::ERR_CONNECTION_REFUSED @ http://localhost:3060/api/products/updates?clientId=mrus2y4gw:0
[ 2522383ms] [ERROR] SSE connection error: Event @ webpack-internal:///(app-pages-browser)/./node_modules/next/dist/next-devtools/userspace/app/errors/intercept-console-error.js:56
[ 2522383ms] [ERROR] Failed to load resource: net::ERR_CONNECTION_REFUSED @ http://localhost:3060/api/products/updates?clientId=1l40w8wuc:0
[ 2525385ms] [ERROR] SSE connection error: Event @ webpack-internal:///(app-pages-browser)/./node_modules/next/dist/next-devtools/userspace/app/errors/intercept-console-error.js:56
[ 2525385ms] [ERROR] Failed to load resource: net::ERR_CONNECTION_REFUSED @ http://localhost:3060/api/products/updates?clientId=mrus2y4gw:0
[ 2525385ms] [ERROR] SSE connection error: Event @ webpack-internal:///(app-pages-browser)/./node_modules/next/dist/next-devtools/userspace/app/errors/intercept-console-error.js:56
[ 2525386ms] [ERROR] Failed to load resource: net::ERR_CONNECTION_REFUSED @ http://localhost:3060/api/products/updates?clientId=1l40w8wuc:0
[ 2528387ms] [ERROR] SSE connection error: Event @ webpack-internal:///(app-pages-browser)/./node_modules/next/dist/next-devtools/userspace/app/errors/intercept-console-error.js:56
[ 2528388ms] [ERROR] Failed to load resource: net::ERR_CONNECTION_REFUSED @ http://localhost:3060/api/products/updates?clientId=mrus2y4gw:0
[ 2528388ms] [ERROR] SSE connection error: Event @ webpack-internal:///(app-pages-browser)/./node_modules/next/dist/next-devtools/userspace/app/errors/intercept-console-error.js:56
[ 2528388ms] [ERROR] Failed to load resource: net::ERR_CONNECTION_REFUSED @ http://localhost:3060/api/products/updates?clientId=1l40w8wuc:0
[ 2531390ms] [ERROR] SSE connection error: Event @ webpack-internal:///(app-pages-browser)/./node_modules/next/dist/next-devtools/userspace/app/errors/intercept-console-error.js:56
[ 2531390ms] [ERROR] Failed to load resource: net::ERR_CONNECTION_REFUSED @ http://localhost:3060/api/products/updates?clientId=mrus2y4gw:0
[ 2531390ms] [ERROR] SSE connection error: Event @ webpack-internal:///(app-pages-browser)/./node_modules/next/dist/next-devtools/userspace/app/errors/intercept-console-error.js:56
[ 2531390ms] [ERROR] Failed to load resource: net::ERR_CONNECTION_REFUSED @ http://localhost:3060/api/products/updates?clientId=1l40w8wuc:0
[ 2534392ms] [ERROR] SSE connection error: Event @ webpack-internal:///(app-pages-browser)/./node_modules/next/dist/next-devtools/userspace/app/errors/intercept-console-error.js:56
[ 2534392ms] [ERROR] Failed to load resource: net::ERR_CONNECTION_REFUSED @ http://localhost:3060/api/products/updates?clientId=mrus2y4gw:0
[ 2534392ms] [ERROR] SSE connection error: Event @ webpack-internal:///(app-pages-browser)/./node_modules/next/dist/next-devtools/userspace/app/errors/intercept-console-error.js:56
[ 2534392ms] [ERROR] Failed to load resource: net::ERR_CONNECTION_REFUSED @ http://localhost:3060/api/products/updates?clientId=1l40w8wuc:0
[ 2537393ms] [ERROR] SSE connection error: Event @ webpack-internal:///(app-pages-browser)/./node_modules/next/dist/next-devtools/userspace/app/errors/intercept-console-error.js:56
[ 2537393ms] [ERROR] Failed to load resource: net::ERR_CONNECTION_REFUSED @ http://localhost:3060/api/products/updates?clientId=mrus2y4gw:0
[ 2537393ms] [ERROR] SSE connection error: Event @ webpack-internal:///(app-pages-browser)/./node_modules/next/dist/next-devtools/userspace/app/errors/intercept-console-error.js:56
[ 2537394ms] [ERROR] Failed to load resource: net::ERR_CONNECTION_REFUSED @ http://localhost:3060/api/products/updates?clientId=1l40w8wuc:0
[ 2540397ms] [ERROR] SSE connection error: Event @ webpack-internal:///(app-pages-browser)/./node_modules/next/dist/next-devtools/userspace/app/errors/intercept-console-error.js:56
[ 2540397ms] [ERROR] Failed to load resource: net::ERR_CONNECTION_REFUSED @ http://localhost:3060/api/products/updates?clientId=mrus2y4gw:0
[ 2540397ms] [ERROR] SSE connection error: Event @ webpack-internal:///(app-pages-browser)/./node_modules/next/dist/next-devtools/userspace/app/errors/intercept-console-error.js:56
[ 2540397ms] [ERROR] Failed to load resource: net::ERR_CONNECTION_REFUSED @ http://localhost:3060/api/products/updates?clientId=1l40w8wuc:0
[ 2543400ms] [ERROR] SSE connection error: Event @ webpack-internal:///(app-pages-browser)/./node_modules/next/dist/next-devtools/userspace/app/errors/intercept-console-error.js:56
[ 2543400ms] [ERROR] Failed to load resource: net::ERR_CONNECTION_REFUSED @ http://localhost:3060/api/products/updates?clientId=mrus2y4gw:0
[ 2543400ms] [ERROR] SSE connection error: Event @ webpack-internal:///(app-pages-browser)/./node_modules/next/dist/next-devtools/userspace/app/errors/intercept-console-error.js:56
[ 2543400ms] [ERROR] Failed to load resource: net::ERR_CONNECTION_REFUSED @ http://localhost:3060/api/products/updates?clientId=1l40w8wuc:0
[ 2546405ms] [ERROR] SSE connection error: Event @ webpack-internal:///(app-pages-browser)/./node_modules/next/dist/next-devtools/userspace/app/errors/intercept-console-error.js:56
[ 2546405ms] [ERROR] Failed to load resource: net::ERR_CONNECTION_REFUSED @ http://localhost:3060/api/products/updates?clientId=mrus2y4gw:0
[ 2546406ms] [ERROR] SSE connection error: Event @ webpack-internal:///(app-pages-browser)/./node_modules/next/dist/next-devtools/userspace/app/errors/intercept-console-error.js:56
[ 2546406ms] [ERROR] Failed to load resource: net::ERR_CONNECTION_REFUSED @ http://localhost:3060/api/products/updates?clientId=1l40w8wuc:0
[ 2549407ms] [ERROR] SSE connection error: Event @ webpack-internal:///(app-pages-browser)/./node_modules/next/dist/next-devtools/userspace/app/errors/intercept-console-error.js:56
[ 2549408ms] [ERROR] Failed to load resource: net::ERR_CONNECTION_REFUSED @ http://localhost:3060/api/products/updates?clientId=mrus2y4gw:0
[ 2549408ms] [ERROR] SSE connection error: Event @ webpack-internal:///(app-pages-browser)/./node_modules/next/dist/next-devtools/userspace/app/errors/intercept-console-error.js:56
[ 2549408ms] [ERROR] Failed to load resource: net::ERR_CONNECTION_REFUSED @ http://localhost:3060/api/products/updates?clientId=1l40w8wuc:0
[ 2552410ms] [ERROR] SSE connection error: Event @ webpack-internal:///(app-pages-browser)/./node_modules/next/dist/next-devtools/userspace/app/errors/intercept-console-error.js:56
[ 2552410ms] [ERROR] Failed to load resource: net::ERR_CONNECTION_REFUSED @ http://localhost:3060/api/products/updates?clientId=mrus2y4gw:0
[ 2552410ms] [ERROR] SSE connection error: Event @ webpack-internal:///(app-pages-browser)/./node_modules/next/dist/next-devtools/userspace/app/errors/intercept-console-error.js:56
[ 2552411ms] [ERROR] Failed to load resource: net::ERR_CONNECTION_REFUSED @ http://localhost:3060/api/products/updates?clientId=1l40w8wuc:0
[ 2555413ms] [ERROR] SSE connection error: Event @ webpack-internal:///(app-pages-browser)/./node_modules/next/dist/next-devtools/userspace/app/errors/intercept-console-error.js:56
[ 2555414ms] [ERROR] Failed to load resource: net::ERR_CONNECTION_REFUSED @ http://localhost:3060/api/products/updates?clientId=mrus2y4gw:0
[ 2555414ms] [ERROR] SSE connection error: Event @ webpack-internal:///(app-pages-browser)/./node_modules/next/dist/next-devtools/userspace/app/errors/intercept-console-error.js:56
[ 2555414ms] [ERROR] Failed to load resource: net::ERR_CONNECTION_REFUSED @ http://localhost:3060/api/products/updates?clientId=1l40w8wuc:0
[ 2558416ms] [ERROR] SSE connection error: Event @ webpack-internal:///(app-pages-browser)/./node_modules/next/dist/next-devtools/userspace/app/errors/intercept-console-error.js:56
[ 2558416ms] [ERROR] Failed to load resource: net::ERR_CONNECTION_REFUSED @ http://localhost:3060/api/products/updates?clientId=mrus2y4gw:0
[ 2558416ms] [ERROR] SSE connection error: Event @ webpack-internal:///(app-pages-browser)/./node_modules/next/dist/next-devtools/userspace/app/errors/intercept-console-error.js:56
[ 2558417ms] [ERROR] Failed to load resource: net::ERR_CONNECTION_REFUSED @ http://localhost:3060/api/products/updates?clientId=1l40w8wuc:0
[ 2561419ms] [ERROR] SSE connection error: Event @ webpack-internal:///(app-pages-browser)/./node_modules/next/dist/next-devtools/userspace/app/errors/intercept-console-error.js:56
[ 2561419ms] [ERROR] Failed to load resource: net::ERR_CONNECTION_REFUSED @ http://localhost:3060/api/products/updates?clientId=mrus2y4gw:0
[ 2561419ms] [ERROR] SSE connection error: Event @ webpack-internal:///(app-pages-browser)/./node_modules/next/dist/next-devtools/userspace/app/errors/intercept-console-error.js:56
[ 2561419ms] [ERROR] Failed to load resource: net::ERR_CONNECTION_REFUSED @ http://localhost:3060/api/products/updates?clientId=1l40w8wuc:0
[ 2564421ms] [ERROR] SSE connection error: Event @ webpack-internal:///(app-pages-browser)/./node_modules/next/dist/next-devtools/userspace/app/errors/intercept-console-error.js:56
[ 2564422ms] [ERROR] Failed to load resource: net::ERR_CONNECTION_REFUSED @ http://localhost:3060/api/products/updates?clientId=mrus2y4gw:0
[ 2564422ms] [ERROR] SSE connection error: Event @ webpack-internal:///(app-pages-browser)/./node_modules/next/dist/next-devtools/userspace/app/errors/intercept-console-error.js:56
[ 2564422ms] [ERROR] Failed to load resource: net::ERR_CONNECTION_REFUSED @ http://localhost:3060/api/products/updates?clientId=1l40w8wuc:0
[ 2567423ms] [ERROR] SSE connection error: Event @ webpack-internal:///(app-pages-browser)/./node_modules/next/dist/next-devtools/userspace/app/errors/intercept-console-error.js:56
[ 2567423ms] [ERROR] Failed to load resource: net::ERR_CONNECTION_REFUSED @ http://localhost:3060/api/products/updates?clientId=mrus2y4gw:0
[ 2567423ms] [ERROR] SSE connection error: Event @ webpack-internal:///(app-pages-browser)/./node_modules/next/dist/next-devtools/userspace/app/errors/intercept-console-error.js:56
[ 2567423ms] [ERROR] Failed to load resource: net::ERR_CONNECTION_REFUSED @ http://localhost:3060/api/products/updates?clientId=1l40w8wuc:0
[ 2570427ms] [ERROR] SSE connection error: Event @ webpack-internal:///(app-pages-browser)/./node_modules/next/dist/next-devtools/userspace/app/errors/intercept-console-error.js:56
[ 2570427ms] [ERROR] Failed to load resource: net::ERR_CONNECTION_REFUSED @ http://localhost:3060/api/products/updates?clientId=mrus2y4gw:0
[ 2570427ms] [ERROR] SSE connection error: Event @ webpack-internal:///(app-pages-browser)/./node_modules/next/dist/next-devtools/userspace/app/errors/intercept-console-error.js:56
[ 2570427ms] [ERROR] Failed to load resource: net::ERR_CONNECTION_REFUSED @ http://localhost:3060/api/products/updates?clientId=1l40w8wuc:0
[ 2573429ms] [ERROR] SSE connection error: Event @ webpack-internal:///(app-pages-browser)/./node_modules/next/dist/next-devtools/userspace/app/errors/intercept-console-error.js:56
[ 2573429ms] [ERROR] Failed to load resource: net::ERR_CONNECTION_REFUSED @ http://localhost:3060/api/products/updates?clientId=mrus2y4gw:0
[ 2573429ms] [ERROR] SSE connection error: Event @ webpack-internal:///(app-pages-browser)/./node_modules/next/dist/next-devtools/userspace/app/errors/intercept-console-error.js:56
[ 2573430ms] [ERROR] Failed to load resource: net::ERR_CONNECTION_REFUSED @ http://localhost:3060/api/products/updates?clientId=1l40w8wuc:0
[ 2576432ms] [ERROR] SSE connection error: Event @ webpack-internal:///(app-pages-browser)/./node_modules/next/dist/next-devtools/userspace/app/errors/intercept-console-error.js:56
[ 2576432ms] [ERROR] Failed to load resource: net::ERR_CONNECTION_REFUSED @ http://localhost:3060/api/products/updates?clientId=mrus2y4gw:0
[ 2576432ms] [ERROR] SSE connection error: Event @ webpack-internal:///(app-pages-browser)/./node_modules/next/dist/next-devtools/userspace/app/errors/intercept-console-error.js:56
[ 2576432ms] [ERROR] Failed to load resource: net::ERR_CONNECTION_REFUSED @ http://localhost:3060/api/products/updates?clientId=1l40w8wuc:0
[ 2579435ms] [ERROR] SSE connection error: Event @ webpack-internal:///(app-pages-browser)/./node_modules/next/dist/next-devtools/userspace/app/errors/intercept-console-error.js:56
[ 2579435ms] [ERROR] Failed to load resource: net::ERR_CONNECTION_REFUSED @ http://localhost:3060/api/products/updates?clientId=mrus2y4gw:0
[ 2579435ms] [ERROR] SSE connection error: Event @ webpack-internal:///(app-pages-browser)/./node_modules/next/dist/next-devtools/userspace/app/errors/intercept-console-error.js:56
[ 2579435ms] [ERROR] Failed to load resource: net::ERR_CONNECTION_REFUSED @ http://localhost:3060/api/products/updates?clientId=1l40w8wuc:0
[ 2582437ms] [ERROR] SSE connection error: Event @ webpack-internal:///(app-pages-browser)/./node_modules/next/dist/next-devtools/userspace/app/errors/intercept-console-error.js:56
[ 2582437ms] [ERROR] Failed to load resource: net::ERR_CONNECTION_REFUSED @ http://localhost:3060/api/products/updates?clientId=mrus2y4gw:0
[ 2582437ms] [ERROR] SSE connection error: Event @ webpack-internal:///(app-pages-browser)/./node_modules/next/dist/next-devtools/userspace/app/errors/intercept-console-error.js:56
[ 2582437ms] [ERROR] Failed to load resource: net::ERR_CONNECTION_REFUSED @ http://localhost:3060/api/products/updates?clientId=1l40w8wuc:0
[ 2585440ms] [ERROR] SSE connection error: Event @ webpack-internal:///(app-pages-browser)/./node_modules/next/dist/next-devtools/userspace/app/errors/intercept-console-error.js:56
[ 2585440ms] [ERROR] Failed to load resource: net::ERR_CONNECTION_REFUSED @ http://localhost:3060/api/products/updates?clientId=mrus2y4gw:0
[ 2585440ms] [ERROR] SSE connection error: Event @ webpack-internal:///(app-pages-browser)/./node_modules/next/dist/next-devtools/userspace/app/errors/intercept-console-error.js:56
[ 2585440ms] [ERROR] Failed to load resource: net::ERR_CONNECTION_REFUSED @ http://localhost:3060/api/products/updates?clientId=1l40w8wuc:0
[ 2588445ms] [ERROR] SSE connection error: Event @ webpack-internal:///(app-pages-browser)/./node_modules/next/dist/next-devtools/userspace/app/errors/intercept-console-error.js:56
[ 2588445ms] [ERROR] Failed to load resource: net::ERR_CONNECTION_REFUSED @ http://localhost:3060/api/products/updates?clientId=mrus2y4gw:0
[ 2588445ms] [ERROR] SSE connection error: Event @ webpack-internal:///(app-pages-browser)/./node_modules/next/dist/next-devtools/userspace/app/errors/intercept-console-error.js:56
[ 2588445ms] [ERROR] Failed to load resource: net::ERR_CONNECTION_REFUSED @ http://localhost:3060/api/products/updates?clientId=1l40w8wuc:0
[ 2591455ms] [ERROR] SSE connection error: Event @ webpack-internal:///(app-pages-browser)/./node_modules/next/dist/next-devtools/userspace/app/errors/intercept-console-error.js:56
[ 2591456ms] [ERROR] Failed to load resource: net::ERR_CONNECTION_REFUSED @ http://localhost:3060/api/products/updates?clientId=mrus2y4gw:0
[ 2591456ms] [ERROR] SSE connection error: Event @ webpack-internal:///(app-pages-browser)/./node_modules/next/dist/next-devtools/userspace/app/errors/intercept-console-error.js:56
[ 2591457ms] [ERROR] Failed to load resource: net::ERR_CONNECTION_REFUSED @ http://localhost:3060/api/products/updates?clientId=1l40w8wuc:0
[ 2594459ms] [ERROR] SSE connection error: Event @ webpack-internal:///(app-pages-browser)/./node_modules/next/dist/next-devtools/userspace/app/errors/intercept-console-error.js:56
[ 2594459ms] [ERROR] Failed to load resource: net::ERR_CONNECTION_REFUSED @ http://localhost:3060/api/products/updates?clientId=mrus2y4gw:0
[ 2594459ms] [ERROR] SSE connection error: Event @ webpack-internal:///(app-pages-browser)/./node_modules/next/dist/next-devtools/userspace/app/errors/intercept-console-error.js:56
[ 2594459ms] [ERROR] Failed to load resource: net::ERR_CONNECTION_REFUSED @ http://localhost:3060/api/products/updates?clientId=1l40w8wuc:0
[ 2597460ms] [ERROR] SSE connection error: Event @ webpack-internal:///(app-pages-browser)/./node_modules/next/dist/next-devtools/userspace/app/errors/intercept-console-error.js:56
[ 2597460ms] [ERROR] Failed to load resource: net::ERR_CONNECTION_REFUSED @ http://localhost:3060/api/products/updates?clientId=mrus2y4gw:0
[ 2597460ms] [ERROR] SSE connection error: Event @ webpack-internal:///(app-pages-browser)/./node_modules/next/dist/next-devtools/userspace/app/errors/intercept-console-error.js:56
[ 2597460ms] [ERROR] Failed to load resource: net::ERR_CONNECTION_REFUSED @ http://localhost:3060/api/products/updates?clientId=1l40w8wuc:0
[ 2600462ms] [ERROR] SSE connection error: Event @ webpack-internal:///(app-pages-browser)/./node_modules/next/dist/next-devtools/userspace/app/errors/intercept-console-error.js:56
[ 2600463ms] [ERROR] Failed to load resource: net::ERR_CONNECTION_REFUSED @ http://localhost:3060/api/products/updates?clientId=mrus2y4gw:0
[ 2600463ms] [ERROR] SSE connection error: Event @ webpack-internal:///(app-pages-browser)/./node_modules/next/dist/next-devtools/userspace/app/errors/intercept-console-error.js:56
[ 2600463ms] [ERROR] Failed to load resource: net::ERR_CONNECTION_REFUSED @ http://localhost:3060/api/products/updates?clientId=1l40w8wuc:0
[ 2603465ms] [ERROR] SSE connection error: Event @ webpack-internal:///(app-pages-browser)/./node_modules/next/dist/next-devtools/userspace/app/errors/intercept-console-error.js:56
[ 2603465ms] [ERROR] Failed to load resource: net::ERR_CONNECTION_REFUSED @ http://localhost:3060/api/products/updates?clientId=mrus2y4gw:0
[ 2603465ms] [ERROR] SSE connection error: Event @ webpack-internal:///(app-pages-browser)/./node_modules/next/dist/next-devtools/userspace/app/errors/intercept-console-error.js:56
[ 2603465ms] [ERROR] Failed to load resource: net::ERR_CONNECTION_REFUSED @ http://localhost:3060/api/products/updates?clientId=1l40w8wuc:0
[ 2606469ms] [ERROR] SSE connection error: Event @ webpack-internal:///(app-pages-browser)/./node_modules/next/dist/next-devtools/userspace/app/errors/intercept-console-error.js:56
[ 2606469ms] [ERROR] Failed to load resource: net::ERR_CONNECTION_REFUSED @ http://localhost:3060/api/products/updates?clientId=mrus2y4gw:0
[ 2606469ms] [ERROR] SSE connection error: Event @ webpack-internal:///(app-pages-browser)/./node_modules/next/dist/next-devtools/userspace/app/errors/intercept-console-error.js:56
[ 2606469ms] [ERROR] Failed to load resource: net::ERR_CONNECTION_REFUSED @ http://localhost:3060/api/products/updates?clientId=1l40w8wuc:0
[ 2609471ms] [ERROR] SSE connection error: Event @ webpack-internal:///(app-pages-browser)/./node_modules/next/dist/next-devtools/userspace/app/errors/intercept-console-error.js:56
[ 2609471ms] [ERROR] Failed to load resource: net::ERR_CONNECTION_REFUSED @ http://localhost:3060/api/products/updates?clientId=mrus2y4gw:0
[ 2609471ms] [ERROR] SSE connection error: Event @ webpack-internal:///(app-pages-browser)/./node_modules/next/dist/next-devtools/userspace/app/errors/intercept-console-error.js:56
[ 2609471ms] [ERROR] Failed to load resource: net::ERR_CONNECTION_REFUSED @ http://localhost:3060/api/products/updates?clientId=1l40w8wuc:0
[ 2612473ms] [ERROR] SSE connection error: Event @ webpack-internal:///(app-pages-browser)/./node_modules/next/dist/next-devtools/userspace/app/errors/intercept-console-error.js:56
[ 2612473ms] [ERROR] Failed to load resource: net::ERR_CONNECTION_REFUSED @ http://localhost:3060/api/products/updates?clientId=mrus2y4gw:0
[ 2612473ms] [ERROR] SSE connection error: Event @ webpack-internal:///(app-pages-browser)/./node_modules/next/dist/next-devtools/userspace/app/errors/intercept-console-error.js:56
[ 2612473ms] [ERROR] Failed to load resource: net::ERR_CONNECTION_REFUSED @ http://localhost:3060/api/products/updates?clientId=1l40w8wuc:0
[ 2615476ms] [ERROR] SSE connection error: Event @ webpack-internal:///(app-pages-browser)/./node_modules/next/dist/next-devtools/userspace/app/errors/intercept-console-error.js:56
[ 2615477ms] [ERROR] Failed to load resource: net::ERR_CONNECTION_REFUSED @ http://localhost:3060/api/products/updates?clientId=mrus2y4gw:0
[ 2615477ms] [ERROR] SSE connection error: Event @ webpack-internal:///(app-pages-browser)/./node_modules/next/dist/next-devtools/userspace/app/errors/intercept-console-error.js:56
[ 2615477ms] [ERROR] Failed to load resource: net::ERR_CONNECTION_REFUSED @ http://localhost:3060/api/products/updates?clientId=1l40w8wuc:0
[ 2618479ms] [ERROR] SSE connection error: Event @ webpack-internal:///(app-pages-browser)/./node_modules/next/dist/next-devtools/userspace/app/errors/intercept-console-error.js:56
[ 2618479ms] [ERROR] Failed to load resource: net::ERR_CONNECTION_REFUSED @ http://localhost:3060/api/products/updates?clientId=mrus2y4gw:0
[ 2618479ms] [ERROR] SSE connection error: Event @ webpack-internal:///(app-pages-browser)/./node_modules/next/dist/next-devtools/userspace/app/errors/intercept-console-error.js:56
[ 2618479ms] [ERROR] Failed to load resource: net::ERR_CONNECTION_REFUSED @ http://localhost:3060/api/products/updates?clientId=1l40w8wuc:0
[ 2621481ms] [ERROR] SSE connection error: Event @ webpack-internal:///(app-pages-browser)/./node_modules/next/dist/next-devtools/userspace/app/errors/intercept-console-error.js:56
[ 2621481ms] [ERROR] Failed to load resource: net::ERR_CONNECTION_REFUSED @ http://localhost:3060/api/products/updates?clientId=mrus2y4gw:0
[ 2621481ms] [ERROR] SSE connection error: Event @ webpack-internal:///(app-pages-browser)/./node_modules/next/dist/next-devtools/userspace/app/errors/intercept-console-error.js:56
[ 2621481ms] [ERROR] Failed to load resource: net::ERR_CONNECTION_REFUSED @ http://localhost:3060/api/products/updates?clientId=1l40w8wuc:0
[ 2624489ms] [ERROR] SSE connection error: Event @ webpack-internal:///(app-pages-browser)/./node_modules/next/dist/next-devtools/userspace/app/errors/intercept-console-error.js:56
[ 2624490ms] [ERROR] Failed to load resource: net::ERR_CONNECTION_REFUSED @ http://localhost:3060/api/products/updates?clientId=mrus2y4gw:0
[ 2624490ms] [ERROR] SSE connection error: Event @ webpack-internal:///(app-pages-browser)/./node_modules/next/dist/next-devtools/userspace/app/errors/intercept-console-error.js:56
[ 2624490ms] [ERROR] Failed to load resource: net::ERR_CONNECTION_REFUSED @ http://localhost:3060/api/products/updates?clientId=1l40w8wuc:0
[ 2627498ms] [ERROR] SSE connection error: Event @ webpack-internal:///(app-pages-browser)/./node_modules/next/dist/next-devtools/userspace/app/errors/intercept-console-error.js:56
[ 2627499ms] [ERROR] Failed to load resource: net::ERR_CONNECTION_REFUSED @ http://localhost:3060/api/products/updates?clientId=mrus2y4gw:0
[ 2627499ms] [ERROR] SSE connection error: Event @ webpack-internal:///(app-pages-browser)/./node_modules/next/dist/next-devtools/userspace/app/errors/intercept-console-error.js:56
[ 2627500ms] [ERROR] Failed to load resource: net::ERR_CONNECTION_REFUSED @ http://localhost:3060/api/products/updates?clientId=1l40w8wuc:0
[ 2630505ms] [ERROR] SSE connection error: Event @ webpack-internal:///(app-pages-browser)/./node_modules/next/dist/next-devtools/userspace/app/errors/intercept-console-error.js:56
[ 2630506ms] [ERROR] Failed to load resource: net::ERR_CONNECTION_REFUSED @ http://localhost:3060/api/products/updates?clientId=mrus2y4gw:0
[ 2630506ms] [ERROR] SSE connection error: Event @ webpack-internal:///(app-pages-browser)/./node_modules/next/dist/next-devtools/userspace/app/errors/intercept-console-error.js:56
[ 2630507ms] [ERROR] Failed to load resource: net::ERR_CONNECTION_REFUSED @ http://localhost:3060/api/products/updates?clientId=1l40w8wuc:0
[ 2633508ms] [ERROR] SSE connection error: Event @ webpack-internal:///(app-pages-browser)/./node_modules/next/dist/next-devtools/userspace/app/errors/intercept-console-error.js:56
[ 2633508ms] [ERROR] Failed to load resource: net::ERR_CONNECTION_REFUSED @ http://localhost:3060/api/products/updates?clientId=mrus2y4gw:0
[ 2633510ms] [ERROR] SSE connection error: Event @ webpack-internal:///(app-pages-browser)/./node_modules/next/dist/next-devtools/userspace/app/errors/intercept-console-error.js:56
[ 2633510ms] [ERROR] Failed to load resource: net::ERR_CONNECTION_REFUSED @ http://localhost:3060/api/products/updates?clientId=1l40w8wuc:0
[ 2636515ms] [ERROR] SSE connection error: Event @ webpack-internal:///(app-pages-browser)/./node_modules/next/dist/next-devtools/userspace/app/errors/intercept-console-error.js:56
[ 2636517ms] [ERROR] Failed to load resource: net::ERR_CONNECTION_REFUSED @ http://localhost:3060/api/products/updates?clientId=mrus2y4gw:0
[ 2636517ms] [ERROR] SSE connection error: Event @ webpack-internal:///(app-pages-browser)/./node_modules/next/dist/next-devtools/userspace/app/errors/intercept-console-error.js:56
[ 2636517ms] [ERROR] Failed to load resource: net::ERR_CONNECTION_REFUSED @ http://localhost:3060/api/products/updates?clientId=1l40w8wuc:0
[ 2639517ms] [ERROR] SSE connection error: Event @ webpack-internal:///(app-pages-browser)/./node_modules/next/dist/next-devtools/userspace/app/errors/intercept-console-error.js:56
[ 2639518ms] [ERROR] Failed to load resource: net::ERR_CONNECTION_REFUSED @ http://localhost:3060/api/products/updates?clientId=mrus2y4gw:0
[ 2639518ms] [ERROR] SSE connection error: Event @ webpack-internal:///(app-pages-browser)/./node_modules/next/dist/next-devtools/userspace/app/errors/intercept-console-error.js:56
[ 2639518ms] [ERROR] Failed to load resource: net::ERR_CONNECTION_REFUSED @ http://localhost:3060/api/products/updates?clientId=1l40w8wuc:0
[ 2642521ms] [ERROR] SSE connection error: Event @ webpack-internal:///(app-pages-browser)/./node_modules/next/dist/next-devtools/userspace/app/errors/intercept-console-error.js:56
[ 2642522ms] [ERROR] Failed to load resource: net::ERR_CONNECTION_REFUSED @ http://localhost:3060/api/products/updates?clientId=mrus2y4gw:0
[ 2642522ms] [ERROR] SSE connection error: Event @ webpack-internal:///(app-pages-browser)/./node_modules/next/dist/next-devtools/userspace/app/errors/intercept-console-error.js:56
[ 2642522ms] [ERROR] Failed to load resource: net::ERR_CONNECTION_REFUSED @ http://localhost:3060/api/products/updates?clientId=1l40w8wuc:0
[ 2645526ms] [ERROR] SSE connection error: Event @ webpack-internal:///(app-pages-browser)/./node_modules/next/dist/next-devtools/userspace/app/errors/intercept-console-error.js:56
[ 2645526ms] [ERROR] Failed to load resource: net::ERR_CONNECTION_REFUSED @ http://localhost:3060/api/products/updates?clientId=mrus2y4gw:0
[ 2645526ms] [ERROR] SSE connection error: Event @ webpack-internal:///(app-pages-browser)/./node_modules/next/dist/next-devtools/userspace/app/errors/intercept-console-error.js:56
[ 2645527ms] [ERROR] Failed to load resource: net::ERR_CONNECTION_REFUSED @ http://localhost:3060/api/products/updates?clientId=1l40w8wuc:0
[ 2648535ms] [ERROR] SSE connection error: Event @ webpack-internal:///(app-pages-browser)/./node_modules/next/dist/next-devtools/userspace/app/errors/intercept-console-error.js:56
[ 2648537ms] [ERROR] Failed to load resource: net::ERR_CONNECTION_REFUSED @ http://localhost:3060/api/products/updates?clientId=mrus2y4gw:0
[ 2648537ms] [ERROR] SSE connection error: Event @ webpack-internal:///(app-pages-browser)/./node_modules/next/dist/next-devtools/userspace/app/errors/intercept-console-error.js:56
[ 2648537ms] [ERROR] Failed to load resource: net::ERR_CONNECTION_REFUSED @ http://localhost:3060/api/products/updates?clientId=1l40w8wuc:0
[ 2651545ms] [ERROR] SSE connection error: Event @ webpack-internal:///(app-pages-browser)/./node_modules/next/dist/next-devtools/userspace/app/errors/intercept-console-error.js:56
[ 2651547ms] [ERROR] Failed to load resource: net::ERR_CONNECTION_REFUSED @ http://localhost:3060/api/products/updates?clientId=mrus2y4gw:0
[ 2651548ms] [ERROR] SSE connection error: Event @ webpack-internal:///(app-pages-browser)/./node_modules/next/dist/next-devtools/userspace/app/errors/intercept-console-error.js:56
[ 2651548ms] [ERROR] Failed to load resource: net::ERR_CONNECTION_REFUSED @ http://localhost:3060/api/products/updates?clientId=1l40w8wuc:0
[ 2654551ms] [ERROR] SSE connection error: Event @ webpack-internal:///(app-pages-browser)/./node_modules/next/dist/next-devtools/userspace/app/errors/intercept-console-error.js:56
[ 2654552ms] [ERROR] Failed to load resource: net::ERR_CONNECTION_REFUSED @ http://localhost:3060/api/products/updates?clientId=mrus2y4gw:0
[ 2654552ms] [ERROR] SSE connection error: Event @ webpack-internal:///(app-pages-browser)/./node_modules/next/dist/next-devtools/userspace/app/errors/intercept-console-error.js:56
[ 2654552ms] [ERROR] Failed to load resource: net::ERR_CONNECTION_REFUSED @ http://localhost:3060/api/products/updates?clientId=1l40w8wuc:0
[ 2657553ms] [ERROR] SSE connection error: Event @ webpack-internal:///(app-pages-browser)/./node_modules/next/dist/next-devtools/userspace/app/errors/intercept-console-error.js:56
[ 2657553ms] [ERROR] Failed to load resource: net::ERR_CONNECTION_REFUSED @ http://localhost:3060/api/products/updates?clientId=mrus2y4gw:0
[ 2657553ms] [ERROR] SSE connection error: Event @ webpack-internal:///(app-pages-browser)/./node_modules/next/dist/next-devtools/userspace/app/errors/intercept-console-error.js:56
[ 2657553ms] [ERROR] Failed to load resource: net::ERR_CONNECTION_REFUSED @ http://localhost:3060/api/products/updates?clientId=1l40w8wuc:0
[ 2660555ms] [ERROR] SSE connection error: Event @ webpack-internal:///(app-pages-browser)/./node_modules/next/dist/next-devtools/userspace/app/errors/intercept-console-error.js:56
[ 2660555ms] [ERROR] Failed to load resource: net::ERR_CONNECTION_REFUSED @ http://localhost:3060/api/products/updates?clientId=mrus2y4gw:0
[ 2660556ms] [ERROR] SSE connection error: Event @ webpack-internal:///(app-pages-browser)/./node_modules/next/dist/next-devtools/userspace/app/errors/intercept-console-error.js:56
[ 2660556ms] [ERROR] Failed to load resource: net::ERR_CONNECTION_REFUSED @ http://localhost:3060/api/products/updates?clientId=1l40w8wuc:0
[ 2663558ms] [ERROR] SSE connection error: Event @ webpack-internal:///(app-pages-browser)/./node_modules/next/dist/next-devtools/userspace/app/errors/intercept-console-error.js:56
[ 2663558ms] [ERROR] Failed to load resource: net::ERR_CONNECTION_REFUSED @ http://localhost:3060/api/products/updates?clientId=mrus2y4gw:0
[ 2663558ms] [ERROR] SSE connection error: Event @ webpack-internal:///(app-pages-browser)/./node_modules/next/dist/next-devtools/userspace/app/errors/intercept-console-error.js:56
[ 2663558ms] [ERROR] Failed to load resource: net::ERR_CONNECTION_REFUSED @ http://localhost:3060/api/products/updates?clientId=1l40w8wuc:0
[ 2666561ms] [ERROR] SSE connection error: Event @ webpack-internal:///(app-pages-browser)/./node_modules/next/dist/next-devtools/userspace/app/errors/intercept-console-error.js:56
[ 2666561ms] [ERROR] Failed to load resource: net::ERR_CONNECTION_REFUSED @ http://localhost:3060/api/products/updates?clientId=mrus2y4gw:0
[ 2666561ms] [ERROR] SSE connection error: Event @ webpack-internal:///(app-pages-browser)/./node_modules/next/dist/next-devtools/userspace/app/errors/intercept-console-error.js:56
[ 2666561ms] [ERROR] Failed to load resource: net::ERR_CONNECTION_REFUSED @ http://localhost:3060/api/products/updates?clientId=1l40w8wuc:0
[ 2669564ms] [ERROR] SSE connection error: Event @ webpack-internal:///(app-pages-browser)/./node_modules/next/dist/next-devtools/userspace/app/errors/intercept-console-error.js:56
[ 2669564ms] [ERROR] Failed to load resource: net::ERR_CONNECTION_REFUSED @ http://localhost:3060/api/products/updates?clientId=mrus2y4gw:0
[ 2669565ms] [ERROR] SSE connection error: Event @ webpack-internal:///(app-pages-browser)/./node_modules/next/dist/next-devtools/userspace/app/errors/intercept-console-error.js:56
[ 2669565ms] [ERROR] Failed to load resource: net::ERR_CONNECTION_REFUSED @ http://localhost:3060/api/products/updates?clientId=1l40w8wuc:0
[ 2672570ms] [ERROR] SSE connection error: Event @ webpack-internal:///(app-pages-browser)/./node_modules/next/dist/next-devtools/userspace/app/errors/intercept-console-error.js:56
[ 2672572ms] [ERROR] Failed to load resource: net::ERR_CONNECTION_REFUSED @ http://localhost:3060/api/products/updates?clientId=mrus2y4gw:0
[ 2672572ms] [ERROR] SSE connection error: Event @ webpack-internal:///(app-pages-browser)/./node_modules/next/dist/next-devtools/userspace/app/errors/intercept-console-error.js:56
[ 2672572ms] [ERROR] Failed to load resource: net::ERR_CONNECTION_REFUSED @ http://localhost:3060/api/products/updates?clientId=1l40w8wuc:0
[ 2675575ms] [ERROR] SSE connection error: Event @ webpack-internal:///(app-pages-browser)/./node_modules/next/dist/next-devtools/userspace/app/errors/intercept-console-error.js:56
[ 2675575ms] [ERROR] Failed to load resource: net::ERR_CONNECTION_REFUSED @ http://localhost:3060/api/products/updates?clientId=mrus2y4gw:0
[ 2675575ms] [ERROR] SSE connection error: Event @ webpack-internal:///(app-pages-browser)/./node_modules/next/dist/next-devtools/userspace/app/errors/intercept-console-error.js:56
[ 2675575ms] [ERROR] Failed to load resource: net::ERR_CONNECTION_REFUSED @ http://localhost:3060/api/products/updates?clientId=1l40w8wuc:0
[ 2678579ms] [ERROR] SSE connection error: Event @ webpack-internal:///(app-pages-browser)/./node_modules/next/dist/next-devtools/userspace/app/errors/intercept-console-error.js:56
[ 2678579ms] [ERROR] Failed to load resource: net::ERR_CONNECTION_REFUSED @ http://localhost:3060/api/products/updates?clientId=mrus2y4gw:0
[ 2678579ms] [ERROR] SSE connection error: Event @ webpack-internal:///(app-pages-browser)/./node_modules/next/dist/next-devtools/userspace/app/errors/intercept-console-error.js:56
[ 2678579ms] [ERROR] Failed to load resource: net::ERR_CONNECTION_REFUSED @ http://localhost:3060/api/products/updates?clientId=1l40w8wuc:0
[ 2681584ms] [ERROR] SSE connection error: Event @ webpack-internal:///(app-pages-browser)/./node_modules/next/dist/next-devtools/userspace/app/errors/intercept-console-error.js:56
[ 2681585ms] [ERROR] Failed to load resource: net::ERR_CONNECTION_REFUSED @ http://localhost:3060/api/products/updates?clientId=mrus2y4gw:0
[ 2681585ms] [ERROR] SSE connection error: Event @ webpack-internal:///(app-pages-browser)/./node_modules/next/dist/next-devtools/userspace/app/errors/intercept-console-error.js:56
[ 2681585ms] [ERROR] Failed to load resource: net::ERR_CONNECTION_REFUSED @ http://localhost:3060/api/products/updates?clientId=1l40w8wuc:0
[ 2684588ms] [ERROR] SSE connection error: Event @ webpack-internal:///(app-pages-browser)/./node_modules/next/dist/next-devtools/userspace/app/errors/intercept-console-error.js:56
[ 2684588ms] [ERROR] Failed to load resource: net::ERR_CONNECTION_REFUSED @ http://localhost:3060/api/products/updates?clientId=mrus2y4gw:0
[ 2684589ms] [ERROR] SSE connection error: Event @ webpack-internal:///(app-pages-browser)/./node_modules/next/dist/next-devtools/userspace/app/errors/intercept-console-error.js:56
[ 2684589ms] [ERROR] Failed to load resource: net::ERR_CONNECTION_REFUSED @ http://localhost:3060/api/products/updates?clientId=1l40w8wuc:0
[ 2687593ms] [ERROR] SSE connection error: Event @ webpack-internal:///(app-pages-browser)/./node_modules/next/dist/next-devtools/userspace/app/errors/intercept-console-error.js:56
[ 2687594ms] [ERROR] Failed to load resource: net::ERR_CONNECTION_REFUSED @ http://localhost:3060/api/products/updates?clientId=mrus2y4gw:0
[ 2687595ms] [ERROR] SSE connection error: Event @ webpack-internal:///(app-pages-browser)/./node_modules/next/dist/next-devtools/userspace/app/errors/intercept-console-error.js:56
[ 2687595ms] [ERROR] Failed to load resource: net::ERR_CONNECTION_REFUSED @ http://localhost:3060/api/products/updates?clientId=1l40w8wuc:0
[ 2690597ms] [ERROR] SSE connection error: Event @ webpack-internal:///(app-pages-browser)/./node_modules/next/dist/next-devtools/userspace/app/errors/intercept-console-error.js:56
[ 2690597ms] [ERROR] Failed to load resource: net::ERR_CONNECTION_REFUSED @ http://localhost:3060/api/products/updates?clientId=mrus2y4gw:0
[ 2690597ms] [ERROR] SSE connection error: Event @ webpack-internal:///(app-pages-browser)/./node_modules/next/dist/next-devtools/userspace/app/errors/intercept-console-error.js:56
[ 2690597ms] [ERROR] Failed to load resource: net::ERR_CONNECTION_REFUSED @ http://localhost:3060/api/products/updates?clientId=1l40w8wuc:0
[ 2693601ms] [ERROR] SSE connection error: Event @ webpack-internal:///(app-pages-browser)/./node_modules/next/dist/next-devtools/userspace/app/errors/intercept-console-error.js:56
[ 2693601ms] [ERROR] Failed to load resource: net::ERR_CONNECTION_REFUSED @ http://localhost:3060/api/products/updates?clientId=mrus2y4gw:0
[ 2693602ms] [ERROR] SSE connection error: Event @ webpack-internal:///(app-pages-browser)/./node_modules/next/dist/next-devtools/userspace/app/errors/intercept-console-error.js:56
[ 2693602ms] [ERROR] Failed to load resource: net::ERR_CONNECTION_REFUSED @ http://localhost:3060/api/products/updates?clientId=1l40w8wuc:0
[ 2696604ms] [ERROR] SSE connection error: Event @ webpack-internal:///(app-pages-browser)/./node_modules/next/dist/next-devtools/userspace/app/errors/intercept-console-error.js:56
[ 2696604ms] [ERROR] Failed to load resource: net::ERR_CONNECTION_REFUSED @ http://localhost:3060/api/products/updates?clientId=mrus2y4gw:0
[ 2696604ms] [ERROR] SSE connection error: Event @ webpack-internal:///(app-pages-browser)/./node_modules/next/dist/next-devtools/userspace/app/errors/intercept-console-error.js:56
[ 2696605ms] [ERROR] Failed to load resource: net::ERR_CONNECTION_REFUSED @ http://localhost:3060/api/products/updates?clientId=1l40w8wuc:0
[ 2699607ms] [ERROR] SSE connection error: Event @ webpack-internal:///(app-pages-browser)/./node_modules/next/dist/next-devtools/userspace/app/errors/intercept-console-error.js:56
[ 2699608ms] [ERROR] Failed to load resource: net::ERR_CONNECTION_REFUSED @ http://localhost:3060/api/products/updates?clientId=mrus2y4gw:0
[ 2699608ms] [ERROR] SSE connection error: Event @ webpack-internal:///(app-pages-browser)/./node_modules/next/dist/next-devtools/userspace/app/errors/intercept-console-error.js:56
[ 2699608ms] [ERROR] Failed to load resource: net::ERR_CONNECTION_REFUSED @ http://localhost:3060/api/products/updates?clientId=1l40w8wuc:0
[ 2702611ms] [ERROR] SSE connection error: Event @ webpack-internal:///(app-pages-browser)/./node_modules/next/dist/next-devtools/userspace/app/errors/intercept-console-error.js:56
[ 2702613ms] [ERROR] Failed to load resource: net::ERR_CONNECTION_REFUSED @ http://localhost:3060/api/products/updates?clientId=mrus2y4gw:0
[ 2702613ms] [ERROR] SSE connection error: Event @ webpack-internal:///(app-pages-browser)/./node_modules/next/dist/next-devtools/userspace/app/errors/intercept-console-error.js:56
[ 2702614ms] [ERROR] Failed to load resource: net::ERR_CONNECTION_REFUSED @ http://localhost:3060/api/products/updates?clientId=1l40w8wuc:0
[ 2705615ms] [ERROR] SSE connection error: Event @ webpack-internal:///(app-pages-browser)/./node_modules/next/dist/next-devtools/userspace/app/errors/intercept-console-error.js:56
[ 2705616ms] [ERROR] Failed to load resource: net::ERR_CONNECTION_REFUSED @ http://localhost:3060/api/products/updates?clientId=mrus2y4gw:0
[ 2705616ms] [ERROR] SSE connection error: Event @ webpack-internal:///(app-pages-browser)/./node_modules/next/dist/next-devtools/userspace/app/errors/intercept-console-error.js:56
[ 2705616ms] [ERROR] Failed to load resource: net::ERR_CONNECTION_REFUSED @ http://localhost:3060/api/products/updates?clientId=1l40w8wuc:0
[ 2708618ms] [ERROR] SSE connection error: Event @ webpack-internal:///(app-pages-browser)/./node_modules/next/dist/next-devtools/userspace/app/errors/intercept-console-error.js:56
[ 2708618ms] [ERROR] Failed to load resource: net::ERR_CONNECTION_REFUSED @ http://localhost:3060/api/products/updates?clientId=mrus2y4gw:0
[ 2708618ms] [ERROR] SSE connection error: Event @ webpack-internal:///(app-pages-browser)/./node_modules/next/dist/next-devtools/userspace/app/errors/intercept-console-error.js:56
[ 2708618ms] [ERROR] Failed to load resource: net::ERR_CONNECTION_REFUSED @ http://localhost:3060/api/products/updates?clientId=1l40w8wuc:0
[ 2711621ms] [ERROR] SSE connection error: Event @ webpack-internal:///(app-pages-browser)/./node_modules/next/dist/next-devtools/userspace/app/errors/intercept-console-error.js:56
[ 2711621ms] [ERROR] Failed to load resource: net::ERR_CONNECTION_REFUSED @ http://localhost:3060/api/products/updates?clientId=mrus2y4gw:0
[ 2711621ms] [ERROR] SSE connection error: Event @ webpack-internal:///(app-pages-browser)/./node_modules/next/dist/next-devtools/userspace/app/errors/intercept-console-error.js:56
[ 2711621ms] [ERROR] Failed to load resource: net::ERR_CONNECTION_REFUSED @ http://localhost:3060/api/products/updates?clientId=1l40w8wuc:0
[ 2714623ms] [ERROR] SSE connection error: Event @ webpack-internal:///(app-pages-browser)/./node_modules/next/dist/next-devtools/userspace/app/errors/intercept-console-error.js:56
[ 2714623ms] [ERROR] Failed to load resource: net::ERR_CONNECTION_REFUSED @ http://localhost:3060/api/products/updates?clientId=mrus2y4gw:0
[ 2714623ms] [ERROR] SSE connection error: Event @ webpack-internal:///(app-pages-browser)/./node_modules/next/dist/next-devtools/userspace/app/errors/intercept-console-error.js:56
[ 2714623ms] [ERROR] Failed to load resource: net::ERR_CONNECTION_REFUSED @ http://localhost:3060/api/products/updates?clientId=1l40w8wuc:0
[ 2717625ms] [ERROR] SSE connection error: Event @ webpack-internal:///(app-pages-browser)/./node_modules/next/dist/next-devtools/userspace/app/errors/intercept-console-error.js:56
[ 2717625ms] [ERROR] Failed to load resource: net::ERR_CONNECTION_REFUSED @ http://localhost:3060/api/products/updates?clientId=mrus2y4gw:0
[ 2717625ms] [ERROR] SSE connection error: Event @ webpack-internal:///(app-pages-browser)/./node_modules/next/dist/next-devtools/userspace/app/errors/intercept-console-error.js:56
[ 2717625ms] [ERROR] Failed to load resource: net::ERR_CONNECTION_REFUSED @ http://localhost:3060/api/products/updates?clientId=1l40w8wuc:0
[ 2720628ms] [ERROR] SSE connection error: Event @ webpack-internal:///(app-pages-browser)/./node_modules/next/dist/next-devtools/userspace/app/errors/intercept-console-error.js:56
[ 2720628ms] [ERROR] Failed to load resource: net::ERR_CONNECTION_REFUSED @ http://localhost:3060/api/products/updates?clientId=mrus2y4gw:0
[ 2720628ms] [ERROR] SSE connection error: Event @ webpack-internal:///(app-pages-browser)/./node_modules/next/dist/next-devtools/userspace/app/errors/intercept-console-error.js:56
[ 2720628ms] [ERROR] Failed to load resource: net::ERR_CONNECTION_REFUSED @ http://localhost:3060/api/products/updates?clientId=1l40w8wuc:0
[ 2723641ms] [ERROR] SSE connection error: Event @ webpack-internal:///(app-pages-browser)/./node_modules/next/dist/next-devtools/userspace/app/errors/intercept-console-error.js:56
[ 2723642ms] [ERROR] Failed to load resource: net::ERR_CONNECTION_REFUSED @ http://localhost:3060/api/products/updates?clientId=mrus2y4gw:0
[ 2723643ms] [ERROR] SSE connection error: Event @ webpack-internal:///(app-pages-browser)/./node_modules/next/dist/next-devtools/userspace/app/errors/intercept-console-error.js:56
[ 2723643ms] [ERROR] Failed to load resource: net::ERR_CONNECTION_REFUSED @ http://localhost:3060/api/products/updates?clientId=1l40w8wuc:0
[ 2726651ms] [ERROR] SSE connection error: Event @ webpack-internal:///(app-pages-browser)/./node_modules/next/dist/next-devtools/userspace/app/errors/intercept-console-error.js:56
[ 2726653ms] [ERROR] Failed to load resource: net::ERR_CONNECTION_REFUSED @ http://localhost:3060/api/products/updates?clientId=mrus2y4gw:0
[ 2726653ms] [ERROR] SSE connection error: Event @ webpack-internal:///(app-pages-browser)/./node_modules/next/dist/next-devtools/userspace/app/errors/intercept-console-error.js:56
[ 2726653ms] [ERROR] Failed to load resource: net::ERR_CONNECTION_REFUSED @ http://localhost:3060/api/products/updates?clientId=1l40w8wuc:0
[ 2729659ms] [ERROR] SSE connection error: Event @ webpack-internal:///(app-pages-browser)/./node_modules/next/dist/next-devtools/userspace/app/errors/intercept-console-error.js:56
[ 2729660ms] [ERROR] Failed to load resource: net::ERR_CONNECTION_REFUSED @ http://localhost:3060/api/products/updates?clientId=mrus2y4gw:0
[ 2729660ms] [ERROR] SSE connection error: Event @ webpack-internal:///(app-pages-browser)/./node_modules/next/dist/next-devtools/userspace/app/errors/intercept-console-error.js:56
[ 2729660ms] [ERROR] Failed to load resource: net::ERR_CONNECTION_REFUSED @ http://localhost:3060/api/products/updates?clientId=1l40w8wuc:0
[ 2732662ms] [ERROR] SSE connection error: Event @ webpack-internal:///(app-pages-browser)/./node_modules/next/dist/next-devtools/userspace/app/errors/intercept-console-error.js:56
[ 2732662ms] [ERROR] Failed to load resource: net::ERR_CONNECTION_REFUSED @ http://localhost:3060/api/products/updates?clientId=mrus2y4gw:0
[ 2732662ms] [ERROR] SSE connection error: Event @ webpack-internal:///(app-pages-browser)/./node_modules/next/dist/next-devtools/userspace/app/errors/intercept-console-error.js:56
[ 2732662ms] [ERROR] Failed to load resource: net::ERR_CONNECTION_REFUSED @ http://localhost:3060/api/products/updates?clientId=1l40w8wuc:0
[ 2735664ms] [ERROR] SSE connection error: Event @ webpack-internal:///(app-pages-browser)/./node_modules/next/dist/next-devtools/userspace/app/errors/intercept-console-error.js:56
[ 2735665ms] [ERROR] Failed to load resource: net::ERR_CONNECTION_REFUSED @ http://localhost:3060/api/products/updates?clientId=mrus2y4gw:0
[ 2735665ms] [ERROR] SSE connection error: Event @ webpack-internal:///(app-pages-browser)/./node_modules/next/dist/next-devtools/userspace/app/errors/intercept-console-error.js:56
[ 2735665ms] [ERROR] Failed to load resource: net::ERR_CONNECTION_REFUSED @ http://localhost:3060/api/products/updates?clientId=1l40w8wuc:0
[ 2738670ms] [ERROR] SSE connection error: Event @ webpack-internal:///(app-pages-browser)/./node_modules/next/dist/next-devtools/userspace/app/errors/intercept-console-error.js:56
[ 2738670ms] [ERROR] Failed to load resource: net::ERR_CONNECTION_REFUSED @ http://localhost:3060/api/products/updates?clientId=mrus2y4gw:0
[ 2738670ms] [ERROR] SSE connection error: Event @ webpack-internal:///(app-pages-browser)/./node_modules/next/dist/next-devtools/userspace/app/errors/intercept-console-error.js:56
[ 2738670ms] [ERROR] Failed to load resource: net::ERR_CONNECTION_REFUSED @ http://localhost:3060/api/products/updates?clientId=1l40w8wuc:0
[ 2741674ms] [ERROR] SSE connection error: Event @ webpack-internal:///(app-pages-browser)/./node_modules/next/dist/next-devtools/userspace/app/errors/intercept-console-error.js:56
[ 2741674ms] [ERROR] Failed to load resource: net::ERR_CONNECTION_REFUSED @ http://localhost:3060/api/products/updates?clientId=mrus2y4gw:0
[ 2741675ms] [ERROR] SSE connection error: Event @ webpack-internal:///(app-pages-browser)/./node_modules/next/dist/next-devtools/userspace/app/errors/intercept-console-error.js:56
[ 2741675ms] [ERROR] Failed to load resource: net::ERR_CONNECTION_REFUSED @ http://localhost:3060/api/products/updates?clientId=1l40w8wuc:0
[ 2744676ms] [ERROR] SSE connection error: Event @ webpack-internal:///(app-pages-browser)/./node_modules/next/dist/next-devtools/userspace/app/errors/intercept-console-error.js:56
[ 2744676ms] [ERROR] Failed to load resource: net::ERR_CONNECTION_REFUSED @ http://localhost:3060/api/products/updates?clientId=mrus2y4gw:0
[ 2744678ms] [ERROR] SSE connection error: Event @ webpack-internal:///(app-pages-browser)/./node_modules/next/dist/next-devtools/userspace/app/errors/intercept-console-error.js:56
[ 2744678ms] [ERROR] Failed to load resource: net::ERR_CONNECTION_REFUSED @ http://localhost:3060/api/products/updates?clientId=1l40w8wuc:0
[ 2747678ms] [ERROR] SSE connection error: Event @ webpack-internal:///(app-pages-browser)/./node_modules/next/dist/next-devtools/userspace/app/errors/intercept-console-error.js:56
[ 2747678ms] [ERROR] Failed to load resource: net::ERR_CONNECTION_REFUSED @ http://localhost:3060/api/products/updates?clientId=mrus2y4gw:0
[ 2747681ms] [ERROR] SSE connection error: Event @ webpack-internal:///(app-pages-browser)/./node_modules/next/dist/next-devtools/userspace/app/errors/intercept-console-error.js:56
[ 2747681ms] [ERROR] Failed to load resource: net::ERR_CONNECTION_REFUSED @ http://localhost:3060/api/products/updates?clientId=1l40w8wuc:0
[ 2750681ms] [ERROR] SSE connection error: Event @ webpack-internal:///(app-pages-browser)/./node_modules/next/dist/next-devtools/userspace/app/errors/intercept-console-error.js:56
[ 2750681ms] [ERROR] Failed to load resource: net::ERR_CONNECTION_REFUSED @ http://localhost:3060/api/products/updates?clientId=mrus2y4gw:0
[ 2750683ms] [ERROR] SSE connection error: Event @ webpack-internal:///(app-pages-browser)/./node_modules/next/dist/next-devtools/userspace/app/errors/intercept-console-error.js:56
[ 2750684ms] [ERROR] Failed to load resource: net::ERR_CONNECTION_REFUSED @ http://localhost:3060/api/products/updates?clientId=1l40w8wuc:0
[ 2753683ms] [ERROR] SSE connection error: Event @ webpack-internal:///(app-pages-browser)/./node_modules/next/dist/next-devtools/userspace/app/errors/intercept-console-error.js:56
[ 2753683ms] [ERROR] Failed to load resource: net::ERR_CONNECTION_REFUSED @ http://localhost:3060/api/products/updates?clientId=mrus2y4gw:0
[ 2753685ms] [ERROR] SSE connection error: Event @ webpack-internal:///(app-pages-browser)/./node_modules/next/dist/next-devtools/userspace/app/errors/intercept-console-error.js:56
[ 2753685ms] [ERROR] Failed to load resource: net::ERR_CONNECTION_REFUSED @ http://localhost:3060/api/products/updates?clientId=1l40w8wuc:0
[ 2756686ms] [ERROR] SSE connection error: Event @ webpack-internal:///(app-pages-browser)/./node_modules/next/dist/next-devtools/userspace/app/errors/intercept-console-error.js:56
[ 2756686ms] [ERROR] Failed to load resource: net::ERR_CONNECTION_REFUSED @ http://localhost:3060/api/products/updates?clientId=mrus2y4gw:0
[ 2756687ms] [ERROR] SSE connection error: Event @ webpack-internal:///(app-pages-browser)/./node_modules/next/dist/next-devtools/userspace/app/errors/intercept-console-error.js:56
[ 2756687ms] [ERROR] Failed to load resource: net::ERR_CONNECTION_REFUSED @ http://localhost:3060/api/products/updates?clientId=1l40w8wuc:0
[ 2759689ms] [ERROR] SSE connection error: Event @ webpack-internal:///(app-pages-browser)/./node_modules/next/dist/next-devtools/userspace/app/errors/intercept-console-error.js:56
[ 2759689ms] [ERROR] Failed to load resource: net::ERR_CONNECTION_REFUSED @ http://localhost:3060/api/products/updates?clientId=mrus2y4gw:0
[ 2759689ms] [ERROR] SSE connection error: Event @ webpack-internal:///(app-pages-browser)/./node_modules/next/dist/next-devtools/userspace/app/errors/intercept-console-error.js:56
[ 2759690ms] [ERROR] Failed to load resource: net::ERR_CONNECTION_REFUSED @ http://localhost:3060/api/products/updates?clientId=1l40w8wuc:0
[ 2762695ms] [ERROR] SSE connection error: Event @ webpack-internal:///(app-pages-browser)/./node_modules/next/dist/next-devtools/userspace/app/errors/intercept-console-error.js:56
[ 2762695ms] [ERROR] Failed to load resource: net::ERR_CONNECTION_REFUSED @ http://localhost:3060/api/products/updates?clientId=mrus2y4gw:0
[ 2762696ms] [ERROR] SSE connection error: Event @ webpack-internal:///(app-pages-browser)/./node_modules/next/dist/next-devtools/userspace/app/errors/intercept-console-error.js:56
[ 2762696ms] [ERROR] Failed to load resource: net::ERR_CONNECTION_REFUSED @ http://localhost:3060/api/products/updates?clientId=1l40w8wuc:0
[ 2765700ms] [ERROR] SSE connection error: Event @ webpack-internal:///(app-pages-browser)/./node_modules/next/dist/next-devtools/userspace/app/errors/intercept-console-error.js:56
[ 2765701ms] [ERROR] Failed to load resource: net::ERR_CONNECTION_REFUSED @ http://localhost:3060/api/products/updates?clientId=mrus2y4gw:0
[ 2765701ms] [ERROR] SSE connection error: Event @ webpack-internal:///(app-pages-browser)/./node_modules/next/dist/next-devtools/userspace/app/errors/intercept-console-error.js:56
[ 2765701ms] [ERROR] Failed to load resource: net::ERR_CONNECTION_REFUSED @ http://localhost:3060/api/products/updates?clientId=1l40w8wuc:0
[ 2768704ms] [ERROR] SSE connection error: Event @ webpack-internal:///(app-pages-browser)/./node_modules/next/dist/next-devtools/userspace/app/errors/intercept-console-error.js:56
[ 2768705ms] [ERROR] Failed to load resource: net::ERR_CONNECTION_REFUSED @ http://localhost:3060/api/products/updates?clientId=mrus2y4gw:0
[ 2768705ms] [ERROR] SSE connection error: Event @ webpack-internal:///(app-pages-browser)/./node_modules/next/dist/next-devtools/userspace/app/errors/intercept-console-error.js:56
[ 2768705ms] [ERROR] Failed to load resource: net::ERR_CONNECTION_REFUSED @ http://localhost:3060/api/products/updates?clientId=1l40w8wuc:0
[ 2771708ms] [ERROR] SSE connection error: Event @ webpack-internal:///(app-pages-browser)/./node_modules/next/dist/next-devtools/userspace/app/errors/intercept-console-error.js:56
[ 2771709ms] [ERROR] Failed to load resource: net::ERR_CONNECTION_REFUSED @ http://localhost:3060/api/products/updates?clientId=mrus2y4gw:0
[ 2771709ms] [ERROR] SSE connection error: Event @ webpack-internal:///(app-pages-browser)/./node_modules/next/dist/next-devtools/userspace/app/errors/intercept-console-error.js:56
[ 2771709ms] [ERROR] Failed to load resource: net::ERR_CONNECTION_REFUSED @ http://localhost:3060/api/products/updates?clientId=1l40w8wuc:0
[ 2774710ms] [ERROR] SSE connection error: Event @ webpack-internal:///(app-pages-browser)/./node_modules/next/dist/next-devtools/userspace/app/errors/intercept-console-error.js:56
[ 2774710ms] [ERROR] Failed to load resource: net::ERR_CONNECTION_REFUSED @ http://localhost:3060/api/products/updates?clientId=mrus2y4gw:0
[ 2774710ms] [ERROR] SSE connection error: Event @ webpack-internal:///(app-pages-browser)/./node_modules/next/dist/next-devtools/userspace/app/errors/intercept-console-error.js:56
[ 2774710ms] [ERROR] Failed to load resource: net::ERR_CONNECTION_REFUSED @ http://localhost:3060/api/products/updates?clientId=1l40w8wuc:0
[ 2777711ms] [ERROR] SSE connection error: Event @ webpack-internal:///(app-pages-browser)/./node_modules/next/dist/next-devtools/userspace/app/errors/intercept-console-error.js:56
[ 2777711ms] [ERROR] Failed to load resource: net::ERR_CONNECTION_REFUSED @ http://localhost:3060/api/products/updates?clientId=mrus2y4gw:0
[ 2777711ms] [ERROR] SSE connection error: Event @ webpack-internal:///(app-pages-browser)/./node_modules/next/dist/next-devtools/userspace/app/errors/intercept-console-error.js:56
[ 2777712ms] [ERROR] Failed to load resource: net::ERR_CONNECTION_REFUSED @ http://localhost:3060/api/products/updates?clientId=1l40w8wuc:0
[ 2780714ms] [ERROR] SSE connection error: Event @ webpack-internal:///(app-pages-browser)/./node_modules/next/dist/next-devtools/userspace/app/errors/intercept-console-error.js:56
[ 2780714ms] [ERROR] Failed to load resource: net::ERR_CONNECTION_REFUSED @ http://localhost:3060/api/products/updates?clientId=mrus2y4gw:0
[ 2780714ms] [ERROR] SSE connection error: Event @ webpack-internal:///(app-pages-browser)/./node_modules/next/dist/next-devtools/userspace/app/errors/intercept-console-error.js:56
[ 2780714ms] [ERROR] Failed to load resource: net::ERR_CONNECTION_REFUSED @ http://localhost:3060/api/products/updates?clientId=1l40w8wuc:0
[ 2783716ms] [ERROR] SSE connection error: Event @ webpack-internal:///(app-pages-browser)/./node_modules/next/dist/next-devtools/userspace/app/errors/intercept-console-error.js:56
[ 2783716ms] [ERROR] Failed to load resource: net::ERR_CONNECTION_REFUSED @ http://localhost:3060/api/products/updates?clientId=mrus2y4gw:0
[ 2783716ms] [ERROR] SSE connection error: Event @ webpack-internal:///(app-pages-browser)/./node_modules/next/dist/next-devtools/userspace/app/errors/intercept-console-error.js:56
[ 2783716ms] [ERROR] Failed to load resource: net::ERR_CONNECTION_REFUSED @ http://localhost:3060/api/products/updates?clientId=1l40w8wuc:0
[ 2786718ms] [ERROR] SSE connection error: Event @ webpack-internal:///(app-pages-browser)/./node_modules/next/dist/next-devtools/userspace/app/errors/intercept-console-error.js:56
[ 2786718ms] [ERROR] Failed to load resource: net::ERR_CONNECTION_REFUSED @ http://localhost:3060/api/products/updates?clientId=mrus2y4gw:0
[ 2786718ms] [ERROR] SSE connection error: Event @ webpack-internal:///(app-pages-browser)/./node_modules/next/dist/next-devtools/userspace/app/errors/intercept-console-error.js:56
[ 2786718ms] [ERROR] Failed to load resource: net::ERR_CONNECTION_REFUSED @ http://localhost:3060/api/products/updates?clientId=1l40w8wuc:0
[ 2789722ms] [ERROR] SSE connection error: Event @ webpack-internal:///(app-pages-browser)/./node_modules/next/dist/next-devtools/userspace/app/errors/intercept-console-error.js:56
[ 2789722ms] [ERROR] Failed to load resource: net::ERR_CONNECTION_REFUSED @ http://localhost:3060/api/products/updates?clientId=mrus2y4gw:0
[ 2789722ms] [ERROR] SSE connection error: Event @ webpack-internal:///(app-pages-browser)/./node_modules/next/dist/next-devtools/userspace/app/errors/intercept-console-error.js:56
[ 2789722ms] [ERROR] Failed to load resource: net::ERR_CONNECTION_REFUSED @ http://localhost:3060/api/products/updates?clientId=1l40w8wuc:0
[ 2792724ms] [ERROR] SSE connection error: Event @ webpack-internal:///(app-pages-browser)/./node_modules/next/dist/next-devtools/userspace/app/errors/intercept-console-error.js:56
[ 2792724ms] [ERROR] Failed to load resource: net::ERR_CONNECTION_REFUSED @ http://localhost:3060/api/products/updates?clientId=mrus2y4gw:0
[ 2792724ms] [ERROR] SSE connection error: Event @ webpack-internal:///(app-pages-browser)/./node_modules/next/dist/next-devtools/userspace/app/errors/intercept-console-error.js:56
[ 2792724ms] [ERROR] Failed to load resource: net::ERR_CONNECTION_REFUSED @ http://localhost:3060/api/products/updates?clientId=1l40w8wuc:0
[ 2795742ms] [ERROR] SSE connection error: Event @ webpack-internal:///(app-pages-browser)/./node_modules/next/dist/next-devtools/userspace/app/errors/intercept-console-error.js:56
[ 2795744ms] [ERROR] Failed to load resource: net::ERR_CONNECTION_REFUSED @ http://localhost:3060/api/products/updates?clientId=mrus2y4gw:0
[ 2795744ms] [ERROR] SSE connection error: Event @ webpack-internal:///(app-pages-browser)/./node_modules/next/dist/next-devtools/userspace/app/errors/intercept-console-error.js:56
[ 2795744ms] [ERROR] Failed to load resource: net::ERR_CONNECTION_REFUSED @ http://localhost:3060/api/products/updates?clientId=1l40w8wuc:0
[ 2798748ms] [ERROR] SSE connection error: Event @ webpack-internal:///(app-pages-browser)/./node_modules/next/dist/next-devtools/userspace/app/errors/intercept-console-error.js:56
[ 2798749ms] [ERROR] Failed to load resource: net::ERR_CONNECTION_REFUSED @ http://localhost:3060/api/products/updates?clientId=mrus2y4gw:0
[ 2798749ms] [ERROR] SSE connection error: Event @ webpack-internal:///(app-pages-browser)/./node_modules/next/dist/next-devtools/userspace/app/errors/intercept-console-error.js:56
[ 2798749ms] [ERROR] Failed to load resource: net::ERR_CONNECTION_REFUSED @ http://localhost:3060/api/products/updates?clientId=1l40w8wuc:0
[ 2802894ms] TypeError: Cannot read properties of null (reading 'addEventListener')
    at <anonymous>:1:36
    at https://www.googletagmanager.com/gtm.js?id=GTM-WQSRD52:879:429
    at fR (https://www.googletagmanager.com/gtm.js?id=GTM-WQSRD52:881:31)
    at Od.eR (https://www.googletagmanager.com/gtm.js?id=GTM-WQSRD52:878:92)
    at Od.<anonymous> (https://www.googletagmanager.com/gtm.js?id=GTM-WQSRD52:309:187)
    at k.apply (https://www.googletagmanager.com/gtm.js?id=GTM-WQSRD52:235:466)
    at kb (https://www.googletagmanager.com/gtm.js?id=GTM-WQSRD52:197:209)
    at jb (https://www.googletagmanager.com/gtm.js?id=GTM-WQSRD52:196:527)
    at Od.<anonymous> (https://www.googletagmanager.com/gtm.js?id=GTM-WQSRD52:259:473)
    at k.apply (https://www.googletagmanager.com/gtm.js?id=GTM-WQSRD52:235:466)
